Customer ID,Probabilidad_Recompra,Average_Order_Value,Expected_Revenue,Segmento_CRM
15749,0.6807101145973038,8264.865133333335,5625.977292042595,Dudoso (Incentivar)
13687,0.32042896410140903,11880.84,3806.9652538545847,Riesgo de Fuga
14088,0.9013117613251858,4132.432566666667,3724.610075219892,Alta Probabilidad
12357,0.5718402766246875,6039.995,3453.9124116117296,Dudoso (Incentivar)
12590,0.6449151459126341,4932.13,3180.80533861008,Dudoso (Incentivar)
12753,0.8256575632255452,3235.1275,2671.1074883739498,Alta Probabilidad
18052,0.2124996383140713,10877.18,2311.39681587705,Riesgo de Fuga
12477,0.8751676420966993,2326.7200000000003,2036.2700562192324,Alta Probabilidad
13340,0.8114196175339075,2507.0183333333334,2034.2438571838275,Alta Probabilidad
17940,0.8621601202024605,2254.0541272727273,1943.3555773123067,Alta Probabilidad
12454,0.5851507101652401,3287.86,1923.8936139238865,Dudoso (Incentivar)
14277,0.8684820711611149,2091.2342857142858,1816.1994837402776,Alta Probabilidad
12918,0.1558475796123063,10953.5,1707.076463283397,Riesgo de Fuga
12435,0.8280624544642972,2015.006,1668.5508141202856,Alta Probabilidad
12415,0.9160417201793299,1771.0425285714286,1622.3488443833216,Alta Probabilidad
17404,0.9114267573980286,1771.0425285714286,1614.1755490298626,Alta Probabilidad
12744,0.9011114921560106,1787.5525,1610.7841005822072,Alta Probabilidad
12451,0.8877205264091916,1788.4360000000001,1587.6313473691491,Alta Probabilidad
12409,0.5128933361266672,3086.6549999999997,1583.124780422058,Dudoso (Incentivar)
12557,0.8384473627074369,1826.6333333333334,1531.535900966828,Alta Probabilidad
12346,0.7304250829320618,2066.2162833333336,1509.2162001093266,Alta Probabilidad
13902,0.2987298621935355,4958.919080000001,1481.3772133972939,Riesgo de Fuga
12539,0.8675552058021655,1694.015,1469.6515319569555,Alta Probabilidad
17107,0.8879896634858335,1562.1000000000001,1387.1286533312207,Alta Probabilidad
12678,0.9122532216081914,1502.9386666666667,1371.0606405461865,Alta Probabilidad
12497,0.5197185202108738,2602.7000000000003,1352.6713925528416,Dudoso (Incentivar)
17133,0.873880572827271,1526.1100000000001,1333.6378809974267,Alta Probabilidad
14063,0.5165712096629365,2523.355555555556,1303.4928317430245,Dudoso (Incentivar)
18251,0.45781918620756457,2745.5175,1256.950587568627,Dudoso (Incentivar)
12731,0.9119612961076488,1373.6263636363635,1252.6940789494545,Alta Probabilidad
14439,0.663178712857558,1888.6080000000002,1252.484622532487,Dudoso (Incentivar)
13802,0.8848482474827832,1377.263888888889,1218.6695384046561,Alta Probabilidad
12939,0.8650997284352802,1394.088,1206.0251502148828,Alta Probabilidad
15760,0.17310812995403105,6958.17,1204.5157966022402,Riesgo de Fuga
15032,0.8736212142076505,1376.25625,1202.3266561858677,Alta Probabilidad
13139,0.8357878115696925,1436.0200000000002,1200.20801317031,Alta Probabilidad
12511,0.3871652713710165,3084.02,1194.0254402136422,Riesgo de Fuga
17450,0.9148027459377452,1304.978705263158,1193.7981029650205,Alta Probabilidad
12758,0.8116589348442357,1446.9733333333334,1174.4488344813465,Alta Probabilidad
13334,0.8350155265592651,1352.0175,1128.9556046798411,Alta Probabilidad
13316,0.8868328164967594,1261.4814285714288,1118.7231282583557,Alta Probabilidad
12714,0.9011192297342079,1238.53,1116.0631996027084,Alta Probabilidad
12356,0.8675773074917356,1262.676,1095.4690443144345,Alta Probabilidad
12625,0.8431063898510983,1291.22,1088.6358327035352,Alta Probabilidad
17340,0.9144760384936254,1187.9518181818182,1086.3534726122086,Alta Probabilidad
16873,0.9066607812750928,1191.9133333333332,1080.6610740121998,Alta Probabilidad
14733,0.9172056022133356,1150.62,1055.355110018708,Alta Probabilidad
12668,0.9038906342964369,1166.7055555555555,1054.5742246482878,Alta Probabilidad
13437,0.7228949603698392,1440.9,1041.6193483969014,Alta Probabilidad
15251,0.8960455377428296,1161.2725,1040.5530417284601,Alta Probabilidad
16652,0.8961063795483083,1152.5866666666668,1032.8402649823197,Alta Probabilidad
14105,0.8580927194943356,1197.766,1027.7942842578525,Alta Probabilidad
14258,0.9073017429099286,1127.0270636363637,1022.5536191439318,Alta Probabilidad
15838,0.9057415676606017,1127.0270636363637,1020.7952594139247,Alta Probabilidad
14286,0.8615082635512159,1180.218,1016.767559791889,Alta Probabilidad
12770,0.6261515057132079,1623.225,1016.3847778613218,Dudoso (Incentivar)
12433,0.7032954343881408,1441.078,1013.5035779971931,Alta Probabilidad
14062,0.9124184062688865,1108.635,1011.538979833907,Alta Probabilidad
17084,0.446647531527854,2253.22,1006.3951509891912,Dudoso (Incentivar)
14936,0.8598594094086675,1170.03,1006.0613047904232,Alta Probabilidad
13135,0.5904912222143273,1685.725,995.4058155672468,Dudoso (Incentivar)
16118,0.22715090304288177,4376.25,994.0691394414114,Riesgo de Fuga
12501,0.4566868898143137,2169.39,990.731971894274,Dudoso (Incentivar)
13373,0.7433981785550398,1315.66,978.0592475977237,Alta Probabilidad
14028,0.2821729147008232,3465.5,977.8702358957028,Riesgo de Fuga
13344,0.5891813778563609,1656.15,975.7727389368122,Dudoso (Incentivar)
14145,0.7812576981014543,1246.6125,973.9256121744992,Alta Probabilidad
16152,0.530987055259177,1829.04,971.196563551245,Dudoso (Incentivar)
14459,0.27253728744594796,3537.821,964.188138809311,Riesgo de Fuga
15786,0.5306544693549083,1791.31,950.5666575001409,Dudoso (Incentivar)
13081,0.9180597112084449,1033.1081416666668,948.4549621855933,Alta Probabilidad
14016,0.904719136363946,1042.683,943.3352632613683,Alta Probabilidad
16320,0.8645403722603955,1088.642,941.1749599383015,Alta Probabilidad
17308,0.4139964114002355,2255.88,933.9262245495634,Dudoso (Incentivar)
12633,0.889790661515951,1048.7459999999999,933.1643971022074,Alta Probabilidad
12406,0.8109661822824401,1149.0775,931.8629933216506,Alta Probabilidad
13225,0.8928852617889896,1041.393076923077,929.844530113703,Alta Probabilidad
13124,0.8178705083947475,1133.9333333333334,927.4106318190841,Alta Probabilidad
12705,0.9145210993068563,1007.23875,921.1410889144638,Alta Probabilidad
14091,0.19259188712947992,4765.04,917.708045847457,Riesgo de Fuga
16131,0.8958174700310634,1014.425,908.7396370362615,Alta Probabilidad
15382,0.9131699483725424,990.4960000000001,904.4911811832098,Alta Probabilidad
15125,0.9177736712039047,985.1623076923078,904.1560278624801,Alta Probabilidad
17381,0.9054360452773498,991.7838160000001,897.9968161291189,Alta Probabilidad
13572,0.6459877332170285,1384.25,894.2085197056717,Dudoso (Incentivar)
15150,0.8870318502402135,1000.936,887.8621120520384,Alta Probabilidad
12766,0.8955354048997212,990.8449999999999,887.3367782678641,Alta Probabilidad
14049,0.919360549123714,951.1354545454545,874.4364137819424,Alta Probabilidad
13458,0.9170494472727825,952.5311111111112,873.5181289545739,Alta Probabilidad
15296,0.8986878242999106,969.7511111111112,871.5035161568653,Alta Probabilidad
16180,0.8957934592315027,971.2355555555556,870.0264580397414,Alta Probabilidad
12428,0.809795010761869,1051.7566666666667,851.7073012022008,Alta Probabilidad
13881,0.9148208418570786,918.3183481481482,840.0967643456906,Alta Probabilidad
18008,0.8921734892362926,938.4904761904761,837.2963227578869,Alta Probabilidad
17686,0.897815644695626,932.35,837.078416331967,Alta Probabilidad
12380,0.8853510555397008,944.88,836.5505053583526,Alta Probabilidad
17857,0.9007886821871212,925.184,833.3952761406094,Alta Probabilidad
12709,0.9072011547521891,918.3183481481482,833.0994658701228,Alta Probabilidad
16546,0.7847696810968572,1061.414,832.9655262917396,Alta Probabilidad
12818,0.5399500740005522,1542.08,832.6462101147714,Dudoso (Incentivar)
12669,0.7308276251973134,1136.3,830.4394305117072,Alta Probabilidad
15980,0.8440235069940556,981.0,827.9870603611686,Alta Probabilidad
16732,0.652176915156672,1261.2966666666666,822.5885691640598,Dudoso (Incentivar)
16210,0.9187738580500824,894.5338461538462,821.8743129871481,Alta Probabilidad
13952,0.8971790879139011,915.9657857142857,821.7853481874827,Alta Probabilidad
16532,0.6291899120125767,1306.08,821.7723602813861,Dudoso (Incentivar)
12578,0.7060692329747738,1152.2,813.5329702335343,Alta Probabilidad
13505,0.8458991666390032,958.045,810.4094671026638,Alta Probabilidad
15523,0.7183499767639823,1123.1453333333334,806.8114241025752,Alta Probabilidad
16072,0.7705028397764753,1045.0225,805.1928038803117,Alta Probabilidad
12700,0.731339480073692,1092.43,798.9371882169033,Alta Probabilidad
15497,0.7598965081957242,1045.7237499999999,794.6418261623384,Alta Probabilidad
13763,0.4522396291467873,1751.24,791.9801281470197,Dudoso (Incentivar)
13027,0.8936871297273526,885.45,791.3152690170845,Alta Probabilidad
14930,0.7914589750617358,994.475,787.0861642245197,Alta Probabilidad
14737,0.5570285779599542,1411.81,786.4185166496429,Dudoso (Incentivar)
13098,0.9147888937842851,859.4411111111111,786.2071833060702,Alta Probabilidad
14607,0.8745853290084848,894.2922222222222,782.1348574019513,Alta Probabilidad
15228,0.7535290055555116,1032.8033333333333,778.2472687010842,Alta Probabilidad
16253,0.8808235640239589,881.4566666666666,776.407802666012,Alta Probabilidad
14895,0.9086513121983637,852.4100000000001,774.5434650310073,Alta Probabilidad
17044,0.7668440975575038,1001.2563636363636,767.8075325964352,Alta Probabilidad
12585,0.7506146760880963,1020.05,765.6645003436626,Alta Probabilidad
14426,0.8736088067845719,874.1850000000001,763.695714758971,Alta Probabilidad
16705,0.921716074417516,826.4865133333334,761.7859046286201,Alta Probabilidad
14769,0.9201321141063492,825.4907692307692,759.5605666675841,Alta Probabilidad
13680,0.7517512183455277,1009.2139999999999,758.6778540713634,Alta Probabilidad
15502,0.8651982073018853,876.5666666666666,758.4039085805892,Alta Probabilidad
17625,0.8425664879977063,900.106,758.3991512456635,Alta Probabilidad
12653,0.5501385927501741,1365.04,750.9611846476976,Dudoso (Incentivar)
16398,0.6374168174151302,1169.95,745.7458055348317,Dudoso (Incentivar)
14565,0.8471553510543206,879.2166666666667,744.8331039028096,Alta Probabilidad
15640,0.9209091492938184,808.444090909091,744.5035600107053,Alta Probabilidad
12481,0.9194794054126406,807.4783333333334,742.4596978169234,Alta Probabilidad
16182,0.8839074788356193,838.7142857142857,741.3458297491314,Alta Probabilidad
18087,0.8523412955999001,869.295,740.9360265585151,Alta Probabilidad
12472,0.8728259361850587,848.4013333333334,740.5066880273187,Alta Probabilidad
13658,0.8561875043782979,863.926,739.6826459075255,Alta Probabilidad
15123,0.8385556860278907,881.5825,739.2560180776829,Alta Probabilidad
17139,0.9206956615093335,801.2876470588235,737.7420602680808,Alta Probabilidad
15481,0.3696197830020708,1993.34,736.7778982493478,Riesgo de Fuga
13235,0.7133689359368891,1031.07,735.5333087764482,Alta Probabilidad
14935,0.5150753101079063,1424.915,733.9385355024073,Dudoso (Incentivar)
17829,0.771058158869159,951.348,733.5446373238566,Alta Probabilidad
15067,0.7385262247731583,988.7233333333334,730.1981107117997,Alta Probabilidad
16333,0.8915277171931608,817.95,729.2250962781459,Alta Probabilidad
12949,0.9073174771850189,800.5988235294118,726.397304802,Alta Probabilidad
14154,0.8989068332378807,807.5875,725.945922187497,Alta Probabilidad
12754,0.7233210113211952,1003.5799999999999,725.910500541725,Alta Probabilidad
14146,0.9076221481450965,795.8922222222222,722.3694084253078,Alta Probabilidad
13205,0.2575110398984137,2803.2,721.8549470432332,Riesgo de Fuga
17589,0.9074862696624459,790.324375,717.208518892054,Alta Probabilidad
13014,0.8809455555862723,810.7075,714.1891690054579,Alta Probabilidad
12656,0.8882740531955668,803.2520000000001,713.5079097774455,Alta Probabilidad
16126,0.9092517165440448,784.6792307692308,713.4709375133838,Alta Probabilidad
17722,0.8924363601370885,799.265,713.29314738497,Alta Probabilidad
13735,0.9089197016142025,781.438,710.2643937899992,Alta Probabilidad
17416,0.9199470627351405,769.6133333333333,708.0035254418005,Alta Probabilidad
17716,0.8974301308457499,783.5066666666667,703.1424903851839,Alta Probabilidad
14676,0.9093111646705851,773.0077777777777,702.9046027105319,Alta Probabilidad
17409,0.898762405967821,779.351,700.4513798534273,Alta Probabilidad
12354,0.6456786390261086,1079.4,696.9455229647816,Dudoso (Incentivar)
18079,0.631616758411708,1101.805,695.9185025018119,Dudoso (Incentivar)
14226,0.8471855614089101,820.7800000000001,695.3529650932053,Alta Probabilidad
13815,0.7778904696228638,892.0780000000001,693.9389743602252,Alta Probabilidad
15939,0.910873454143481,757.773,690.2353099666681,Alta Probabilidad
12876,0.7943041119780567,863.4000000000001,685.8021702818543,Alta Probabilidad
15823,0.5285889661040803,1294.0566666666666,684.0240755134258,Dudoso (Incentivar)
13362,0.8796126449717516,776.972,683.4343959889918,Alta Probabilidad
14442,0.8886076576771746,766.7171428571428,681.3107244152213,Alta Probabilidad
15769,0.9064146756453137,751.3513757575759,681.0359135529634,Alta Probabilidad
12980,0.9008159533395096,754.2031578947368,679.398236690616,Alta Probabilidad
13001,0.9230584698784419,735.6393333333333,679.0381174090637,Alta Probabilidad
12455,0.8834694294152378,768.0557142857143,678.5537436591129,Alta Probabilidad
14828,0.8954630712398114,756.8815384615385,677.7594669954827,Alta Probabilidad
14842,0.7978074143232371,844.24,673.5409314682497,Alta Probabilidad
15791,0.8331089427499527,804.7225,670.4215111820988,Alta Probabilidad
14101,0.9029419277198067,740.4118181818181,668.5488744156179,Alta Probabilidad
18092,0.907420324828102,735.3928571428571,667.3104253048374,Alta Probabilidad
13178,0.90502485852237,736.8613333333334,666.877823950605,Alta Probabilidad
17204,0.8988450721161871,741.47,666.4666556219893,Alta Probabilidad
12385,0.3436998478486168,1938.4,666.2277850697589,Riesgo de Fuga
12621,0.9216878421457949,719.0939999999999,662.7801971599882,Alta Probabilidad
15665,0.8227455490040636,805.32,662.5734455239525,Alta Probabilidad
16767,0.9044675422456265,732.1742857142857,662.2278766954471,Alta Probabilidad
15673,0.8941498322299266,739.1614285714286,660.9210673479757,Alta Probabilidad
17428,0.9221928283024662,716.6243333333333,660.8658207870359,Alta Probabilidad
12769,0.5754745254859768,1143.6,658.1126673457629,Dudoso (Incentivar)
14245,0.7712040943779372,846.725,652.9977868121589,Alta Probabilidad
12749,0.8867772024985193,733.116,650.1105555869045,Alta Probabilidad
12480,0.8594758917810836,754.0980000000001,648.1290510403317,Alta Probabilidad
16283,0.847594170314672,764.33,647.8416521966133,Alta Probabilidad
15950,0.7781809594793757,829.2885714285715,645.3365761995665,Alta Probabilidad
12757,0.869478736922573,740.9050000000001,644.201143579619,Alta Probabilidad
13523,0.8761424552281852,734.7325,643.7303364859425,Alta Probabilidad
13198,0.8788600173834553,732.148,643.4556040072621,Alta Probabilidad
13869,0.8915025031481971,720.7088888888889,642.5137784856003,Alta Probabilidad
17677,0.9059749504366007,708.4170114285715,641.8080668174449,Alta Probabilidad
15202,0.3206111791274556,2000.4966666666667,641.3815951405445,Riesgo de Fuga
15856,0.9221681535340078,695.4093939393939,641.2843967592943,Alta Probabilidad
16258,0.9044165018292653,706.4972727272727,638.9677919519164,Alta Probabilidad
13381,0.9026768460481633,707.05125,638.2387923444114,Alta Probabilidad
12957,0.895247910773401,711.6355555555556,637.0902443431797,Alta Probabilidad
13501,0.6624585953866611,961.7033333333334,637.08863937867,Dudoso (Incentivar)
14961,0.9139902435004537,696.9516666666667,637.0070235247138,Alta Probabilidad
12681,0.9228361733010942,688.7387611111112,635.5930427079144,Alta Probabilidad
12643,0.8961795634596438,708.0111111111112,634.5050884801329,Alta Probabilidad
13629,0.898579002026706,705.5416666666666,633.9849267215922,Alta Probabilidad
15704,0.8580046886815247,737.09,632.426675980265,Alta Probabilidad
15808,0.7729888131111874,818.1071428571429,632.3876693549275,Alta Probabilidad
17669,0.8721305987541115,724.4383333333334,631.8048374104307,Alta Probabilidad
13615,0.8044616200912774,784.06625,630.7512057338926,Alta Probabilidad
17876,0.5522846296711337,1141.34,630.3445392288517,Dudoso (Incentivar)
17937,0.7564196037857448,831.87,629.2427758012475,Alta Probabilidad
12377,0.7341852602682353,856.58,628.888410240565,Alta Probabilidad
14329,0.8933968678109917,703.798,628.7709287716403,Alta Probabilidad
14921,0.6957383320524075,903.01,628.2586712266445,Dudoso (Incentivar)
14031,0.911319407253995,688.7387611111112,627.6609995286287,Alta Probabilidad
14175,0.7866109021381951,796.5266666666666,626.556559843796,Alta Probabilidad
14564,0.4782775323412839,1302.81,623.1047519095481,Dudoso (Incentivar)
12429,0.8953017643334032,695.5816666666666,622.7554934046358,Alta Probabilidad
12524,0.9189268283474593,676.6978571428572,621.8358156138079,Alta Probabilidad
16191,0.9006302529316237,690.1568421052632,621.5761312677539,Alta Probabilidad
13488,0.9223165243915521,673.005,620.7236324981366,Alta Probabilidad
15379,0.91324391648848,678.1485714285715,619.3150573324964,Alta Probabilidad
18055,0.9166232545806686,674.383,618.1551402938751,Alta Probabilidad
12540,0.9220108799344903,667.685652173913,615.6134356805036,Alta Probabilidad
12764,0.36319186761146616,1693.88,615.2034407097103,Riesgo de Fuga
17597,0.8811582324161249,696.818,614.0069171957393,Alta Probabilidad
12468,0.8361947760166142,734.1479999999999,613.8907224230452,Alta Probabilidad
12359,0.9104629425956665,673.2322222222223,612.9529900946642,Alta Probabilidad
16019,0.9146596778055545,668.0175,611.008671318472,Alta Probabilidad
12901,0.9083631296547804,671.8166666666667,610.2534898875757,Alta Probabilidad
16938,0.8014724224012282,758.5466666666666,607.9542344377103,Alta Probabilidad
13357,0.7944261857833741,761.102,604.6393588520975,Alta Probabilidad
15333,0.5866438926620178,1028.56,603.398442236445,Dudoso (Incentivar)
14875,0.6766605939012467,879.54,595.1500587599024,Dudoso (Incentivar)
17338,0.9210333819836707,644.0457142857142,593.1876023806602,Alta Probabilidad
12967,0.6049285693564562,979.5066666666667,592.5315665417779,Dudoso (Incentivar)
16940,0.8562888319187018,689.2433333333333,590.1913688077524,Alta Probabilidad
16308,0.837355354306703,704.0,589.498169431919,Alta Probabilidad
13451,0.9107694210448344,642.3644444444444,585.0458931664533,Alta Probabilidad
15513,0.9220699509443737,633.8675000000001,584.4701746302329,Alta Probabilidad
17088,0.5750418224442925,1015.83,584.1447344935857,Dudoso (Incentivar)
17272,0.8240397632451961,704.72,580.7173019541547,Alta Probabilidad
16341,0.8662863247821863,669.1425,579.668997080564,Alta Probabilidad
15498,0.9232111152576078,626.6436666666667,578.52439837245,Alta Probabilidad
15281,0.9222136990721094,626.0638461538462,577.3646554168505,Alta Probabilidad
13107,0.8055166341092302,714.715,575.7148211473785,Alta Probabilidad
14766,0.9083653557229423,633.57125,575.5141738820791,Alta Probabilidad
13707,0.853818846620219,673.172,574.7669406170261,Alta Probabilidad
16698,0.5752748519894564,999.0,574.6995771374669,Dudoso (Incentivar)
16327,0.9127329116394804,629.215,574.3052389972357,Alta Probabilidad
15265,0.6736989915597327,850.5866666666667,573.0393795674878,Dudoso (Incentivar)
14257,0.8846665981053927,647.5533333333334,572.8688044918075,Alta Probabilidad
16626,0.8231161020275051,695.9399999999999,572.8394200450218,Alta Probabilidad
15978,0.524260300012753,1090.32,571.6114903099049,Dudoso (Incentivar)
14655,0.8286385509833206,689.21,571.1059757232144,Alta Probabilidad
16684,0.9212089858782413,619.8648850000001,571.0251020923828,Alta Probabilidad
13771,0.8762667324449556,651.3171428571429,570.727544556813,Alta Probabilidad
12567,0.9170150207858067,620.290909090909,568.8160808932469,Alta Probabilidad
15727,0.9135488511318138,620.3016666666666,566.6758749384826,Alta Probabilidad
15332,0.6943977689645684,815.4466666666667,566.2443460429274,Dudoso (Incentivar)
17337,0.8699230119389032,649.37,564.9019062627656,Alta Probabilidad
13122,0.6251037428140787,903.67,564.8874992687985,Dudoso (Incentivar)
15480,0.42039874474149386,1343.375,564.7531637171043,Dudoso (Incentivar)
16709,0.9139677139324078,616.2099999999999,563.196045002289,Alta Probabilidad
13339,0.6543963661670841,860.12,562.8594024676323,Dudoso (Incentivar)
13174,0.8493186757708708,662.4181818181819,562.6041329883662,Alta Probabilidad
12798,0.36631031552396615,1533.8899999999999,561.8797298790564,Riesgo de Fuga
14038,0.7565241076198082,741.94,561.2954964074405,Alta Probabilidad
16584,0.7926016978192365,708.0075,561.1679465687531,Alta Probabilidad
13209,0.8994119600520983,622.5425,559.9221701407334,Alta Probabilidad
16609,0.843666806041392,662.5400000000001,558.9630056746639,Alta Probabilidad
13157,0.8803437387115812,634.8685714285714,558.9025717619091,Alta Probabilidad
12916,0.884765656089348,631.0600000000001,558.340214931744,Alta Probabilidad
12531,0.30864075391369383,1807.98,558.0163102608802,Riesgo de Fuga
15903,0.8765554504543118,636.3885714285715,557.8298708925474,Alta Probabilidad
14844,0.8872334106521965,626.7385714285714,556.0634003158567,Alta Probabilidad
13758,0.9189948752763819,604.5461538461539,555.5748172526626,Alta Probabilidad
14292,0.9112199471519566,608.8366666666666,554.7841152241733,Alta Probabilidad
17828,0.6651046284714279,833.16,554.1385722572549,Dudoso (Incentivar)
17389,0.9155419284714623,604.7462292682927,553.6705289801378,Alta Probabilidad
18287,0.8891288664975303,622.198,553.2142024770303,Alta Probabilidad
15179,0.9025657051736523,612.7354545454546,553.0340076167166,Alta Probabilidad
17160,0.9102185077850422,607.4,552.8667216286347,Alta Probabilidad
12759,0.8417558836966361,655.6833333333333,551.925303675156,Alta Probabilidad
17865,0.9129249697950131,604.470606060606,551.836309779852,Alta Probabilidad
13692,0.8825407724264505,624.415,551.071696414662,Alta Probabilidad
13448,0.9124483841493237,603.1363636363636,550.3308004216989,Alta Probabilidad
15034,0.9159976898716561,599.7654545454545,549.3837708284601,Alta Probabilidad
14544,0.539196344171749,1018.0,548.9018783668405,Dudoso (Incentivar)
13055,0.7554529966541709,725.78,548.2926759116641,Alta Probabilidad
16779,0.9055175939453477,604.7462292682927,547.608350474546,Alta Probabilidad
14639,0.8477666923120697,645.92,547.589461898212,Alta Probabilidad
12517,0.7303544065516734,749.7,547.5466985917895,Alta Probabilidad
17593,0.7874068061879926,690.1942857142857,543.4636781634886,Alta Probabilidad
15093,0.9128528808690015,595.3352380952381,543.453487178071,Alta Probabilidad
14866,0.6719622051745322,807.54,542.6363591666417,Dudoso (Incentivar)
16244,0.7119276714166112,761.375,542.0439308248224,Alta Probabilidad
12857,0.8803332438064457,614.6666666666666,541.111500526362,Alta Probabilidad
15370,0.8724045909706056,620.225,541.0871374347439,Alta Probabilidad
15676,0.6015069757985553,897.8,540.0329628719429,Dudoso (Incentivar)
15023,0.9176531754936056,587.2015384615385,538.8473564239614,Alta Probabilidad
13654,0.9019084655517824,596.68875,538.1586349245111,Alta Probabilidad
13162,0.9065407098856643,592.8426666666667,537.4360118905103,Alta Probabilidad
15057,0.8231483268395827,651.192,536.0276052513216,Alta Probabilidad
16303,0.7893274665642332,678.964,535.9249340083181,Alta Probabilidad
13734,0.32000909406229033,1673.9225000000001,535.6704227554842,Riesgo de Fuga
13953,0.8789890390030877,609.375,535.6339456425065,Alta Probabilidad
16003,0.7902791543590307,676.5766666666667,534.6844359923851,Alta Probabilidad
12886,0.6875090821931272,775.0,532.8195386996736,Dudoso (Incentivar)
17706,0.922913530672116,576.7857894736842,532.3234094046617,Alta Probabilidad
13555,0.9173234482532893,580.2736363636363,532.2986130395661,Alta Probabilidad
17735,0.9231577814981098,576.5570588235294,532.2531353306046,Alta Probabilidad
12671,0.20259121750894926,2622.481,531.2916186840869,Riesgo de Fuga
18133,0.5688185201805996,931.4999999999999,529.8544515482286,Dudoso (Incentivar)
12637,0.9060575014072185,583.5075,528.6913475023727,Alta Probabilidad
14756,0.5517160430167919,957.4,528.2129395842766,Dudoso (Incentivar)
13115,0.9058991228278414,582.6385714285715,527.8117707828095,Alta Probabilidad
14505,0.9190068634617219,573.719375,527.2520433259695,Alta Probabilidad
14700,0.8702155165242467,605.515,526.9285484881792,Alta Probabilidad
17082,0.7819150886052985,673.024,526.2476205934923,Alta Probabilidad
15764,0.8998875528869641,583.5260000000001,525.1077841859187,Alta Probabilidad
16772,0.4259671897739591,1232.6833333333332,525.0826553811964,Dudoso (Incentivar)
12476,0.9167995197910985,571.3288235294118,523.793991054578,Alta Probabilidad
14415,0.9223563969734755,566.0213333333334,522.0733976234559,Alta Probabilidad
17672,0.8288153821298762,629.7166666666667,521.9188597168852,Alta Probabilidad
15146,0.6255531213549437,834.22,521.8489248967211,Dudoso (Incentivar)
15826,0.6260451857622523,831.985,520.8602038764075,Dudoso (Incentivar)
14045,0.7379120592518527,705.242,520.4065764908951,Alta Probabilidad
12456,0.5530930488270765,940.1700000000001,520.0014917157526,Dudoso (Incentivar)
14855,0.44170399522156656,1174.9299999999998,518.9712751056751,Dudoso (Incentivar)
13722,0.8780883235633212,590.43375,518.4529817127052,Alta Probabilidad
16951,0.49156438098538935,1053.79,518.0056290385934,Dudoso (Incentivar)
12347,0.8505881037723366,608.74,517.7870022903722,Alta Probabilidad
18094,0.9029521542727658,572.38,516.8317540626457,Alta Probabilidad
14903,0.8609662247183223,598.9766666666667,515.698679394365,Alta Probabilidad
13253,0.6452917050986289,799.0633333333334,515.6289408484607,Dudoso (Incentivar)
17511,0.9130535148920828,563.5135318181818,514.5180109158424,Alta Probabilidad
13562,0.8439192248793628,607.02,512.2758478862708,Alta Probabilidad
12349,0.5748777133178504,890.38,511.85961838394763,Dudoso (Incentivar)
12370,0.8576508648454754,596.2133333333334,511.34288096573704,Alta Probabilidad
13520,0.9069235434111214,563.7366666666667,511.26605528410755,Alta Probabilidad
18178,0.9107478915389111,561.287,511.19095179820084,Alta Probabilidad
12727,0.9080796284448824,562.4037500000001,510.7073883360086,Alta Probabilidad
14817,0.8999818248813563,565.6942857142857,509.11457558209815,Alta Probabilidad
12867,0.9161173149169286,554.931,508.3818976841661,Alta Probabilidad
17138,0.80552011245264,631.0385714285715,508.3142610190962,Alta Probabilidad
13941,0.8667596116092554,586.0983333333334,508.0063637648319,Alta Probabilidad
12840,0.8757736565542988,578.634,506.7524139866402,Alta Probabilidad
17702,0.8638118936954061,586.49,506.61703753341874,Alta Probabilidad
12583,0.9201463936225233,550.1523529411764,506.2207035017691,Alta Probabilidad
14134,0.6825552044015843,741.5566666666667,506.15336219202425,Dudoso (Incentivar)
16644,0.6982019654466682,722.41,504.38808185832755,Dudoso (Incentivar)
15299,0.8633435102636069,583.5042857142856,503.76463828243,Alta Probabilidad
12710,0.6999192490685704,718.96,503.2139433103394,Dudoso (Incentivar)
16656,0.8980846658113772,560.2309523809524,503.1348276462373,Alta Probabilidad
12615,0.5822764176809663,862.4475,502.18284073790517,Dudoso (Incentivar)
14934,0.8210081550359858,610.35,501.10232742621395,Alta Probabilidad
17977,0.409526830528535,1223.31,500.9782670538621,Dudoso (Incentivar)
13425,0.6929318256815984,722.5966666666667,500.71022746477075,Dudoso (Incentivar)
14913,0.866054702850328,576.9216666666667,499.64572259291606,Alta Probabilidad
14535,0.8785092693050336,567.3228571428572,498.3983886886154,Alta Probabilidad
15934,0.4544370737725531,1095.33,497.7585600152906,Dudoso (Incentivar)
16358,0.734590811110049,677.1500000000001,497.42816774316975,Alta Probabilidad
15416,0.8684000880032523,572.586,497.23373278943023,Alta Probabilidad
15249,0.9171882513278724,541.891,497.01605870031204,Alta Probabilidad
18223,0.9177965332308636,540.7257894736842,496.2762550074692,Alta Probabilidad
12613,0.9040988379771134,548.39,495.7987617582692,Alta Probabilidad
13329,0.8010175035819753,617.71,494.796522137622,Alta Probabilidad
13935,0.24210479293643078,2038.9733333333334,493.64521666957074,Riesgo de Fuga
13151,0.599821086661138,821.7366666666667,492.8949803493013,Dudoso (Incentivar)
15050,0.41917026121994666,1174.75,492.42026436813234,Dudoso (Incentivar)
14290,0.6602424299042321,744.8675000000001,491.79312815669067,Dudoso (Incentivar)
12520,0.8687793853507799,565.8533333333334,491.60171113202335,Alta Probabilidad
15245,0.8970590117983773,547.5314285714286,491.1680022428396,Alta Probabilidad
13297,0.6455477147937169,759.59,490.3515886801594,Dudoso (Incentivar)
13365,0.6988298670415342,700.6,489.60020484929885,Dudoso (Incentivar)
16984,0.5799983159520445,841.5728571428572,488.11083989380774,Dudoso (Incentivar)
18173,0.8405850037626725,579.59,487.1946623308074,Alta Probabilidad
15998,0.9052006655273438,536.103076923077,485.28086202202604,Alta Probabilidad
14572,0.8945409006894248,542.2385714285714,485.05458007426125,Alta Probabilidad
17504,0.9197470101746952,527.2316666666667,484.9197490860882,Alta Probabilidad
16843,0.9164240817971511,528.6704,484.48628589333254,Alta Probabilidad
15218,0.9054564153395974,533.5142857142857,483.07393267532296,Alta Probabilidad
16563,0.7238318963537911,666.964,482.76981691970997,Alta Probabilidad
18230,0.8802618811062182,547.032,481.53141734529675,Alta Probabilidad
18093,0.8326988714793376,577.285,480.7045680219494,Alta Probabilidad
12502,0.7818358844024017,614.2166666666667,480.2166307980285,Alta Probabilidad
12592,0.8080582003386276,594.215,480.1603035142176,Alta Probabilidad
14800,0.9213649461572931,520.4708333333333,479.5435813306081,Alta Probabilidad
16553,0.921911644549762,519.8456666666667,479.25177346873414,Alta Probabilidad
15832,0.572086118116417,836.79,478.71594277863653,Dudoso (Incentivar)
16749,0.22941248248977844,2078.94,476.9347863473,Riesgo de Fuga
17400,0.8696393610612564,547.4371428571428,476.0728871354854,Alta Probabilidad
15834,0.8462253537310735,562.402,475.91883138906326,Alta Probabilidad
12683,0.9217387872233518,515.25375,474.9293666372841,Alta Probabilidad
15622,0.9152177098022852,518.85,474.8607087309157,Alta Probabilidad
12510,0.7780499577877442,609.5625,474.2700773939918,Alta Probabilidad
16265,0.8683768346879523,545.41375,473.6246658202862,Alta Probabilidad
13461,0.5226793234289348,905.0,473.02478770318595,Dudoso (Incentivar)
17809,0.9028659184971461,523.1914285714286,472.3717097069769,Alta Probabilidad
17508,0.8248714155348049,572.40375,472.15949151993055,Alta Probabilidad
15485,0.8044117784504834,585.7583333333333,471.19090265885774,Alta Probabilidad
13113,0.9200674303550619,511.7334482758621,470.8292787819074,Alta Probabilidad
12911,0.28450516387565333,1651.72,469.92286927669414,Riesgo de Fuga
17819,0.9060717869282158,518.52,469.8163429580184,Alta Probabilidad
14367,0.9122450623207359,514.59625,469.43788815126703,Alta Probabilidad
17426,0.8856117855752041,529.29875,468.7532110902236,Alta Probabilidad
16839,0.9210110686288931,508.63208333333336,468.4557786097736,Alta Probabilidad
15159,0.9207724893957439,508.4216666666667,468.1406836793998,Alta Probabilidad
16336,0.5314767318206691,879.4225,467.3925961895624,Dudoso (Incentivar)
16525,0.9191525846095037,508.18315789473684,467.09786303396686,Alta Probabilidad
13934,0.5064805234074163,922.1,467.0256906339786,Dudoso (Incentivar)
12358,0.5147917255592661,906.3366666666667,466.5746165709667,Dudoso (Incentivar)
14364,0.8621824506717873,540.4625,465.97728274620084,Alta Probabilidad
14243,0.9099901611702379,511.83750000000003,465.7670891179717,Alta Probabilidad
16275,0.6493337464786038,717.0366666666667,465.5961051291965,Dudoso (Incentivar)
15367,0.9062979722431159,513.3244444444445,465.22490310282404,Alta Probabilidad
13078,0.9105338997054016,508.7141463414634,463.201475503597,Alta Probabilidad
14431,0.7081264150695638,653.55,462.79601856871335,Alta Probabilidad
13183,0.9043142434873943,511.72,462.75568467736946,Alta Probabilidad
16214,0.8042642167902132,575.0566666666667,462.49749962665743,Alta Probabilidad
13777,0.9137901600118731,506.0121510204082,462.3889244488909,Alta Probabilidad
15782,0.3296550426965473,1399.36,461.30608054784034,Riesgo de Fuga
12931,0.9108603904823379,506.0121510204082,460.9064254672568,Alta Probabilidad
12849,0.8523051854339894,540.2059999999999,460.42037500255356,Alta Probabilidad
15811,0.8978959716273988,512.4739999999999,460.1483401637795,Alta Probabilidad
13015,0.917600575384028,500.31800000000004,459.09208467498615,Alta Probabilidad
15394,0.9094543146154551,504.4111111111111,458.7388613399757,Alta Probabilidad
12682,0.919749109889721,498.3653125,458.3710525717877,Alta Probabilidad
13337,0.2908312722420169,1575.26,458.1348699119595,Riesgo de Fuga
15813,0.702004983403901,651.9549999999999,457.6756589550903,Alta Probabilidad
14841,0.89026700415119,513.5536363636364,457.19985731640423,Alta Probabilidad
17230,0.8751731224102102,521.5827777777778,456.4752282231686,Alta Probabilidad
15974,0.8878073739796568,513.7125,456.07774560552446,Alta Probabilidad
12647,0.9085684598668111,501.13032258064516,455.311205379655,Alta Probabilidad
16754,0.5323032422672582,854.9860482758621,455.11184559051196,Dudoso (Incentivar)
17920,0.9096617204778832,499.4028571428572,454.287662240142,Alta Probabilidad
15493,0.8774428123075466,514.62,451.54962006970965,Alta Probabilidad
17284,0.8744652801150622,515.9825,451.20878139697004,Alta Probabilidad
16550,0.9084598899285437,496.30875000000003,450.87659239557314,Alta Probabilidad
14194,0.9224291978904546,487.6790909090909,449.84943265521883,Alta Probabilidad
16279,0.6433169523328743,699.25,449.8393789187624,Dudoso (Incentivar)
12469,0.29300059806863066,1535.27,449.83502819682656,Riesgo de Fuga
15321,0.8781490580480446,512.089,449.69047298676514,Alta Probabilidad
15410,0.8864594054300804,505.96166666666664,448.51447820374585,Alta Probabilidad
15601,0.9213864640541797,486.55080000000004,448.3013211947324,Alta Probabilidad
12449,0.825127669489925,542.51,447.6400119749792,Alta Probabilidad
12473,0.6738275482192192,661.6899999999999,445.8649503811751,Dudoso (Incentivar)
13744,0.545169579374624,817.3199999999999,445.5780006144676,Dudoso (Incentivar)
13328,0.34047808049935135,1308.48,445.5087587717913,Riesgo de Fuga
15674,0.9082417037797162,490.1075,445.1360708352173,Alta Probabilidad
14680,0.9146002731692995,486.168537254902,444.6498769796521,Alta Probabilidad
16456,0.9025300271967833,492.6527272727273,444.633879344024,Alta Probabilidad
18225,0.9203449280842418,483.0478947368421,444.5706799428234,Alta Probabilidad
12865,0.5059933238174319,877.62,444.06986084865457,Dudoso (Incentivar)
17365,0.9188509667943769,482.73818181818183,443.56444507219607,Alta Probabilidad
16636,0.46569766919461963,950.51,442.6502915461779,Dudoso (Incentivar)
16409,0.898517886081774,492.5911111111111,442.6019238582278,Alta Probabilidad
15140,0.874845918241531,504.22249999999997,441.11699601054033,Alta Probabilidad
16045,0.8951945859319832,492.58,440.95494913837626,Alta Probabilidad
15521,0.9167538936729439,480.48499999999996,440.4864946014444,Alta Probabilidad
17675,0.922233864927912,476.81914230769235,439.7387604820352,Alta Probabilidad
14051,0.9161679111164318,479.76279999999997,439.5432823073704,Alta Probabilidad
16871,0.8626933470358665,509.455,439.50343911415735,Alta Probabilidad
12921,0.9225108454364234,475.33596153846156,438.5025797451814,Alta Probabilidad
12910,0.9066648100613367,482.9975,437.9168365976005,Alta Probabilidad
14944,0.9180297373451968,476.37083333333334,437.3225910039125,Alta Probabilidad
12721,0.8870992244372932,492.954,437.29911108326144,Alta Probabilidad
12733,0.7208050992706667,606.2175,436.9646652671154,Alta Probabilidad
13324,0.9114389652294166,479.36733333333336,436.91406625811817,Alta Probabilidad
15874,0.9177960155745492,475.8778947368421,436.7588356894784,Alta Probabilidad
12623,0.815483144980291,535.4057142857143,436.61433572613345,Alta Probabilidad
17311,0.7965847783229716,547.634,436.2369084921222,Alta Probabilidad
12739,0.5089449036954642,856.845,436.08689600694004,Dudoso (Incentivar)
13131,0.8478962930745759,513.074,435.0335426729449,Alta Probabilidad
16216,0.4752906634364722,914.9300000000001,434.8576866979315,Dudoso (Incentivar)
14461,0.893761751912845,486.3709090909091,434.699715788534,Alta Probabilidad
15376,0.6766507628967368,642.37,434.6601505619768,Dudoso (Incentivar)
13137,0.8996578605087266,483.10900000000004,434.6328093325105,Alta Probabilidad
13495,0.8927307732247824,486.35875,434.18742295213866,Alta Probabilidad
15065,0.8244311667900559,525.0433333333334,432.86208791534034,Alta Probabilidad
14899,0.32493296398585947,1331.38,432.6092495914936,Riesgo de Fuga
15757,0.8678495635369805,497.46000000000004,431.72044387710633,Alta Probabilidad
12562,0.7937656012036263,543.38,431.3163523820264,Alta Probabilidad
14566,0.48624865713292176,886.6666666666666,431.1404759911906,Dudoso (Incentivar)
14952,0.922390884818023,466.5882142857143,430.37671582066133,Alta Probabilidad
16795,0.6257988583996588,687.4699999999999,430.21794118401334,Dudoso (Incentivar)
15310,0.2626057895782935,1634.64,429.26592787626174,Riesgo de Fuga
15482,0.8894427626823189,479.98400000000004,426.9182950033102,Alta Probabilidad
13136,0.9035788746965077,471.2677777777778,425.8276083251683,Alta Probabilidad
16242,0.9080644827743514,468.6322222222222,425.5482764836171,Alta Probabilidad
13975,0.9079542664912976,468.64625,425.5093621626473,Alta Probabilidad
15955,0.9143545532943378,465.0309090909091,425.203129149878,Alta Probabilidad
16316,0.9169100792539672,463.51099999999997,424.99790774508557,Alta Probabilidad
15722,0.8983830226729455,472.76125,424.72068077764004,Alta Probabilidad
17567,0.8901677191664561,476.11400000000003,423.8213134432181,Alta Probabilidad
15491,0.7728787254143332,548.3066666666667,423.77455766951505,Alta Probabilidad
16917,0.45697997224636006,925.94,423.13603550179465,Dudoso (Incentivar)
14514,0.8912754931321112,474.11875,422.57042270943015,Alta Probabilidad
14956,0.31817547312208894,1325.0,421.58250188676783,Riesgo de Fuga
17092,0.8707174373835948,484.035,421.4577148039683,Alta Probabilidad
13384,0.6661207381785417,632.225,421.1381836949285,Dudoso (Incentivar)
13988,0.8549470929932564,491.48,420.1893972643257,Alta Probabilidad
12917,0.5572932017189977,753.04,419.66407262247395,Dudoso (Incentivar)
17594,0.691212901338181,606.5666666666667,419.26670552169605,Dudoso (Incentivar)
17059,0.8938163991602011,468.8357142857143,419.05304994055797,Alta Probabilidad
15768,0.9109978571845818,459.5821212121212,418.67832762458715,Alta Probabilidad
17814,0.5185052236646628,804.685,417.23337590459914,Dudoso (Incentivar)
17667,0.8972885612858533,464.5514285714286,416.836682986145,Alta Probabilidad
15817,0.45201192611806074,922.1333333333333,416.8152641376677,Dudoso (Incentivar)
14299,0.7846689591751161,530.4804545454546,416.25154613092434,Alta Probabilidad
15797,0.8473340940073912,490.776,415.85123732057144,Alta Probabilidad
15615,0.9222302703449621,449.8941666666667,414.9060189516215,Alta Probabilidad
14227,0.9190713675478761,451.4391666666667,414.90481227300694,Alta Probabilidad
16556,0.9161282529401621,452.68642857142856,414.71882693686433,Alta Probabilidad
17061,0.891862201796808,464.31857142857143,414.1081834494342,Alta Probabilidad
14235,0.8753924945175455,472.94666666666666,414.01396230709145,Alta Probabilidad
16716,0.5777017053511574,716.5600000000001,413.95793398642536,Dudoso (Incentivar)
16992,0.9122695318809632,453.334,413.56279596572455,Alta Probabilidad
17049,0.914394124578604,451.4846153846154,412.8348796453231,Alta Probabilidad
15151,0.3958704348476064,1042.805,412.81566881125826,Riesgo de Fuga
12664,0.6623033277390983,622.9350000000001,412.57192346515524,Dudoso (Incentivar)
15752,0.880742744359795,468.19800000000004,412.36199142376734,Alta Probabilidad
17146,0.8730328407864082,472.2283333333333,412.27084334983084,Alta Probabilidad
14160,0.342595038100908,1203.0671428571427,412.1648336450934,Riesgo de Fuga
12598,0.8839086089192083,466.125,412.011900332466,Alta Probabilidad
14440,0.8557420304585094,481.00600000000003,411.6170511027258,Alta Probabilidad
15237,0.7524821363884548,546.825,411.4760442306169,Alta Probabilidad
16735,0.9025757334808275,455.88818181818186,411.47361008978635,Alta Probabilidad
14081,0.8447125166824252,486.75699999999995,411.1697304827872,Alta Probabilidad
16718,0.6825718436023902,601.216,410.37311352325463,Dudoso (Incentivar)
17652,0.852379874687682,481.20000000000005,410.16519569971257,Alta Probabilidad
14004,0.795884033714376,515.1659999999999,410.0123941125002,Alta Probabilidad
14107,0.8986599969903593,456.14375,409.9181410021712,Alta Probabilidad
12755,0.8608637751152592,476.0236363636363,409.7915046440933,Alta Probabilidad
14422,0.894051076322232,457.79928571428576,409.2959441324062,Alta Probabilidad
13097,0.9118492340436575,448.8278260869566,409.26330943487125,Alta Probabilidad
15171,0.3170115492039799,1289.5,408.7863926985321,Riesgo de Fuga
16746,0.9183796257660308,444.9459375,408.62928356736575,Alta Probabilidad
15044,0.9225219896385018,442.9362068965517,408.618390869138,Alta Probabilidad
13265,0.8442612176851464,483.55333333333334,408.2453260157115,Alta Probabilidad
14256,0.8287615814583822,492.158,407.88164240739445,Alta Probabilidad
16801,0.8400615234263373,484.46000000000004,406.9762056391234,Alta Probabilidad
13330,0.8533220814220345,476.678,406.75986312809255,Alta Probabilidad
16077,0.17673623995762014,2300.4,406.5640463985094,Riesgo de Fuga
17584,0.3997864410333313,1016.78,406.49485751387056,Riesgo de Fuga
18226,0.9220273426368243,440.53190476190474,406.1824614943576,Alta Probabilidad
14525,0.9193925936085678,441.74461538461543,406.13672765108083,Alta Probabilidad
13715,0.8454900537324278,479.5905882352941,405.48907221662546,Alta Probabilidad
15981,0.9066123308729521,445.6758823529412,404.0552505138596,Alta Probabilidad
16153,0.9069426538093284,445.4844444444445,404.0288442752188,Alta Probabilidad
14112,0.891877922585272,452.4377777777778,403.5192653435414,Alta Probabilidad
17152,0.799644554029682,504.125,403.12081080021346,Alta Probabilidad
18080,0.47807471652187716,841.4999999999999,402.2998739531596,Dudoso (Incentivar)
14232,0.8012005669607587,501.985,402.1906666057965,Alta Probabilidad
16105,0.8412265199501336,477.238,401.4652619279619,Alta Probabilidad
15812,0.900958046386996,445.45500000000004,401.3362665533193,Alta Probabilidad
16133,0.9223234508806699,434.13114285714283,400.40933381476907,Alta Probabilidad
12371,0.5508212817238604,726.4733333333334,400.15697260487195,Dudoso (Incentivar)
17364,0.9171200788116998,436.1677272727273,400.0181804114836,Alta Probabilidad
16036,0.6037206086963464,662.2166666666667,399.7938490888655,Dudoso (Incentivar)
16985,0.905920422159217,440.7578947368421,399.29157807000774,Alta Probabilidad
18260,0.9223507074470996,432.7331818181819,399.1317563858344,Alta Probabilidad
12408,0.8712463071710136,457.962,398.9977013246517,Alta Probabilidad
17700,0.9080063070068689,439.2416666666666,398.8342036335421,Alta Probabilidad
12360,0.8944898626702678,445.73499999999996,398.70543893733173,Alta Probabilidad
13048,0.88497544038446,450.4485714285714,398.63592287055087,Alta Probabilidad
13327,0.9175748300802699,434.06235294117647,398.28468974424214,Alta Probabilidad
16116,0.6499196637596569,612.78,398.25777155864256,Dudoso (Incentivar)
17083,0.8696773790789244,455.00375,395.70646877108214,Alta Probabilidad
17305,0.1852276098841525,2135.46,395.5461518032123,Riesgo de Fuga
13849,0.6143758205485725,643.7833333333333,395.52491367216186,Dudoso (Incentivar)
12424,0.5003595392251394,789.535,395.05136880212046,Dudoso (Incentivar)
14770,0.8682945868406241,454.705,394.817890109366,Alta Probabilidad
14669,0.8569981643284079,459.54,393.8249364354766,Alta Probabilidad
12490,0.9138822359181706,430.8792307692308,393.7728748260861,Alta Probabilidad
13093,0.8729461622863219,450.81082545454547,393.5335799976744,Alta Probabilidad
12815,0.6394210864639864,615.36,393.4741597664787,Dudoso (Incentivar)
12836,0.9115076977164052,431.59769230769234,393.4046188550981,Alta Probabilidad
17306,0.9043766069728394,434.66999999999996,393.10537975288406,Alta Probabilidad
13013,0.9075658726707694,432.939,392.9206613482102,Alta Probabilidad
15144,0.9180326257157198,427.93470588235294,392.85802167606073,Alta Probabilidad
18272,0.8582303988911892,457.588,392.71593176782153,Alta Probabilidad
13762,0.7936064867043833,494.496,392.4352332493707,Alta Probabilidad
14546,0.9004811724144599,435.72375,392.36103324882504,Alta Probabilidad
17457,0.9035537853899669,434.21153846153845,392.3334792369243,Alta Probabilidad
13871,0.9100876640176319,430.92555555555555,392.1800322210558,Alta Probabilidad
17769,0.8881925362062685,441.4122222222222,392.05904116800053,Alta Probabilidad
16655,0.9118084958629085,429.38222222222225,391.5143581947176,Alta Probabilidad
15614,0.49751314948116754,786.84,391.4632465377619,Dudoso (Incentivar)
14001,0.8938753569238358,436.86375,390.50174045833535,Alta Probabilidad
16812,0.6525176868513611,598.0,390.205576737114,Dudoso (Incentivar)
14304,0.6781679223547185,575.0033333333333,389.94881591370427,Dudoso (Incentivar)
15002,0.8556365368472548,455.48875,389.732816622885,Alta Probabilidad
17069,0.9037677858157653,431.17777777777775,389.6845855151843,Alta Probabilidad
13090,0.9082058193405398,428.9717647058823,389.5946530386631,Alta Probabilidad
13576,0.9198988685770744,423.40333333333336,389.4882472850952,Alta Probabilidad
17739,0.9063731481015221,429.2864285714286,389.09369170154497,Alta Probabilidad
15641,0.8976056914082315,433.0663636363637,388.72283275746685,Alta Probabilidad
13931,0.8830719710772513,439.80600000000004,388.38035131160166,Alta Probabilidad
16120,0.4682095361069062,829.1850000000001,388.23232419680505,Dudoso (Incentivar)
13371,0.3378156959783084,1148.83,388.09280601076,Riesgo de Fuga
17039,0.19843835257769302,1954.99,387.94499490586406,Riesgo de Fuga
12779,0.9182238595140056,422.4738461538461,387.92556555911085,Alta Probabilidad
13341,0.499519231424279,775.85,387.5519957005269,Dudoso (Incentivar)
14739,0.9057354765019199,427.56952380952384,387.26488638531805,Alta Probabilidad
16501,0.32506801244718175,1191.23,387.2307684674563,Riesgo de Fuga
12782,0.9051124039534926,427.8077777777778,387.214126174446,Alta Probabilidad
16270,0.33926105772378456,1141.24,387.1782895166919,Riesgo de Fuga
13052,0.8687169007356269,445.61857142857144,387.11638428166617,Alta Probabilidad
16229,0.8727772063161595,443.092,386.72059790103975,Alta Probabilidad
12582,0.7809479862532396,495.1,386.64734799397894,Alta Probabilidad
16057,0.8738361734354101,441.87833333333333,386.1292719240166,Alta Probabilidad
18097,0.9026748328187336,427.76,386.1281864865415,Alta Probabilidad
17932,0.6553410628058286,589.01,386.0024394032611,Dudoso (Incentivar)
17017,0.9211359454519998,418.8275,385.79706519379744,Alta Probabilidad
17621,0.7149457658145729,539.4,385.64174608038064,Alta Probabilidad
15468,0.4002943361068333,962.97,385.47143684079725,Dudoso (Incentivar)
15736,0.43599005910354505,883.56,385.22337662152825,Dudoso (Incentivar)
15301,0.9133177560455362,421.4209090909091,384.891199041579,Alta Probabilidad
15157,0.6395130029931385,601.1666666666666,384.45390029937505,Dudoso (Incentivar)
13870,0.8814839858371339,435.64625,384.01519286500053,Alta Probabilidad
16249,0.752477653159106,510.265,383.9630096892312,Alta Probabilidad
12514,0.48017738457491754,798.88,383.60410898921015,Dudoso (Incentivar)
13141,0.9193760790969456,416.7725,383.17066692543176,Alta Probabilidad
16494,0.4632336337375504,826.53,382.8764952930975,Dudoso (Incentivar)
16670,0.9108448520908003,420.1764285714286,382.7155369341836,Alta Probabilidad
15147,0.6123843505460057,623.5,381.82164256543456,Dudoso (Incentivar)
18257,0.895775397355617,426.24571428571426,381.82042408541446,Alta Probabilidad
12873,0.5647252375211895,675.7666666666667,381.62249134223583,Dudoso (Incentivar)
18145,0.9100279672936255,419.10777777777776,381.3997990880596,Alta Probabilidad
13421,0.8752730158194867,435.7257142857143,381.3789600129571,Alta Probabilidad
12378,0.27066805220307794,1407.7,381.0194170862728,Riesgo de Fuga
13786,0.7306991273950949,521.3316666666666,380.93659391676374,Alta Probabilidad
17015,0.7317230005885825,520.55,380.8984079563866,Alta Probabilidad
14407,0.759206900074657,501.34000000000003,380.62078728342857,Alta Probabilidad
15563,0.8658516070846025,438.928,380.0465141944304,Alta Probabilidad
14543,0.9062600913427794,419.1590625,379.8671302684038,Alta Probabilidad
13767,0.9208448281411247,412.4913793103448,379.84055329072993,Alta Probabilidad
14307,0.8894024430507672,426.73999999999995,379.54359854748435,Alta Probabilidad
13285,0.8297322849926939,457.185,379.34115471438474,Alta Probabilidad
13668,0.9225495706473975,410.55115384615385,378.75379070956285,Alta Probabilidad
14195,0.8684655112751412,435.93333333333334,378.5930652152099,Alta Probabilidad
15270,0.9114837703882159,414.3955555555556,377.7148234098972,Alta Probabilidad
16013,0.9127567415379794,413.2432566666667,377.19056841760954,Alta Probabilidad
13510,0.8999169744056038,419.00625,377.070836757038,Alta Probabilidad
12645,0.8818117345518097,427.17,376.6835186484966,Alta Probabilidad
13985,0.9122499253714068,412.60299999999995,376.39705595801854,Alta Probabilidad
18204,0.6956943039371264,540.98,376.35670454390663,Dudoso (Incentivar)
16889,0.8932333605213992,421.10833333333335,376.1480117268989,Alta Probabilidad
16923,0.9233335777558047,407.19958333333335,375.98104813983963,Alta Probabilidad
15104,0.7565776577702366,496.77,375.8450830505204,Alta Probabilidad
16672,0.9036319203141151,415.434,375.3994231837741,Alta Probabilidad
14973,0.5731305824459982,654.6,375.17127926915043,Dudoso (Incentivar)
17858,0.9016829639247309,415.94958333333335,375.05465314325687,Alta Probabilidad
12666,0.29966115293657164,1248.42,374.1029765490748,Riesgo de Fuga
14161,0.8727634963254974,428.1328571428571,373.65872929182467,Alta Probabilidad
14758,0.8659263863817639,431.30833333333334,373.48126649967463,Alta Probabilidad
16745,0.9085407471286159,410.9440000000001,373.359368788022,Alta Probabilidad
16529,0.7509168309317824,496.7,372.9803899238163,Alta Probabilidad
17787,0.6703994937569633,556.1733333333333,372.85832110778944,Dudoso (Incentivar)
17050,0.9132722278333698,408.034,372.64612021176123,Alta Probabilidad
14918,0.5988668928363221,620.8085714285714,371.7817002175845,Dudoso (Incentivar)
14625,0.9092004654471199,408.89818181818185,371.770417229572,Alta Probabilidad
12620,0.6618944670035607,561.66,371.75964633721986,Dudoso (Incentivar)
12674,0.6330363473942062,586.74,371.42774647007656,Dudoso (Incentivar)
15077,0.3055602700315124,1214.04,370.96239022905735,Riesgo de Fuga
12913,0.8744364382082915,424.1818181818182,370.9200382436262,Alta Probabilidad
15358,0.9233990963414922,401.34612903225803,370.602652868543,Alta Probabilidad
12530,0.8934274794440329,414.56857142857143,370.3869538281421,Alta Probabilidad
13196,0.8305293522296446,445.7975,370.247908900595,Alta Probabilidad
14481,0.7584249306446187,487.76,369.9293441712192,Alta Probabilidad
16980,0.7795221706026068,474.2766666666667,369.709176666169,Alta Probabilidad
13659,0.9064651685601891,407.0566666666667,368.9826899635487,Alta Probabilidad
16771,0.8770791391357589,419.84250000000003,368.2350984726049,Alta Probabilidad
13883,0.915505258756113,402.0228571428571,368.05403985444326,Alta Probabilidad
16619,0.759404346974052,484.5825,367.99405696755355,Alta Probabilidad
13418,0.9227642796603559,398.765,367.9660979787618,Alta Probabilidad
13044,0.8347922418257783,440.7318181818182,367.9195025439513,Alta Probabilidad
17449,0.9010827419033005,407.9588888888889,367.60471418382394,Alta Probabilidad
12471,0.9189933609435075,399.9128290322581,367.5172348367812,Alta Probabilidad
16383,0.8601617175962911,427.065,367.34496392526006,Alta Probabilidad
15413,0.2700016713993453,1359.7440000000001,367.1331526752314,Riesgo de Fuga
15815,0.7898717523577459,464.6933333333333,367.0481375089621,Alta Probabilidad
16692,0.7666832638098654,478.67499999999995,366.9921113041873,Alta Probabilidad
18202,0.7878775367476581,465.66333333333336,366.88568002037033,Alta Probabilidad
15384,0.6515791567044937,562.9833333333333,366.82820557201825,Dudoso (Incentivar)
15152,0.5756160671687753,637.12,366.73650871457016,Dudoso (Incentivar)
13527,0.8887150138696228,412.0814285714286,366.22295250827113,Alta Probabilidad
16007,0.8494459086099244,430.805,365.9455446586985,Alta Probabilidad
15544,0.9116548392633886,401.37666666666667,365.9169805340747,Alta Probabilidad
15547,0.922699283740051,396.2936842105263,365.65989857175856,Alta Probabilidad
15494,0.45243736963361936,807.34,365.27078600000624,Dudoso (Incentivar)
16570,0.9182857147058445,397.6261538461539,365.1344168703515,Alta Probabilidad
16150,0.8766067241247827,416.23285714285714,364.87252137309866,Alta Probabilidad
12909,0.8919079297379012,408.815,364.6253402958001,Alta Probabilidad
15819,0.909405355082846,400.81,364.4987603707555,Alta Probabilidad
12737,0.19608440067124489,1855.25,363.7855843453271,Riesgo de Fuga
16232,0.8698437632579946,417.712,363.3441780380234,Alta Probabilidad
17320,0.8428123448579743,430.866,363.13918377957594,Alta Probabilidad
12989,0.9116338649824958,398.2232,363.03375494169745,Alta Probabilidad
16081,0.8810777552426909,411.98499999999996,362.99081899366,Alta Probabilidad
13632,0.8485737644662574,427.514,362.77716434202756,Alta Probabilidad
14649,0.8961544874647005,404.3885714285714,362.39463296515385,Alta Probabilidad
18064,0.8877282668219442,407.58299999999997,361.82295017608845,Alta Probabilidad
13819,0.8215497071476395,440.39166666666665,361.80364478026087,Alta Probabilidad
17277,0.6791901042797337,532.6750000000001,361.7875887972072,Dudoso (Incentivar)
13958,0.6137539964887059,588.6537500000001,361.28859161056357,Dudoso (Incentivar)
14938,0.3110959029449457,1161.215,361.2492289382151,Riesgo de Fuga
14388,0.9127196768948075,395.32272727272726,360.8188319055377,Alta Probabilidad
17838,0.8742782775454614,412.6218181818182,360.74629247767655,Alta Probabilidad
15985,0.8753083192986523,412.0733333333333,360.6912168277933,Alta Probabilidad
14014,0.49975268371151077,721.515,360.5790575881107,Dudoso (Incentivar)
16571,0.8826702901568263,407.96625,360.09968826169234,Alta Probabilidad
14221,0.9114591990298855,394.8766666666667,359.91397031559114,Alta Probabilidad
12803,0.328814748598874,1092.81,359.33204541633546,Riesgo de Fuga
13652,0.796196421964828,451.3025,359.32543572378177,Alta Probabilidad
15810,0.8756307642176449,410.19666666666666,359.18082071286386,Alta Probabilidad
13192,0.848435748208253,422.192,358.2027854075387,Alta Probabilidad
15421,0.8966841947152933,399.37111111111113,358.1097631592186,Alta Probabilidad
14626,0.8922695729558002,400.81875,357.63837489517766,Alta Probabilidad
15625,0.8940955598155291,399.5783333333333,357.2612136318228,Alta Probabilidad
16713,0.9094767332900864,392.6564,357.1118599774455,Alta Probabilidad
12629,0.45812456344662345,779.11,356.9294286268988,Dudoso (Incentivar)
12687,0.3335405324481874,1069.455,356.7065901293762,Riesgo de Fuga
13294,0.6333142806835224,563.1766666666666,356.6678255477438,Dudoso (Incentivar)
17863,0.8984383059476398,396.93111111111114,356.6181150445811,Alta Probabilidad
14030,0.9162680252691444,388.11647058823525,355.61871208031226,Alta Probabilidad
16209,0.8696004002646509,408.7033333333334,355.40858225616375,Alta Probabilidad
12348,0.8314566907302833,427.35,355.3230167835866,Alta Probabilidad
14113,0.8123905793744994,437.3607692307693,355.3077687110614,Alta Probabilidad
12854,0.8636904164374128,410.84833333333336,354.8457681092837,Alta Probabilidad
18069,0.90593188786101,391.21125,354.41074626496555,Alta Probabilidad
14110,0.904933057074483,391.5791304347826,354.35289959091557,Alta Probabilidad
14970,0.8619677284962295,410.954,354.2290858964395,Alta Probabilidad
13206,0.554026012570608,639.0915384615384,354.07333672146154,Dudoso (Incentivar)
12589,0.5244259335509124,674.83,353.8983527381622,Dudoso (Incentivar)
14441,0.8685942309981938,406.955,353.47876527586993,Alta Probabilidad
12725,0.6237420133964569,566.69,353.4683615716382,Dudoso (Incentivar)
14309,0.8954080735176131,394.02666666666664,352.81465851456664,Alta Probabilidad
14421,0.835376098191909,422.288,352.76930175326487,Alta Probabilidad
13031,0.5353388923928933,658.568,352.55706368540297,Dudoso (Incentivar)
15828,0.3175117459450293,1108.82,352.06337413876736,Riesgo de Fuga
16612,0.8902277303494606,395.23857142857145,351.8523363894203,Alta Probabilidad
12626,0.5515707903935118,637.05,351.37817202018664,Dudoso (Incentivar)
12976,0.8900959462292102,394.5475,351.1851303448693,Alta Probabilidad
15734,0.7011005715026839,500.8333333333333,351.1345362275942,Alta Probabilidad
12586,0.5645693300084955,621.91,351.1113120255834,Dudoso (Incentivar)
13635,0.5459420735436504,642.7099999999999,350.8824300872395,Dudoso (Incentivar)
14673,0.62865597005113,558.1366666666667,350.87594760443756,Dudoso (Incentivar)
18095,0.7615531720736766,460.61800000000005,350.7850990142328,Alta Probabilidad
16722,0.9211424974946164,380.814,350.78395904091485,Alta Probabilidad
15865,0.6334764083932226,553.4066666666666,350.5700675808653,Dudoso (Incentivar)
14920,0.6540908750395371,535.7233333333334,350.4117438790976,Dudoso (Incentivar)
14854,0.8900750072474457,393.48,350.2267138517249,Alta Probabilidad
12609,0.9007722740714952,388.71750000000003,350.14594644638646,Alta Probabilidad
15785,0.9156217382099389,382.41230769230765,350.1450218821047,Alta Probabilidad
14334,0.9139555659789463,382.72222222222223,349.7911052238312,Alta Probabilidad
16008,0.9094023737855575,384.5769230769231,349.73516674929965,Alta Probabilidad
15620,0.8295967964630414,421.3966666666667,349.5893247068708,Alta Probabilidad
12694,0.35879656604334,973.68,349.35304042507926,Riesgo de Fuga
14755,0.9207905424881112,379.15444444444444,349.1218265867784,Alta Probabilidad
15465,0.9145874371551462,381.12461538461537,348.5717852213562,Alta Probabilidad
14214,0.5453166396991145,638.65,348.26647194383946,Dudoso (Incentivar)
14212,0.31103418192292764,1119.6599999999999,348.25253213182515,Riesgo de Fuga
17164,0.7378417782779135,471.61,347.9735610536468,Alta Probabilidad
17499,0.5186546881009697,670.695,347.8591060358799,Dudoso (Incentivar)
17719,0.8818584542552902,394.29200000000003,347.7097336452269,Alta Probabilidad
17091,0.9207592855759822,377.4933333333333,347.58049190969604,Alta Probabilidad
14667,0.9197569621060196,377.86375,347.5428147899885,Alta Probabilidad
12679,0.7658205755204567,453.19,347.0622266201158,Alta Probabilidad
17031,0.5799230143039431,598.375,347.011433684122,Dudoso (Incentivar)
15298,0.9189361207823303,377.441875,346.84497243330924,Alta Probabilidad
12784,0.28163399597028016,1230.33,346.50275426211476,Riesgo de Fuga
15240,0.9105763426563506,379.879,345.90883047195183,Alta Probabilidad
15353,0.8661721756156812,399.21000000000004,345.7845942275361,Alta Probabilidad
14291,0.9200612422120267,375.6206666666667,345.594017173843,Alta Probabilidad
17505,0.778061816064736,444.1575,345.581991068773,Alta Probabilidad
14740,0.9133511591787302,378.27818181818185,345.50081585565886,Alta Probabilidad
17730,0.9195012081741009,375.56,345.32787374186535,Alta Probabilidad
12457,0.8125376141443527,424.9825,345.31426660310234,Alta Probabilidad
17970,0.612066152519233,562.79,344.4647099762991,Dudoso (Incentivar)
12431,0.9201475663787628,373.8578947368421,344.004432013593,Alta Probabilidad
15122,0.9080000442664689,378.40999999999997,343.59629675087444,Alta Probabilidad
17827,0.8721726030864947,393.86199999999997,343.51564579685294,Alta Probabilidad
12484,0.8097391851772366,423.63571428571424,343.0344380976909,Alta Probabilidad
15476,0.6205591034172669,552.495,342.8558018425229,Dudoso (Incentivar)
16012,0.438605956565449,781.65,342.8363459493832,Dudoso (Incentivar)
14493,0.6337148774754018,540.924,342.79158638350424,Dudoso (Incentivar)
12553,0.9045799898533055,378.7271428571429,342.5889950428857,Alta Probabilidad
14233,0.8559802179689708,400.10833333333335,342.4848183778683,Alta Probabilidad
12462,0.4493881493300521,762.11,342.48320248592603,Dudoso (Incentivar)
17115,0.7664541959840868,446.802,342.453267674082,Alta Probabilidad
12670,0.7638043429117831,447.65749999999997,341.92274263703155,Alta Probabilidad
15514,0.9120076333840952,374.63692307692304,341.6717335936839,Alta Probabilidad
17685,0.8960819796912756,381.184,341.5721133466392,Alta Probabilidad
16991,0.32772956864121744,1041.21,341.235304164922,Riesgo de Fuga
15288,0.8995349859848292,379.1075,341.02045969924364,Alta Probabilidad
13982,0.7989169261937289,426.6114285714285,340.8270911934012,Alta Probabilidad
15464,0.3262315164103672,1044.65,340.7977536180901,Riesgo de Fuga
13736,0.858848908946991,396.7,340.7053621792713,Alta Probabilidad
17414,0.8230451178303863,413.904,340.6616664504682,Alta Probabilidad
15804,0.648413307612116,525.36,340.6504152871013,Dudoso (Incentivar)
12474,0.9209339603722804,369.8947619047619,340.64864800191407,Alta Probabilidad
16496,0.8884229937908554,383.258,340.49521975429565,Alta Probabilidad
17581,0.9213899164481407,369.4817857142857,340.43679166839553,Alta Probabilidad
13756,0.9189912971044238,369.87428571428575,339.9112495941437,Alta Probabilidad
15805,0.9227960785935523,368.2585,339.8274997087437,Alta Probabilidad
14057,0.9181946128415761,369.6330769230769,339.3950999588251,Alta Probabilidad
18188,0.7953786543393558,426.5375,339.258822775273,Alta Probabilidad
17802,0.7209331011241519,470.1725,338.9629184882953,Alta Probabilidad
15572,0.8816613611075569,384.22,338.75192816474555,Alta Probabilidad
16062,0.8882105946636573,381.33500000000004,338.7057871160658,Alta Probabilidad
14837,0.8818169403193883,383.84666666666664,338.4824931517961,Alta Probabilidad
15194,0.922925316389603,366.6445454545455,338.38553311615857,Alta Probabilidad
14040,0.9108548695213028,371.49892857142856,338.38160811123237,Alta Probabilidad
13481,0.9003997618497079,375.65875,338.243049036759,Alta Probabilidad
14395,0.909528806508687,371.7475,338.1150599975881,Alta Probabilidad
13753,0.6453643153478027,523.6425,337.9401834995118,Dudoso (Incentivar)
12870,0.6040860516282835,558.9833333333333,337.67403475935004,Dudoso (Incentivar)
17188,0.8575600669633673,393.6822222222222,337.6061528511761,Alta Probabilidad
13665,0.5913075443223127,570.5533333333333,337.37249043824323,Dudoso (Incentivar)
13377,0.4340984242553524,776.44,337.05138052882586,Dudoso (Incentivar)
14135,0.9198793431912516,366.15666666666664,336.8199540384314,Alta Probabilidad
13308,0.6124611368453631,549.905,336.7954414569494,Dudoso (Incentivar)
16143,0.9088808706742645,370.431,336.67764980473845,Alta Probabilidad
15891,0.6578483250663034,511.68,336.6078309699261,Dudoso (Incentivar)
16256,0.6190816125034215,543.1233333333333,336.23766898823334,Dudoso (Incentivar)
17588,0.8014501073832333,419.31000000000006,336.0560445268636,Alta Probabilidad
12372,0.7333938190878417,457.46000000000004,335.4983364799241,Alta Probabilidad
15569,0.8060764961777365,416.03999999999996,335.36006546978547,Alta Probabilidad
14298,0.9190773239330511,364.6264029411765,335.1198586505109,Alta Probabilidad
14824,0.6943850771398999,482.53333333333336,335.06394588923973,Dudoso (Incentivar)
12374,0.4472134493625908,748.7633333333333,334.85703305623133,Dudoso (Incentivar)
15708,0.8981433532416553,372.73,334.76497205376216,Alta Probabilidad
17758,0.8983848891242132,372.53000000000003,334.67532274544317,Alta Probabilidad
17640,0.6567366636896752,509.456,334.5784337366872,Dudoso (Incentivar)
13989,0.8076310665934237,414.1625,334.49050161799886,Alta Probabilidad
14555,0.7665200747260805,435.566,333.87008286813995,Alta Probabilidad
16455,0.9135077274938291,365.3522222222222,333.7520782570427,Alta Probabilidad
17774,0.8791627380374083,379.29857142857145,333.4651705908204,Alta Probabilidad
16755,0.8706225039196391,382.9533333333334,333.4077899510389,Alta Probabilidad
17728,0.4892416326458669,681.375,333.35701744407754,Dudoso (Incentivar)
14530,0.9172371877750143,363.3692307692308,333.29577135473943,Alta Probabilidad
15073,0.8949996901329327,372.3671428571429,333.26847747282835,Alta Probabilidad
16682,0.6338850018204101,525.5,333.1065684566255,Dudoso (Incentivar)
13464,0.6858719432894466,484.592,332.36805674251946,Dudoso (Incentivar)
12978,0.6639166722868646,500.564,332.3327851466021,Dudoso (Incentivar)
17618,0.8988574037409054,369.684,332.2932004445529,Alta Probabilidad
13831,0.9089771808693274,365.3693333333333,332.1123865894389,Alta Probabilidad
13764,0.6990592740318793,475.0225,332.06888399880836,Dudoso (Incentivar)
14213,0.2780369339755483,1192.2,331.4756326856487,Riesgo de Fuga
12395,0.9112515275954249,363.58444444444444,331.3168804099339,Alta Probabilidad
13593,0.8865467602454432,373.2633333333333,330.91539888508163,Alta Probabilidad
16053,0.6234711164247225,530.7225,330.89014958671976,Dudoso (Incentivar)
14159,0.9160744001019804,360.965,330.67079583281134,Alta Probabilidad
12383,0.8932264721473053,370.11199999999997,330.5938360593834,Alta Probabilidad
12545,0.5262235462220699,628.15,330.5473205593932,Dudoso (Incentivar)
17673,0.9138690832317593,361.20099999999996,330.09042673239463,Alta Probabilidad
15694,0.9111170789166095,361.15444444444444,329.05398245997316,Alta Probabilidad
16145,0.9135468864630625,360.1858333333334,329.04664658977026,Alta Probabilidad
12369,0.5506589521278074,597.0500000000001,328.7709273679074,Dudoso (Incentivar)
13426,0.9047225026993946,363.1925,328.58842756164984,Alta Probabilidad
16676,0.8792989379891377,373.656,328.55532397326925,Alta Probabilidad
15845,0.87484844026069,375.27833333333336,328.311664580298,Alta Probabilidad
15754,0.8604114292039498,381.54857142857145,328.2887516535825,Alta Probabilidad
13394,0.9121167812038214,359.7864285714286,328.16723914939007,Alta Probabilidad
12701,0.8262271766133285,397.156,328.14108055504306,Alta Probabilidad
14390,0.903398305471628,363.0842857142857,328.00972845766216,Alta Probabilidad
13893,0.39868837362448206,821.1,327.3630235830622,Riesgo de Fuga
16187,0.8927927847634546,366.3771428571428,327.09886964510656,Alta Probabilidad
17648,0.8563572839791966,381.565,326.75596706152214,Alta Probabilidad
14759,0.5708226545247547,572.25,326.65326405179087,Dudoso (Incentivar)
16523,0.9178716478110547,355.564,326.36211458228985,Alta Probabilidad
16833,0.8257742584452885,394.76,325.9826462638621,Alta Probabilidad
15260,0.9109858009766741,357.71478260869566,325.8730877559795,Alta Probabilidad
16814,0.9150244139658561,355.77814814814815,325.5456915111168,Alta Probabilidad
16700,0.9225622114990143,352.7605263157895,325.443531287451,Alta Probabilidad
15095,0.8959640598475461,363.07714285714286,325.3040709521332,Alta Probabilidad
17613,0.9063513581153517,358.9157142857143,325.3037450917987,Alta Probabilidad
14282,0.9153515608545286,355.37333333333333,325.2915353527434,Alta Probabilidad
13823,0.6642105818105181,489.158,324.9039197772694,Dudoso (Incentivar)
16022,0.5390966787932691,602.63,324.8758315411877,Dudoso (Incentivar)
17047,0.8375605761078923,387.552,324.59827639176586,Alta Probabilidad
16701,0.9175105651600965,353.51157894736843,324.3506085906381,Alta Probabilidad
14215,0.8872009357616542,365.55428571428575,324.3201043573974,Alta Probabilidad
18229,0.9061730656593779,357.8535294117647,324.2772298040872,Alta Probabilidad
12393,0.8633708749412106,375.59000000000003,324.2734669191693,Alta Probabilidad
17463,0.8172170481780803,396.2775,323.8447288093892,Alta Probabilidad
15436,0.6689220954152719,484.1,323.82518639053313,Dudoso (Incentivar)
13590,0.9221297104546267,351.07666666666665,323.7382249807088,Alta Probabilidad
14482,0.8984804638482922,360.2871428571429,323.7109592328616,Alta Probabilidad
13268,0.8936484717672277,362.068,323.5615148758166,Alta Probabilidad
12425,0.33526187762653814,964.21,323.26285502628434,Riesgo de Fuga
13848,0.8394143640010675,385.0,323.174530140411,Alta Probabilidad
13408,0.9120113962539846,354.20850571428576,323.04219386152323,Alta Probabilidad
16527,0.3213549622522075,1004.88,322.92317446799825,Riesgo de Fuga
14000,0.7888604438631175,409.26800000000003,322.8553361389704,Alta Probabilidad
13599,0.9200920718318031,350.8831578947368,322.8448117182541,Alta Probabilidad
14916,0.7797141479021594,413.804,322.64883325850514,Alta Probabilidad
14849,0.9129637423498848,353.2135714285714,322.47118402019686,Alta Probabilidad
15983,0.8092275068328233,397.65999999999997,321.79741036714046,Alta Probabilidad
14408,0.8712119544447325,369.29,321.7298626568953,Alta Probabilidad
18172,0.9208486883479429,349.3774358974359,321.7237535845213,Alta Probabilidad
16067,0.29497761009361556,1089.7033333333334,321.4380849777132,Riesgo de Fuga
13564,0.7255006142147187,443.00916666666666,321.40342251941735,Alta Probabilidad
17873,0.9114235035791834,352.5464705882353,321.31913939800495,Alta Probabilidad
17690,0.9133067184804,351.3186666666667,320.86169859424285,Alta Probabilidad
16094,0.8943497207985942,358.67875,320.7842399188888,Alta Probabilidad
13772,0.8714313550321812,367.635,320.3686662072559,Alta Probabilidad
17354,0.5514266172801732,580.3,319.9928660076845,Dudoso (Incentivar)
13650,0.8728018774096988,366.19666666666666,319.6171381678403,Alta Probabilidad
14869,0.6215220751836934,514.1725,319.5695592023876,Dudoso (Incentivar)
14640,0.8233376689457031,387.546,319.0812202492315,Alta Probabilidad
14709,0.9177937908612034,347.5488235294118,318.9781522564102,Alta Probabilidad
16293,0.907705094113615,351.1055555555556,318.70030134936866,Alta Probabilidad
14210,0.9092345777652678,350.0253333333333,318.25513616048045,Alta Probabilidad
16477,0.9073473196121895,350.2688888888889,317.8155374768732,Alta Probabilidad
13319,0.9230019149624713,344.1682222222222,317.6679281803405,Alta Probabilidad
16276,0.3489435359188162,909.395,317.3275068468919,Riesgo de Fuga
16954,0.8992385594010738,352.7342857142857,317.19227093708105,Alta Probabilidad
15944,0.5857970117400398,541.06,316.9513311720659,Dudoso (Incentivar)
17671,0.7769731514895409,407.7266666666667,316.79267314632557,Alta Probabilidad
13395,0.8049982419060558,393.41,316.69435834826146,Alta Probabilidad
16208,0.8705741316013513,363.75333333333333,316.67424228376353,Alta Probabilidad
14897,0.8118360455061853,389.932,316.56085289631784,Alta Probabilidad
16170,0.907260756329021,348.7541176470588,316.41092454933096,Alta Probabilidad
13050,0.9215340224794957,343.17107142857145,316.2438178521698,Alta Probabilidad
12853,0.8922117624579169,354.425,316.2221539091472,Alta Probabilidad
16520,0.8828018751397426,358.06333333333333,316.0989820854534,Alta Probabilidad
15750,0.8923849112515662,353.9123846153846,315.82607193583016,Alta Probabilidad
17282,0.7033843298342818,448.99333333333334,315.81487486672694,Alta Probabilidad
13018,0.9225651450759352,342.19,315.6925669935343,Alta Probabilidad
13983,0.9197878215623397,343.03058823529415,315.5153574821892,Alta Probabilidad
16567,0.7289731054218779,432.8,315.49956002658877,Alta Probabilidad
15033,0.8184324095993005,385.20666666666665,315.2656203937145,Alta Probabilidad
14465,0.883349358892778,356.8954545454545,315.26337096447384,Alta Probabilidad
17443,0.5884998645166684,534.24,314.4001676193849,Dudoso (Incentivar)
13908,0.7563376743435798,415.555,314.2999022618463,Alta Probabilidad
12839,0.918694455485209,342.099375,314.28479903745534,Alta Probabilidad
13993,0.9159609339781258,343.01214285714286,314.18572273726693,Alta Probabilidad
17203,0.6262474553033883,501.0025,313.75154072563583,Dudoso (Incentivar)
15039,0.9231208483389057,339.65199178082196,313.5398347927114,Alta Probabilidad
15027,0.9008117548399621,347.94625,313.43407205248417,Alta Probabilidad
14206,0.7930365417139581,395.00333333333333,313.2520774321525,Alta Probabilidad
16163,0.7798182698241978,401.33,312.9644662285453,Alta Probabilidad
15680,0.7886668225848368,396.7375,312.8937035252517,Alta Probabilidad
13851,0.8517674848350693,366.8866666666667,312.5021332861891,Alta Probabilidad
13213,0.9102199427928348,343.27750000000003,312.4580264120674,Alta Probabilidad
14489,0.793107903618115,393.7325,312.27235766131946,Alta Probabilidad
17001,0.9115846172094711,342.5515384615385,312.26471306297697,Alta Probabilidad
15655,0.5566175535689751,560.67,312.07876375951724,Dudoso (Incentivar)
13800,0.5572361265527794,559.8533333333334,311.9705029043287,Dudoso (Incentivar)
15570,0.9229863248609524,337.92333333333335,311.89861551809594,Alta Probabilidad
15529,0.9065751290448075,343.9525,311.81878207278413,Alta Probabilidad
14532,0.8916428402380131,349.61636363636364,311.7329274664133,Alta Probabilidad
17058,0.760091263469602,409.83,311.50820250774694,Alta Probabilidad
15678,0.42287461983305985,736.62,311.49790246142857,Dudoso (Incentivar)
17423,0.7157661787410516,434.98,311.34397242878265,Alta Probabilidad
15632,0.7514580663466891,414.1666666666667,311.2288824785871,Alta Probabilidad
17096,0.88556397035913,351.16125,310.97575078627506,Alta Probabilidad
15389,0.5564802385646488,558.45,310.76638922642815,Dudoso (Incentivar)
17634,0.8578373150262812,362.258,310.7584300667906,Alta Probabilidad
14044,0.8359275591507627,371.6742857142857,310.692778456246,Alta Probabilidad
16841,0.9070413379454632,342.15777777777777,310.35124854400203,Alta Probabilidad
13004,0.9213051535355771,336.7676923076923,310.26581046736044,Alta Probabilidad
15248,0.49143305540640264,631.3100000000001,310.2466022086161,Dudoso (Incentivar)
12388,0.8206361294020367,377.34000000000003,309.65883706856454,Alta Probabilidad
13552,0.9160822207256147,338.00933333333336,309.6443407059846,Alta Probabilidad
16101,0.47914338909168774,646.1533333333333,309.60009800622436,Dudoso (Incentivar)
15291,0.9120386842101895,339.089705882353,309.2629291821614,Alta Probabilidad
12662,0.9179916963443888,336.7742857142857,309.155997828027,Alta Probabilidad
14130,0.6649810429297179,464.6925,309.01170329161795,Dudoso (Incentivar)
16134,0.6819569059684857,452.695,308.7184815474036,Dudoso (Incentivar)
17147,0.8784034566355384,351.21,308.5040780049674,Alta Probabilidad
12802,0.893201518027076,345.20285714285717,308.33571602728387,Alta Probabilidad
15078,0.9194961671782547,335.0794285714286,308.10425027170834,Alta Probabilidad
17644,0.9117843613327796,337.89416666666665,308.08661695223844,Alta Probabilidad
13047,0.8978051221090697,343.1335,308.0670138672125,Alta Probabilidad
17611,0.9176632458629277,335.5394736842105,307.91224253619106,Alta Probabilidad
12486,0.2967535611398162,1037.28,307.81653389910855,Riesgo de Fuga
13168,0.8233102928052016,373.55,307.5475598773831,Alta Probabilidad
13875,0.9011055674650919,341.28833333333336,307.5368172775488,Alta Probabilidad
12823,0.8577152746995906,358.53125,307.51772958213763,Alta Probabilidad
16858,0.7162122567861671,429.259,307.4405571357733,Alta Probabilidad
13246,0.9170178480734636,335.1411111111111,307.3303805120607,Alta Probabilidad
12437,0.91775417860886,334.7268965517241,307.1970080031204,Alta Probabilidad
16912,0.9051507122259507,338.9766666666667,306.82497126131204,Alta Probabilidad
13375,0.3026741279640843,1013.58,306.7844426218366,Riesgo de Fuga
16618,0.8510155401472848,360.3225,306.64004696472,Alta Probabilidad
15596,0.9039534556859966,338.8525,306.30688834283916,Alta Probabilidad
13946,0.8505267033714221,360.12600000000003,306.2967795783368,Alta Probabilidad
16818,0.8000938260303663,382.6566666666667,306.16123648935985,Alta Probabilidad
16029,0.9134749982001604,335.06210000000004,306.070851194442,Alta Probabilidad
15062,0.8880306064931158,344.54285714285714,305.9646023914424,Alta Probabilidad
16966,0.7949827807278018,384.79999999999995,305.9093740240581,Alta Probabilidad
15051,0.7214008495936999,423.925,305.81985516400925,Alta Probabilidad
18136,0.8442423938978243,361.97,305.59041931919546,Alta Probabilidad
14189,0.9143937648228333,333.90444444444444,305.32014204663216,Alta Probabilidad
16377,0.46650828497757085,654.24,305.20838036372595,Dudoso (Incentivar)
14701,0.906741916156145,335.9018181818182,304.5762582585149,Alta Probabilidad
13082,0.9106104999780372,334.2529411764706,304.37423788383535,Alta Probabilidad
17682,0.9016686914707632,337.295,304.1283412896311,Alta Probabilidad
18248,0.6123485146026619,496.46000000000004,304.0065435596376,Dudoso (Incentivar)
14056,0.9148159260464478,332.16636363636366,303.87107955148116,Alta Probabilidad
16933,0.8796553757543464,345.1,303.569070172825,Alta Probabilidad
13979,0.7253941873738433,418.3433333333333,303.4638223265982,Alta Probabilidad
14209,0.9096883500130218,333.58250000000004,303.4561140182189,Alta Probabilidad
15241,0.8997454292173039,337.01142857142855,303.22449245113677,Alta Probabilidad
15116,0.6318504992513733,479.65,303.0670919659212,Dudoso (Incentivar)
14336,0.815556066681695,371.46333333333337,302.94917504980475,Alta Probabilidad
13663,0.6516831977639687,464.51,302.7133621933411,Dudoso (Incentivar)
13148,0.9171149044214346,329.697,302.3700326430337,Alta Probabilidad
14315,0.7686407782579265,393.22249999999997,302.24684842852747,Alta Probabilidad
13475,0.8442131788712153,357.945,302.18188631105716,Alta Probabilidad
14466,0.9043704058560609,334.04499999999996,302.10041222418783,Alta Probabilidad
12928,0.8994875437975498,335.80333333333334,302.0509154990299,Alta Probabilidad
17019,0.90381696659856,334.014,301.88752028145143,Alta Probabilidad
14447,0.78607110085537,383.1766666666667,301.20410418875787,Alta Probabilidad
13280,0.8294936634337782,362.97166666666664,301.0826975059975,Alta Probabilidad
12426,0.4476169814852133,672.605,301.06941983186186,Dudoso (Incentivar)
17596,0.9116763212230493,330.22,301.0537547942754,Alta Probabilidad
12982,0.8773522064929307,343.10125,301.0206387379826,Alta Probabilidad
13647,0.8275260646153046,363.64,300.92157813670934,Alta Probabilidad
17002,0.8707562014891386,345.22333333333336,300.60535839875206,Alta Probabilidad
12649,0.8808150409484728,341.0233333333333,300.3784813143847,Alta Probabilidad
16147,0.5934178177880893,505.9775,300.25606389987297,Dudoso (Incentivar)
13804,0.6942831108474159,432.12000000000006,300.0136178593854,Dudoso (Incentivar)
14346,0.7702232190900787,389.1525,299.73429126695186,Alta Probabilidad
17754,0.8842146588350177,338.9788888888889,299.7301025911623,Alta Probabilidad
14129,0.8197487495722298,365.27599999999995,299.43454424874574,Alta Probabilidad
15599,0.638982887323593,468.575,299.4114064276526,Dudoso (Incentivar)
15381,0.7916704899371968,378.11400000000003,299.3416956321133,Alta Probabilidad
12781,0.5439966261087209,549.26,298.79558685647606,Dudoso (Incentivar)
16503,0.9111888223931193,327.58000000000004,298.48723443953804,Alta Probabilidad
14411,0.28046673894470364,1063.0,298.13614349821995,Riesgo de Fuga
14085,0.9217771638914012,323.3816,298.08577410266355,Alta Probabilidad
18242,0.865147429396894,344.4666666666667,298.01445117958343,Alta Probabilidad
12767,0.3132956559266932,949.82,297.57447991229174,Riesgo de Fuga
14035,0.8618069423376788,344.5516666666667,296.93701832735115,Alta Probabilidad
14036,0.4733755042188446,626.65,296.640759718739,Dudoso (Incentivar)
14619,0.45941350010892645,645.62,296.6065439403251,Dudoso (Incentivar)
13999,0.9083268675704966,326.0604761904762,296.16949097663974,Alta Probabilidad
12747,0.9150681733266204,323.51761904761906,296.0406767008822,Alta Probabilidad
12458,0.6976935302872459,424.00333333333333,295.8243824868932,Dudoso (Incentivar)
14603,0.4482093661008431,660.0,295.81818162655645,Dudoso (Incentivar)
13012,0.878581643112091,336.3966666666667,295.5519361374304,Alta Probabilidad
15755,0.9038309331617794,326.8923076923077,295.455379504946,Alta Probabilidad
16643,0.637165414842294,461.555,294.086883047535,Dudoso (Incentivar)
15687,0.8754536272680511,335.89,294.05611886306565,Alta Probabilidad
14568,0.31955287045889597,919.7,293.89277496104665,Riesgo de Fuga
18194,0.4606505392403329,637.6400000000001,293.7292098412059,Dudoso (Incentivar)
16539,0.8939364219703971,328.2733333333333,293.45548902829546,Alta Probabilidad
17519,0.9051812648992807,323.8125,293.10900834019833,Alta Probabilidad
16186,0.9167712550425051,318.8863157894737,292.3458079421964,Alta Probabilidad
13655,0.8439553165964717,346.238,292.20940090772916,Alta Probabilidad
17646,0.8991888603514349,324.89916666666664,292.14571140413085,Alta Probabilidad
15351,0.6600899158893375,442.5575,292.1277429511955,Dudoso (Incentivar)
16200,0.6431901027715028,453.92299999999994,291.95878102034885,Dudoso (Incentivar)
16714,0.7788500174523107,374.3325,291.5488741579671,Alta Probabilidad
16142,0.5444614489778992,535.34,291.47199209582857,Dudoso (Incentivar)
15221,0.5648451499348784,515.5500000000001,291.2059170489266,Dudoso (Incentivar)
16766,0.5083340338450467,572.8,291.1737345864427,Dudoso (Incentivar)
14628,0.7019381469640664,414.40500000000003,290.886677792644,Alta Probabilidad
13266,0.91499601168131,317.47769230769234,290.4908222593246,Alta Probabilidad
17663,0.9066390340056814,320.28692307692313,290.38462654311354,Alta Probabilidad
15876,0.4007504869941891,724.5699999999999,290.37178036137954,Dudoso (Incentivar)
15079,0.8809175773182429,329.58181818181816,290.3344168008689,Alta Probabilidad
14868,0.8693414916149992,333.95,290.31659112482896,Alta Probabilidad
13971,0.9058864360707799,320.42555555555555,290.2691645482219,Alta Probabilidad
12543,0.2960731496563066,980.25,290.22570495059455,Riesgo de Fuga
13037,0.8838633630651989,328.2909090909091,290.1643069728224,Alta Probabilidad
15106,0.745409961448338,389.225,290.13219224472937,Alta Probabilidad
15390,0.4765823240917147,608.33,289.91932521471284,Dudoso (Incentivar)
18198,0.9108868782779135,318.2536363636364,289.89306132786703,Alta Probabilidad
12417,0.9182090510420549,315.41125,289.61346455048835,Alta Probabilidad
16788,0.7106992885613963,407.2525,289.43406201485004,Alta Probabilidad
14506,0.7443293294559143,388.44,289.1272847338554,Alta Probabilidad
14776,0.901330068928487,320.65714285714284,289.01792467384024,Alta Probabilidad
15712,0.8561417877796588,337.48125,288.93180071711396,Alta Probabilidad
14498,0.8960605262327593,322.39285714285717,288.8835132251114,Alta Probabilidad
15555,0.9132666417689494,316.2880769230769,288.8553498430976,Alta Probabilidad
15738,0.9056245698355486,318.85600000000005,288.7638278394837,Alta Probabilidad
12726,0.9040984875055866,319.20222222222225,288.59024631953326,Alta Probabilidad
16325,0.9035023683361715,319.408,288.5858844655199,Alta Probabilidad
16554,0.8706825567761823,331.2471428571429,288.4111092676625,Alta Probabilidad
17422,0.8992880156925207,320.4942857142857,288.21667024079176,Alta Probabilidad
13803,0.6455985136728426,446.30333333333334,288.13276864723525,Dudoso (Incentivar)
17526,0.8761516384101,328.74,288.0260896109363,Alta Probabilidad
15365,0.8220464825668273,350.20285714285717,287.8830268991389,Alta Probabilidad
15710,0.31999458365856526,898.87,287.6335314131746,Riesgo de Fuga
12947,0.8591287330192886,334.7225,287.56971733804886,Alta Probabilidad
18259,0.726287390701671,395.92,287.5517037266056,Alta Probabilidad
17930,0.8845727666803744,325.0377777777778,287.5195663645297,Alta Probabilidad
13102,0.9222703785015579,311.61321428571426,287.3916370853728,Alta Probabilidad
14631,0.8707094293125344,329.758,287.1233999912427,Alta Probabilidad
17655,0.8871403257734588,323.3566666666667,286.8627386076864,Alta Probabilidad
13630,0.8174287171264585,350.6133333333333,286.601407274098,Alta Probabilidad
16560,0.788801633183933,362.7357142857143,286.12652384271195,Alta Probabilidad
13376,0.7430248878323489,385.0,286.06458181545435,Alta Probabilidad
16241,0.8967712396510011,318.73,285.8278972139636,Alta Probabilidad
13846,0.7738623822950064,368.8866666666667,285.4675146635306,Alta Probabilidad
17145,0.36532972042469786,780.2275,285.0402944426609,Riesgo de Fuga
14293,0.8437669730768491,337.7814285714286,285.00881354728824,Alta Probabilidad
16128,0.8637604904888863,329.8757142857143,284.9336087718003,Alta Probabilidad
16729,0.9135925967650003,311.87399999999997,284.9257775234877,Alta Probabilidad
13634,0.9066949780606217,314.1553846153846,284.8431095614723,Alta Probabilidad
15559,0.25662422712650973,1109.4,284.6989175741499,Riesgo de Fuga
12631,0.501007077970636,568.214,284.67923580200704,Dudoso (Incentivar)
14533,0.7295596169467982,390.03000000000003,284.5501373977597,Alta Probabilidad
16875,0.8692587047972186,327.12111111111113,284.35287335627146,Alta Probabilidad
15189,0.9159932811782161,310.41818181818184,284.34096890101245,Alta Probabilidad
15452,0.7613531584218696,373.4075,284.29497950341425,Alta Probabilidad
14092,0.9184856103485887,309.375625,284.1570597551011,Alta Probabilidad
13538,0.8538426790292281,332.36857142857144,283.7904714536888,Alta Probabilidad
13750,0.8587195713835726,330.46500000000003,283.77676315727234,Alta Probabilidad
14443,0.6686406391842437,423.72333333333336,283.31864043727836,Dudoso (Incentivar)
15628,0.8977064400948362,315.385,283.1231456093099,Alta Probabilidad
14009,0.7717302627965272,366.6366666666667,282.94461111750945,Alta Probabilidad
12801,0.2639009954204975,1071.82,282.8543649115976,Riesgo de Fuga
12806,0.39265036623382327,719.74,282.606174593132,Riesgo de Fuga
13317,0.9203211995949298,307.02172222222225,282.5585996972569,Alta Probabilidad
17491,0.9078888050202257,310.8781818181818,282.24282099776957,Alta Probabilidad
12707,0.4672691541500753,603.42,281.9595529972384,Dudoso (Incentivar)
14032,0.9072311648083466,310.639,281.8213818049,Alta Probabilidad
16825,0.8225438983182869,342.6025,281.8055959235909,Alta Probabilidad
15177,0.2968356209439586,948.93,281.6762257823506,Riesgo de Fuga
16810,0.6688117670375735,421.02000000000004,281.58313015815924,Dudoso (Incentivar)
12505,0.2946898254729371,955.2,281.48772129174955,Riesgo de Fuga
13696,0.41786363981402913,673.4666666666667,281.4172326267548,Dudoso (Incentivar)
15402,0.8553776720883283,328.952,281.37819598879975,Alta Probabilidad
15392,0.6557942140267385,428.7675,281.1832456627096,Dudoso (Incentivar)
15730,0.7851263963720688,357.71000000000004,280.8475632462528,Alta Probabilidad
13476,0.7240467312822928,387.65000000000003,280.67671538158083,Alta Probabilidad
15719,0.9231135632924984,303.7908,280.4334078834787,Alta Probabilidad
17213,0.8333518234868226,336.1244444444444,280.1099186962729,Alta Probabilidad
12742,0.23311563642661876,1201.52,280.093099479311,Riesgo de Fuga
14593,0.9083928269734249,307.99727272727273,279.7825132728322,Alta Probabilidad
13299,0.6887161284962081,406.23333333333335,279.77944859944296,Dudoso (Incentivar)
15861,0.864473472537704,323.08666666666664,279.299852663965,Alta Probabilidad
16717,0.8035154114801527,347.5388888888889,279.2528533109106,Alta Probabilidad
14540,0.8500821983843767,328.09777777777776,278.910080218362,Alta Probabilidad
16807,0.8421697059180712,330.82399999999996,278.6099507906399,Alta Probabilidad
16823,0.8689459076177339,320.4414285714286,278.4462679883233,Alta Probabilidad
15372,0.4853192726263824,572.8085714285714,277.9950392398715,Dudoso (Incentivar)
16549,0.7832549346928434,354.6556,277.7857488164512,Alta Probabilidad
16491,0.3461587487803953,801.66,277.5016225472917,Riesgo de Fuga
16558,0.9231811298637075,300.5785714285715,277.48846518424773,Alta Probabilidad
14691,0.6309590772396985,439.6,277.3696103545715,Dudoso (Incentivar)
14696,0.8853174566505748,313.144,277.2318496453876,Alta Probabilidad
17870,0.456746747286784,606.9,277.1996009283492,Dudoso (Incentivar)
13450,0.9041725634636733,306.09555555555556,276.7632031315039,Alta Probabilidad
15133,0.7466131928707147,370.595,276.6911162119225,Alta Probabilidad
14507,0.8979040089791053,308.02125,276.5735152257552,Alta Probabilidad
16743,0.9021736548603769,306.077,276.1346057586996,Alta Probabilidad
17419,0.9093963146509173,303.4984615384615,276.0003824253001,Alta Probabilidad
17602,0.8098949257307468,340.78444444444443,275.99959232352717,Alta Probabilidad
13435,0.7654029123479766,360.3866666666667,275.8410042380462,Alta Probabilidad
17744,0.8530294530256242,323.14,275.64793745070017,Alta Probabilidad
18235,0.6402377410914063,430.46000000000004,275.5967380302068,Dudoso (Incentivar)
14188,0.7231120642186488,380.45,275.10798483198494,Alta Probabilidad
14490,0.43190213676843225,636.735,275.0072070552477,Dudoso (Incentivar)
13854,0.9162553909522886,299.8193333333333,274.7110804783878,Alta Probabilidad
17537,0.44240552150967793,620.75,274.62322747713256,Dudoso (Incentivar)
14796,0.9206277055396719,298.14421052631576,274.47982045677895,Alta Probabilidad
16983,0.870271564009467,315.2857142857143,274.3841916812705,Alta Probabilidad
16515,0.8829857071723843,310.60857142857145,274.2629290966612,Alta Probabilidad
13397,0.8533955060638505,321.35857142857145,274.2459606922418,Alta Probabilidad
15799,0.8072415448527496,339.47999999999996,274.0423596466114,Alta Probabilidad
13414,0.73386228646742,373.41,274.0315163897993,Alta Probabilidad
14496,0.8108080096722905,337.6985714285714,273.8087065691758,Alta Probabilidad
18245,0.9182707178333152,297.8947058823529,273.5479854093325,Alta Probabilidad
16625,0.8265675813806986,330.806,273.43351532622336,Alta Probabilidad
17738,0.886109128951009,308.443,273.31415806103604,Alta Probabilidad
12399,0.8419242887124652,324.52000000000004,273.22127017296924,Alta Probabilidad
15442,0.45986509548667787,594.0,273.15986671908666,Dudoso (Incentivar)
14127,0.8313193712481277,328.52000000000004,273.10503984243496,Alta Probabilidad
16317,0.5759959751500117,473.8733333333334,272.94913273091987,Dudoso (Incentivar)
14149,0.6111426482335027,446.62,272.948529554047,Dudoso (Incentivar)
14515,0.9044744494144265,301.6025,272.79175512951457,Alta Probabilidad
13900,0.8510687638501123,320.418,272.6977511753253,Alta Probabilidad
16083,0.5951812578149341,457.26,272.15258194845677,Dudoso (Incentivar)
16586,0.5567344928622007,487.5933333333333,271.4600271563233,Dudoso (Incentivar)
15187,0.6280552684675429,431.6,271.0686538705915,Dudoso (Incentivar)
17071,0.9002736621520672,301.0875,271.0611462532105,Alta Probabilidad
12594,0.912794104885202,296.65333333333336,270.7834138612115,Alta Probabilidad
15255,0.7694307639982123,351.89625,270.7598004856059,Alta Probabilidad
17063,0.8664496185499054,312.095,270.41459370133276,Alta Probabilidad
16222,0.42485735740281216,636.025,270.21990074212357,Dudoso (Incentivar)
16156,0.9161469474181716,294.765,270.04805495571736,Alta Probabilidad
13221,0.6369818035582583,423.705,269.89237507665183,Dudoso (Incentivar)
14006,0.853454372118523,316.09499999999997,269.7726597548045,Alta Probabilidad
14857,0.5437574375153899,495.74620000000004,269.565683369992,Dudoso (Incentivar)
16854,0.3825899461477959,704.48,269.52696526219927,Riesgo de Fuga
12878,0.6303641154676318,427.495,269.4775075418353,Dudoso (Incentivar)
18170,0.856527382877112,314.5571428571429,269.42680633673046,Alta Probabilidad
16386,0.6516490589996777,413.345,269.3558802922218,Dudoso (Incentivar)
13134,0.858683630369096,313.478,269.1784270808435,Alta Probabilidad
17048,0.8467567417637051,317.78833333333336,269.08941370385156,Alta Probabilidad
16176,0.5238338826950832,513.1725,268.81714316734264,Dudoso (Incentivar)
12635,0.43279637492778517,620.615,268.5999222258074,Dudoso (Incentivar)
13154,0.4946758032148223,541.6133333333333,267.92301069852397,Dudoso (Incentivar)
12935,0.9081484796415648,294.93899999999996,267.8484044370034,Alta Probabilidad
15841,0.8795713783958223,304.5157142857143,267.84330655747414,Alta Probabilidad
15227,0.8735803969280242,306.5585714285714,267.80355851025945,Alta Probabilidad
16712,0.8827632528831735,303.2966666666667,267.7391520552903,Alta Probabilidad
12516,0.40058759935463273,668.28,267.70468089671397,Dudoso (Incentivar)
13166,0.6109497836400546,437.965,267.5746219919165,Dudoso (Incentivar)
14978,0.8858696987769147,302.0055555555556,267.5375705289548,Alta Probabilidad
15199,0.8524190867973334,313.85625,267.5370580106356,Alta Probabilidad
14352,0.632637490166956,422.66,267.39056159396563,Dudoso (Incentivar)
15518,0.9064266174230061,294.7827272727273,267.1989103565467,Alta Probabilidad
15203,0.9000738380023721,296.8436363636364,267.1811910683987,Alta Probabilidad
13269,0.9176263281126484,291.0733333333333,267.0965540781756,Alta Probabilidad
15606,0.9029261447163555,295.5128571428572,266.8262848141151,Alta Probabilidad
17725,0.8404525562702476,317.4075,266.76594475434865,Alta Probabilidad
14414,0.47602289119007957,559.775,266.46571391592676,Dudoso (Incentivar)
16374,0.7554355578461409,352.7175,266.4553413745962,Alta Probabilidad
13085,0.8124583608625471,327.90000000000003,266.4050965268292,Alta Probabilidad
12720,0.9182822720742593,289.8213333333333,266.13779246892454,Alta Probabilidad
18179,0.859573704979318,309.59,266.115423324547,Alta Probabilidad
15932,0.8358243851293489,318.3125,266.05334959148587,Alta Probabilidad
14409,0.7843402125637502,338.99,265.88348865698566,Alta Probabilidad
13798,0.9214977027128132,288.30924883720934,265.6763104743452,Alta Probabilidad
16624,0.6229190587054433,426.43,265.63137420376216,Dudoso (Incentivar)
12676,0.9076343618906633,292.58125,265.55679614492266,Alta Probabilidad
13473,0.7504116286592222,353.7685714285714,265.4720498541607,Alta Probabilidad
16422,0.9205374076400211,288.30924883720934,265.39944852324646,Alta Probabilidad
17856,0.6962194178963962,380.8766666666667,265.17373115698643,Dudoso (Incentivar)
13862,0.8834822037097574,299.848,264.9103718179633,Alta Probabilidad
16314,0.5327077946992453,497.1333333333334,264.8268016714849,Dudoso (Incentivar)
17369,0.27033457774004815,979.1999999999999,264.7116185230551,Riesgo de Fuga
16223,0.4867734326852631,543.525,264.5735300002576,Dudoso (Incentivar)
16103,0.9027376853676958,293.01736842105265,264.51782094095444,Alta Probabilidad
13637,0.7782747710877865,339.325,264.08808669936315,Alta Probabilidad
18220,0.8234663881492074,320.29333333333335,263.7507943482701,Alta Probabilidad
16449,0.7453187318965028,353.845,263.72730668791803,Alta Probabilidad
13799,0.8578488652597853,307.05125,263.4035663890986,Alta Probabilidad
13239,0.8257590486791694,318.938,263.3659394676369,Alta Probabilidad
12712,0.9170584682534308,287.14875,263.3321928358874,Alta Probabilidad
16098,0.8969280101121495,293.39,263.1497088868035,Alta Probabilidad
14400,0.4543215260962546,578.885,262.9999166342303,Dudoso (Incentivar)
16281,0.38559352977749695,680.98,262.5814819078799,Riesgo de Fuga
12708,0.911731508997003,287.91692307692307,262.5029307426971,Alta Probabilidad
15215,0.6220897077149127,421.8725,262.4425402179595,Dudoso (Incentivar)
15290,0.9155283137124742,286.601875,262.3921313255833,Alta Probabilidad
16993,0.26853746203466516,975.4749999999999,261.951580778265,Riesgo de Fuga
14338,0.5691159693325165,459.925,261.7506621952577,Dudoso (Incentivar)
14852,0.8987243352454393,291.2415384615384,261.74585804970513,Alta Probabilidad
12591,0.586411422972539,446.31666666666666,261.7251915963604,Dudoso (Incentivar)
14410,0.9076998876464379,288.20375,261.6025114942821,Alta Probabilidad
13214,0.5609615642337002,466.31857142857143,261.5867952597959,Dudoso (Incentivar)
17442,0.9028376284740094,289.6881818181818,261.54139106967494,Alta Probabilidad
14665,0.7944343601074653,329.122,261.4658254672892,Alta Probabilidad
17612,0.9114099309622459,286.5828571428571,261.19446204353454,Alta Probabilidad
15128,0.6558142007090622,398.19,261.13865658034143,Dudoso (Incentivar)
12863,0.574795987013015,454.27,261.11257302040235,Dudoso (Incentivar)
14621,0.8471407658654272,308.08666666666664,260.99277475292655,Alta Probabilidad
17799,0.9086608897510148,287.186875,260.95548136231344,Alta Probabilidad
18026,0.2516189372460019,1037.035,260.9376445869076,Riesgo de Fuga
15796,0.9135393714563345,285.38384615384615,260.70937943917585,Alta Probabilidad
16271,0.7354639526525292,354.40000000000003,260.6484248200564,Alta Probabilidad
17406,0.8089975352179091,322.0730769230769,260.5563253908172,Alta Probabilidad
16033,0.9203787288412844,283.0755555555555,260.5367199882626,Alta Probabilidad
15858,0.8856951932347348,294.106,260.4882705014949,Alta Probabilidad
16620,0.7766435055742467,335.146,260.2889643191865,Alta Probabilidad
16710,0.9205979565363764,282.34388888888884,259.92520715164477,Alta Probabilidad
17861,0.9025427656809357,287.36583333333334,259.3599539788735,Alta Probabilidad
14099,0.9146405826453694,283.4428571428572,259.2483400038111,Alta Probabilidad
16124,0.5846992299015277,443.1225,259.0933845020397,Dudoso (Incentivar)
16190,0.7226730476152399,358.3528571428572,258.9719513930573,Alta Probabilidad
18125,0.8314258519455511,311.3,258.8228677106501,Alta Probabilidad
14288,0.6061958984714088,426.6,258.60317028790297,Dudoso (Incentivar)
13631,0.7777199294721817,332.5,258.5918765495004,Alta Probabilidad
17161,0.30167461998640904,856.01,258.236491454566,Riesgo de Fuga
16129,0.5548522447097086,465.34999999999997,258.2004920756629,Dudoso (Incentivar)
14267,0.6161214604377507,418.18,257.6496723258586,Dudoso (Incentivar)
14988,0.8841635667413463,291.2357142857143,257.50000790532084,Alta Probabilidad
17412,0.9112729011266983,282.46,257.3981436522472,Alta Probabilidad
13824,0.9035109205330532,284.88,257.39219104145616,Alta Probabilidad
15129,0.9080236942121818,283.3225,257.26354310343083,Alta Probabilidad
14295,0.46831196165951894,549.1775,257.18639232427046,Dudoso (Incentivar)
13901,0.8924404231407184,288.12,257.12993471530376,Alta Probabilidad
13455,0.6954895514643652,369.518,256.9959080780093,Dudoso (Incentivar)
12482,0.31451261059282193,816.944827586207,256.93945043444074,Riesgo de Fuga
14060,0.9171279281169132,279.6781818181818,256.50067143041446,Alta Probabilidad
14653,0.7650619027001412,335.2033333333333,256.45129999142966,Alta Probabilidad
16110,0.675108025272453,379.6066666666666,256.2755071135916,Dudoso (Incentivar)
14597,0.8629557754706767,296.698,256.03725267059883,Alta Probabilidad
15190,0.30652449335346976,834.4399999999999,255.77629823386928,Riesgo de Fuga
14403,0.7407203739129201,345.1775,255.68000686632698,Alta Probabilidad
13407,0.34171010839566274,748.2333333333332,255.67889343858135,Riesgo de Fuga
15532,0.7073770600609108,361.13142857142856,255.45608823845396,Alta Probabilidad
15571,0.7876933680994377,324.192,255.3638883908929,Alta Probabilidad
16096,0.6442983636113824,396.2425,255.29839434328318,Dudoso (Incentivar)
17158,0.7233922558768946,352.895,255.28151013767672,Alta Probabilidad
13370,0.33796904725569565,754.87,255.12269470190697,Riesgo de Fuga
17085,0.9177757862216825,277.7748148148148,254.93499905924895,Alta Probabilidad
14449,0.8764275981842532,290.84499999999997,254.9045847938991,Alta Probabilidad
17975,0.9186854677298454,277.40222222222224,254.84539027152076,Alta Probabilidad
17591,0.8673272309985937,293.82,254.83808701200678,Alta Probabilidad
13118,0.8838278819104561,288.18571428571425,254.70656945399472,Alta Probabilidad
13937,0.3529562752414941,721.28,254.58030220618485,Riesgo de Fuga
18075,0.9167487308286562,277.64125,254.52726356318163,Alta Probabilidad
15210,0.6489818992454872,392.06333333333333,254.4420066911832,Dudoso (Incentivar)
17429,0.840893280433507,302.17,254.0927225485928,Alta Probabilidad
15854,0.9085141141720374,279.57,253.9932908990765,Alta Probabilidad
13995,0.8997963282749053,281.877,253.63188962514548,Alta Probabilidad
17949,0.899968265432037,281.7567659090909,253.57214788894504,Alta Probabilidad
14891,0.7591428497222688,333.91,253.48538895076277,Alta Probabilidad
16384,0.6425019548537153,394.51666666666665,253.4777295557049,Dudoso (Incentivar)
13338,0.38815050627481507,652.8666666666667,253.4105271966176,Riesgo de Fuga
17353,0.3365984374358058,751.0,252.78542651429015,Riesgo de Fuga
14375,0.684994583420897,368.94,252.72190160730574,Dudoso (Incentivar)
16161,0.9231727864697763,273.7485294117647,252.71719268906233,Alta Probabilidad
16401,0.9160065241433841,275.795,252.63001932612465,Alta Probabilidad
15197,0.8039641712812692,314.23,252.62966154171323,Alta Probabilidad
15214,0.7750738091269979,325.815,252.5306731207128,Alta Probabilidad
15867,0.9190133562068759,274.6284,252.38716759372437,Alta Probabilidad
13769,0.9163764486250239,275.308,252.28576731805808,Alta Probabilidad
16262,0.33351906198572245,755.15,251.8569196585183,Riesgo de Fuga
18066,0.4486167563797063,561.2,251.7637236802912,Dudoso (Incentivar)
15449,0.777007009402268,323.85,251.6337199949245,Alta Probabilidad
13310,0.8201819147871093,306.705,251.55389417478037,Alta Probabilidad
12903,0.3017005841099701,833.53,251.47648787318334,Riesgo de Fuga
14744,0.8648416736533686,290.6775,251.39001559337706,Alta Probabilidad
16611,0.8447487597528387,297.5216666666667,251.3310589162642,Alta Probabilidad
16782,0.9234074714467688,272.01625,251.18183760493216,Alta Probabilidad
12988,0.49626654326982117,505.82,251.02154291674094,Dudoso (Incentivar)
14401,0.8376064123241902,299.68545454545455,251.01845840756235,Alta Probabilidad
18060,0.4232583944440518,592.73,250.87794813882283,Dudoso (Incentivar)
17512,0.9123324269259871,274.6607142857143,250.58187604551085,Alta Probabilidad
13725,0.858193658357518,291.93333333333334,250.5353353298381,Alta Probabilidad
16945,0.9217637366515239,271.6518181818182,250.39879499545313,Alta Probabilidad
12423,0.9040920928747539,276.84625,250.29450556702733,Alta Probabilidad
15386,0.634998920796425,394.14,250.27847464270292,Dudoso (Incentivar)
13021,0.9067263020522847,275.98727272727274,250.24491921349536,Alta Probabilidad
12422,0.8039240783614693,311.116,250.11364356350686,Alta Probabilidad
14732,0.9154433142232614,273.1853333333333,250.08568694385303,Alta Probabilidad
17974,0.8338506795049574,299.7925,249.98217983548994,Alta Probabilidad
13091,0.2528726967431286,988.0,249.83822438221108,Riesgo de Fuga
14047,0.9087704468790573,274.61833333333334,249.56502550451526,Alta Probabilidad
17965,0.9137754236901244,272.9161904761905,249.38410758427565,Alta Probabilidad
12597,0.48296636275812777,516.15,249.28308813760765,Dudoso (Incentivar)
12652,0.49003878885697477,508.515,249.19207471560452,Dudoso (Incentivar)
17723,0.7882037355118856,315.95000000000005,249.0329702349803,Alta Probabilidad
15192,0.73197664654326,340.015,248.88303947440653,Alta Probabilidad
13126,0.9038564211039126,275.259,248.7946146166419,Alta Probabilidad
17585,0.8463352810425213,293.912,248.7480951217695,Alta Probabilidad
14472,0.8658115394044958,287.21,248.66973223236522,Alta Probabilidad
13929,0.8114777420495571,306.42999999999995,248.66112449624575,Alta Probabilidad
17029,0.838473718187905,296.55,248.64938112862322,Alta Probabilidad
16040,0.8143022541799759,305.156,248.48921867654474,Alta Probabilidad
12447,0.5214925312590888,476.49,248.48597621964322,Dudoso (Incentivar)
12639,0.5676376530994558,437.45666666666665,248.3168755993776,Dudoso (Incentivar)
17553,0.32812726853432406,756.6666666666666,248.28296652430518,Riesgo de Fuga
17696,0.9161299109747697,270.93347826086955,248.21026331921513,Alta Probabilidad
17095,0.8306558793340855,298.675,248.096144760108,Alta Probabilidad
16633,0.5539033594449329,447.52,247.88283141879634,Dudoso (Incentivar)
14231,0.8019053148137116,308.90500000000003,247.71256127252963,Alta Probabilidad
13313,0.8914782949181417,277.7488888888889,247.60710588207507,Alta Probabilidad
13485,0.9018071359099172,274.4745454545455,247.52310371654005,Alta Probabilidad
15971,0.8868635290851877,278.913,247.35776748773696,Alta Probabilidad
17231,0.9201886879836408,268.8014285714286,247.3480338852712,Alta Probabilidad
15117,0.7932660114750636,311.64750000000004,247.21936931117492,Alta Probabilidad
16969,0.6217737697708374,397.36,247.06802515613998,Dudoso (Incentivar)
14912,0.8207359554060758,300.83799999999997,246.908563352453,Alta Probabilidad
18239,0.8638313264403108,285.37666666666667,246.5173045017811,Alta Probabilidad
13611,0.8057830330727336,305.83500000000004,246.4366539197995,Alta Probabilidad
12937,0.852920368646758,288.79571428571427,246.31974709217522,Alta Probabilidad
12690,0.6318609486083384,389.01,245.80022761812972,Dudoso (Incentivar)
14451,0.9087091516653636,270.43454545454546,245.7463463810082,Alta Probabilidad
18189,0.5190984382948659,473.295,245.68669535276857,Dudoso (Incentivar)
15425,0.5061622505028976,485.28000000000003,245.6304169240462,Dudoso (Incentivar)
15046,0.9188892239797394,267.2211111111111,245.5465994198926,Alta Probabilidad
14332,0.4558000303686539,538.6,245.493896356557,Dudoso (Incentivar)
14220,0.6478796435280415,378.75,245.38441498624573,Dudoso (Incentivar)
16400,0.7118681323605915,344.49,245.2314529169002,Alta Probabilidad
16960,0.8729907906136243,280.8933333333333,245.21729314476295,Alta Probabilidad
14152,0.8702780527711715,281.76,245.2095441488053,Alta Probabilidad
16245,0.5398840332796366,453.98,245.09655342828944,Dudoso (Incentivar)
17211,0.9040364660318012,271.007,245.00021054988036,Alta Probabilidad
15222,0.7585555373430224,322.81,244.86931300970105,Alta Probabilidad
12847,0.31957699068276146,765.36,244.59144558895832,Riesgo de Fuga
16255,0.9051159149927873,270.16,244.52611559445145,Alta Probabilidad
13203,0.8793742123201206,277.7857142857143,244.27759369378205,Alta Probabilidad
15201,0.8072996322493611,302.17,243.94172987678945,Alta Probabilidad
14634,0.45904813076279183,531.115,243.80734797008017,Dudoso (Incentivar)
17550,0.8751164417689588,278.5155555555555,243.7335419550825,Alta Probabilidad
13591,0.8338273079514105,292.17333333333335,243.62210398852343,Alta Probabilidad
15366,0.7723718712936799,315.35166666666663,243.56875689891407,Alta Probabilidad
16389,0.7268124284641253,335.085,243.5439425919014,Alta Probabilidad
16639,0.7595677175972787,320.54,243.47183619863173,Alta Probabilidad
16763,0.5047514645941422,482.34999999999997,243.46686894698448,Dudoso (Incentivar)
15326,0.715422764352257,340.104,243.31814384726002,Alta Probabilidad
14147,0.8499317020077042,286.2,243.25045311460494,Alta Probabilidad
13320,0.8180408720085331,297.0025,242.96018408871436,Alta Probabilidad
13043,0.47019918896883206,516.42,242.82026516728422,Dudoso (Incentivar)
16269,0.3383203468529748,717.57,242.76853129128915,Riesgo de Fuga
15671,0.7047571377025197,344.3766666666667,242.70191389153476,Alta Probabilidad
13248,0.6255903956137938,387.46999999999997,242.39751058847668,Dudoso (Incentivar)
12463,0.7476425114977927,323.975,242.21748266249742,Alta Probabilidad
16642,0.694950403869113,348.425,242.13809446809572,Dudoso (Incentivar)
17175,0.46643627757083683,519.08,242.11774296147001,Dudoso (Incentivar)
17243,0.903802143500808,267.407962962963,241.68389011511061,Alta Probabilidad
15976,0.8181422461379345,295.352,241.63994868133122,Alta Probabilidad
16979,0.7128567418104739,338.72249999999997,241.4606177278982,Alta Probabilidad
15638,0.6390853345359944,377.5333333333333,241.2760166318224,Dudoso (Incentivar)
15182,0.8781324809953965,274.65819999999997,241.18628659172978,Alta Probabilidad
18160,0.7036843736793724,342.185,240.79023740747604,Alta Probabilidad
16005,0.8675690783204907,277.3857142857143,240.65126848212813,Alta Probabilidad
13742,0.899298821095862,267.48375,240.54782103730028,Alta Probabilidad
14659,0.8696222518778176,276.352,240.32184855093863,Alta Probabilidad
13069,0.9236399044304531,259.71620689655174,239.88425251697083,Alta Probabilidad
16592,0.919936921646524,260.7605,239.8832116570084,Alta Probabilidad
13363,0.3275344839543471,731.36,239.5456201848513,Riesgo de Fuga
14205,0.8826762733080923,271.3,239.47007294848544,Alta Probabilidad
14469,0.45731795765798067,523.365,239.34421290966907,Dudoso (Incentivar)
14246,0.5322374866313611,449.64,239.31526348892518,Dudoso (Incentivar)
13156,0.45229719158745196,528.8466666666667,239.1958621137187,Dudoso (Incentivar)
16086,0.8877397076369793,269.175,238.95733580318392,Alta Probabilidad
14612,0.27214563450811163,877.7,238.8622234077696,Riesgo de Fuga
16958,0.30671115584426,778.49,238.77156771319798,Riesgo de Fuga
17469,0.8901145132985622,268.12615384615384,238.66298093338463,Alta Probabilidad
15793,0.8218650347028733,290.09999999999997,238.42304656730352,Alta Probabilidad
17191,0.9135572878891429,260.95076923076925,238.39347701104717,Alta Probabilidad
14790,0.8625174766870642,276.2457142857143,238.26675643133,Alta Probabilidad
14688,0.9199070866169017,258.69117647058823,237.97184648055762,Alta Probabilidad
13276,0.5481656451205765,433.66,237.71751366298923,Dudoso (Incentivar)
17478,0.3735069419463028,636.4,237.6998178546271,Riesgo de Fuga
13261,0.5034575717095666,472.05,237.65714672550092,Dudoso (Incentivar)
16218,0.9095641022978104,261.275,237.64636082786038,Alta Probabilidad
14193,0.6096491973784558,389.67,237.56200274246288,Dudoso (Incentivar)
15789,0.726321669067849,327.00166666666667,237.50839632130175,Alta Probabilidad
16646,0.3497493439253946,678.8,237.40985465655783,Riesgo de Fuga
14834,0.6508006587163928,364.775,237.39581028327217,Dudoso (Incentivar)
12394,0.6229292460422857,381.08,237.38587708179423,Dudoso (Incentivar)
13577,0.8798390459226393,269.80375,237.38387398635027,Alta Probabilidad
16551,0.7297981068598702,325.214,237.34056152432584,Alta Probabilidad
12866,0.5799331768784504,409.1166666666666,237.26032821392198,Dudoso (Incentivar)
18221,0.7731400987898155,306.78000000000003,237.1839195067396,Alta Probabilidad
14229,0.7864626421028178,301.495,237.11455428078906,Alta Probabilidad
16777,0.761558321601403,310.77,236.66947960406802,Alta Probabilidad
13477,0.8805070292151544,268.65999999999997,236.55701846894337,Alta Probabilidad
15312,0.9051293442364333,261.324,236.5320207532417,Alta Probabilidad
15142,0.5575081124823421,424.236,236.51501160705888,Dudoso (Incentivar)
15145,0.6530925942561785,362.015,236.42931550965045,Dudoso (Incentivar)
15906,0.8616710250232332,274.2766666666667,236.33625650662236,Alta Probabilidad
17314,0.8957878038288654,263.62583333333333,236.15280627422115,Alta Probabilidad
16239,0.8273209486265962,285.18,235.93538812933272,Alta Probabilidad
17692,0.9079046642877285,259.84727272727275,235.9165509115364,Alta Probabilidad
17018,0.665258355212231,354.52,235.84739208984013,Dudoso (Incentivar)
15349,0.661525649139979,356.21,235.6420514801519,Dudoso (Incentivar)
17054,0.7691488482762945,306.27333333333337,235.56978159107499,Alta Probabilidad
14711,0.8849920823161922,266.05,235.45214350022295,Alta Probabilidad
16037,0.7798704993952701,301.868,235.4179479114514,Alta Probabilidad
12908,0.7005619369204713,336.0,235.38881080527835,Alta Probabilidad
15443,0.8050048360059703,292.29375,235.29788228432005,Alta Probabilidad
14312,0.9063675103336267,259.25444444444446,234.97980535403866,Alta Probabilidad
15220,0.8206518785543221,286.06333333333333,234.75841188551124,Alta Probabilidad
17165,0.7845649476239901,299.05333333333334,234.62676280344633,Alta Probabilidad
13740,0.7408137144517695,316.554,234.50754456456542,Alta Probabilidad
13110,0.8519843291501733,275.16125,234.43307298937313,Alta Probabilidad
13267,0.9215506864209498,254.2307142857143,234.2864892592884,Alta Probabilidad
13035,0.6038885171768142,387.66,234.10342256876382,Dudoso (Incentivar)
15005,0.921736812541569,253.67268292682925,233.8194501898437,Alta Probabilidad
17242,0.3997377674845339,584.7466666666667,233.74532707735625,Riesgo de Fuga
17140,0.5137170738709399,454.12,233.28919758627123,Dudoso (Incentivar)
15530,0.5423771015693392,429.73,233.07571185739212,Dudoso (Incentivar)
14225,0.45874673392608517,507.7675,232.93668221881344,Dudoso (Incentivar)
12535,0.626997065360625,371.45,232.89805992820416,Dudoso (Incentivar)
17252,0.6908304158374851,337.01,232.81675844139085,Dudoso (Incentivar)
18193,0.48302973623872775,481.795,232.72131177113783,Dudoso (Incentivar)
16797,0.6456457854121599,360.404,232.69332364568407,Dudoso (Incentivar)
18144,0.9023796582600989,257.8464285714286,232.67537209787272,Alta Probabilidad
12412,0.5091844088762738,456.68333333333334,232.53603312697965,Dudoso (Incentivar)
13626,0.657263010935677,353.52,232.3556196259805,Dudoso (Incentivar)
16950,0.7331350590285577,316.90125,232.3314166249737,Alta Probabilidad
15984,0.9090879910489755,255.5088,232.2799816873345,Alta Probabilidad
18215,0.4801799891326701,483.2875,232.06498649795532,Dudoso (Incentivar)
17822,0.5356747231895448,432.58599999999996,231.7253858056724,Dudoso (Incentivar)
13895,0.3273913839992527,707.725,231.70306724087115,Riesgo de Fuga
16634,0.8424568208771485,274.9683333333333,231.64894794188803,Alta Probabilidad
16235,0.874306230819682,264.52714285714285,231.2777292209281,Alta Probabilidad
15114,0.8516373548528261,271.494,231.2144320184132,Alta Probabilidad
13623,0.8873836263332133,260.49888888888887,231.16244867799503,Alta Probabilidad
15648,0.7228004215659241,319.75,231.1154347957042,Alta Probabilidad
16842,0.44379899173608217,520.5699999999999,231.02844112805226,Dudoso (Incentivar)
16369,0.7875910721387738,293.12,230.85869506531736,Alta Probabilidad
12389,0.4829583304496589,477.77666666666664,230.74622126113653,Dudoso (Incentivar)
15489,0.8472912079406216,272.26500000000004,230.6877407299534,Alta Probabilidad
13719,0.8869326195107069,260.0175,230.6180023936252,Alta Probabilidad
12584,0.7398059883992097,311.37,230.35339060786194,Alta Probabilidad
13775,0.21937056687393758,1049.66,230.26450922489732,Riesgo de Fuga
16485,0.47874063617286683,480.885,230.21919082598907,Dudoso (Incentivar)
13439,0.6999341433901067,328.87,230.1873417367044,Dudoso (Incentivar)
15608,0.33248095091505975,692.3,230.17656231849585,Riesgo de Fuga
15167,0.7069105615723374,325.524,230.11635364527356,Alta Probabilidad
14499,0.8119354536640587,283.244,229.97584563762268,Alta Probabilidad
13842,0.9168092365317386,250.81266666666667,229.94736943915612,Alta Probabilidad
17315,0.923202483811259,248.792,229.68539235237077,Alta Probabilidad
17531,0.5436416625585304,422.2733333333333,229.5653769874658,Dudoso (Incentivar)
14888,0.6214684097596834,369.2,229.4461368832751,Dudoso (Incentivar)
18151,0.7456120711777234,307.728,229.44571143937847,Alta Probabilidad
15696,0.9003826963492131,254.55090909090907,229.19323388541613,Alta Probabilidad
13077,0.8850334226854217,258.882,229.11922253164735,Alta Probabilidad
12963,0.6560151969146405,348.992,228.94405560163423,Dudoso (Incentivar)
15261,0.5480398924522565,417.7266666666667,228.9308774744396,Dudoso (Incentivar)
15434,0.8741605450265091,261.7914285714286,228.84773788326842,Alta Probabilidad
12362,0.621299200428308,368.1133333333333,228.7085196669992,Dudoso (Incentivar)
16748,0.9047427926741939,252.63583333333335,228.5704493795722,Alta Probabilidad
12724,0.6344623328634006,360.2525,228.56664156987222,Dudoso (Incentivar)
14870,0.7457237220339106,306.4916666666667,228.5581064390433,Alta Probabilidad
14748,0.8973431907257657,254.66,228.5174169502235,Alta Probabilidad
15649,0.5500765524455854,415.0875,228.3299009632569,Dudoso (Incentivar)
12868,0.8936268605327765,255.47,228.2948540603084,Alta Probabilidad
18062,0.8153151154911766,279.614,227.97352070294986,Alta Probabilidad
14847,0.43857264203807517,519.775,227.95909501534052,Dudoso (Incentivar)
14600,0.5269328481478823,432.58500000000004,227.94324611605168,Dudoso (Incentivar)
12684,0.7445943978776508,305.7,227.62250743119785,Alta Probabilidad
15995,0.3276627563058355,694.54,227.57489076465498,Riesgo de Fuga
12528,0.5883141251201822,385.83,226.98923889511988,Dudoso (Incentivar)
17348,0.7844035365054344,289.168,226.82440184420346,Alta Probabilidad
17931,0.8958891592650418,253.16,226.80329955953798,Alta Probabilidad
17624,0.6043485154818199,375.15000000000003,226.72134558300476,Dudoso (Incentivar)
17694,0.32089481037253387,706.425,226.68811641741723,Riesgo de Fuga
15946,0.2950925317814025,768.06,226.64876996002397,Riesgo de Fuga
15629,0.40447679005373266,560.225,226.59800970785238,Dudoso (Incentivar)
15658,0.855927725225768,264.65875,226.52876184859522,Alta Probabilidad
15024,0.7829830951592803,289.28333333333336,226.50395971132716,Alta Probabilidad
17929,0.846932184945867,267.40999999999997,226.47813557637426,Alta Probabilidad
17033,0.7442471262620043,303.5833333333333,225.94102341437346,Alta Probabilidad
16499,0.7005496442578673,322.2925,225.78189622197868,Alta Probabilidad
15916,0.9066294467487899,248.933,225.6899880675165,Alta Probabilidad
17307,0.6203302984672172,363.6263636363637,225.56845068509435,Dudoso (Incentivar)
13263,0.9158338987731816,246.2984210526316,225.56844321431026,Alta Probabilidad
12537,0.3077405138411766,732.94,225.555332214752,Riesgo de Fuga
17921,0.8522973341356359,264.6,225.5178746122893,Alta Probabilidad
14021,0.8528832572187623,264.3966666666667,225.49949026445006,Alta Probabilidad
14132,0.7327323652231448,306.86,224.8462535923742,Alta Probabilidad
16319,0.5557607203621303,404.40000000000003,224.74963531444553,Dudoso (Incentivar)
15225,0.5489065314479481,409.40000000000003,224.72233397478996,Dudoso (Incentivar)
15369,0.39478293776676665,568.2963636363637,224.35370795853436,Riesgo de Fuga
14350,0.6917481274653104,324.01,224.13331078003523,Dudoso (Incentivar)
13627,0.7388185158635331,303.3375,224.11136155575446,Alta Probabilidad
13220,0.7199838946539898,310.8225,223.78719409608973,Alta Probabilidad
16719,0.9048967844559617,247.1890909090909,223.68061351622876,Alta Probabilidad
12483,0.9112235472188234,245.425625,223.63760859089675,Alta Probabilidad
14377,0.7237126719835274,308.525,223.28345212371778,Alta Probabilidad
17720,0.8915857013408462,250.41875,223.26977684764802,Alta Probabilidad
13264,0.3085268524137612,722.5600000000001,222.9291624800873,Riesgo de Fuga
18102,0.9076059670842408,245.49104356435646,222.80913600474724,Alta Probabilidad
17004,0.4402191478518421,506.11,222.7993129192958,Dudoso (Incentivar)
16711,0.7357057136247588,302.7083333333333,222.70425039516135,Alta Probabilidad
12872,0.8129765040394075,273.66333333333336,222.4818600171044,Alta Probabilidad
14379,0.6492116686515831,342.68,222.4718546135245,Dudoso (Incentivar)
18231,0.9087188907658377,244.7917857142857,222.44691998287433,Alta Probabilidad
16202,0.7996759924362749,277.9988888888889,222.30903736840395,Alta Probabilidad
13888,0.8154585709503509,272.58,222.27769726964664,Alta Probabilidad
16608,0.3453167640241373,643.3100000000001,222.14572746436778,Riesgo de Fuga
16461,0.31659422602536863,701.455,222.07660281662496,Riesgo de Fuga
15063,0.5988729161910183,370.79999999999995,222.06207732362958,Dudoso (Incentivar)
16059,0.8912196107114001,249.04555555555555,221.95428307162658,Alta Probabilidad
13709,0.7748546281653407,286.3333333333333,221.86670853134254,Alta Probabilidad
16466,0.8897982551458948,249.26500000000001,221.79556206894148,Alta Probabilidad
14412,0.3370132188715688,656.16,221.1345936947686,Riesgo de Fuga
16092,0.8092075575619002,272.762,220.72107181569902,Alta Probabilidad
14548,0.7961754307365079,276.86125,220.430124972998,Alta Probabilidad
16224,0.7648212703023589,288.15000000000003,220.38324903762475,Alta Probabilidad
14963,0.9058310751073494,243.17875,220.27886855576133,Alta Probabilidad
14389,0.7556115681980636,291.4225,220.2022122332002,Alta Probabilidad
14474,0.3095901856123916,711.23,220.1898277131013,Riesgo de Fuga
17366,0.40839682324073506,538.62,219.97069693392473,Dudoso (Incentivar)
16686,0.9168818259435081,239.75538461538463,219.82735482594194,Alta Probabilidad
17853,0.41223510950898723,532.0966666666667,219.3489276527004,Dudoso (Incentivar)
16108,0.4721195596633854,464.47333333333336,219.28694560871818,Dudoso (Incentivar)
12503,0.19469868727013934,1126.0,219.2307218661769,Riesgo de Fuga
12580,0.4164213056863931,526.45,219.22499637860165,Dudoso (Incentivar)
16497,0.9133715365000679,240.0131818181818,219.22120865754286,Alta Probabilidad
13880,0.907448173704597,241.36599999999999,219.02713589438375,Alta Probabilidad
16043,0.8709038810010634,251.29857142857145,218.85690114716581,Alta Probabilidad
14301,0.4855236389852739,450.68,218.81579361788323,Dudoso (Incentivar)
15252,0.48142017873671233,454.21000000000004,218.66585938400212,Dudoso (Incentivar)
17582,0.7549780550227078,289.39,218.4830993430214,Alta Probabilidad
17560,0.8578314068764124,254.48333333333335,218.30379585993234,Alta Probabilidad
13920,0.4919503154841438,443.67,218.2635964708501,Dudoso (Incentivar)
18196,0.535780959755636,407.1133333333333,218.12357246264946,Dudoso (Incentivar)
13969,0.9189452116878414,237.06391304347827,217.84874775528715,Alta Probabilidad
17659,0.8887943516497698,245.07857142857142,217.82444999610894,Alta Probabilidad
14646,0.9222039624366806,236.13900380952384,217.7683249989933,Alta Probabilidad
13887,0.6227041170534626,349.55,217.66622411603788,Dudoso (Incentivar)
12352,0.797787933192444,272.22999999999996,217.181809052979,Alta Probabilidad
12673,0.5168032038529267,420.2,217.16070625899977,Dudoso (Incentivar)
17878,0.43443993603099945,499.74,217.10701363213167,Dudoso (Incentivar)
14657,0.7688795697571152,281.59250000000003,216.5107202468305,Alta Probabilidad
16726,0.8762776810986995,247.04999999999998,216.4844011154337,Alta Probabilidad
13410,0.8687286355229326,249.1342857142857,216.43008809055186,Alta Probabilidad
17388,0.8931368447120513,242.11222222222224,216.23934622177856,Alta Probabilidad
16678,0.8535084229251702,253.33,216.21928877963336,Alta Probabilidad
15441,0.5165762000383094,418.07,215.965011950016,Dudoso (Incentivar)
14527,0.9101900456998461,237.25648936170214,215.94849489471272,Alta Probabilidad
14163,0.7208224272515178,299.5,215.88631696182958,Alta Probabilidad
15561,0.7709951338947029,279.90999999999997,215.80924792846625,Alta Probabilidad
18009,0.8049774869415277,268.02875,215.757109603079,Alta Probabilidad
17462,0.46537587456653184,463.40999999999997,215.65983403287652,Dudoso (Incentivar)
13752,0.8309746409279641,259.196,215.3853030299646,Alta Probabilidad
12500,0.8888367228946261,242.29916666666668,215.36439726009883,Alta Probabilidad
17456,0.4414605923001245,487.78000000000003,215.33564771215475,Dudoso (Incentivar)
15609,0.7209445209795854,298.48,215.18752062198666,Alta Probabilidad
18171,0.7713179945631541,278.4316666666667,214.75935475620994,Alta Probabilidad
16146,0.7380164108545982,290.46,214.3642466968266,Alta Probabilidad
12775,0.8779035328144748,244.12666666666667,214.31966312088835,Alta Probabilidad
17704,0.5531237518798742,387.29,214.21929786555648,Dudoso (Incentivar)
15289,0.6242384122607708,342.92,214.06383633246352,Dudoso (Incentivar)
13840,0.3286043213490921,651.4,214.0528549267986,Riesgo de Fuga
14249,0.4754850069003262,450.0384166666667,213.9865196541619,Dudoso (Incentivar)
13038,0.7228928612066634,295.88,213.88953977382758,Alta Probabilidad
16791,0.9092457634890561,234.96666666666667,213.64244622781186,Alta Probabilidad
15238,0.711760913218393,300.14,213.62792049336846,Alta Probabilidad
17492,0.5703059790127031,374.14000000000004,213.37427898781274,Dudoso (Incentivar)
12564,0.46677740415962143,456.9,213.270595960531,Dudoso (Incentivar)
17438,0.7488204864951273,284.554,213.07986471413443,Alta Probabilidad
18085,0.6351346935558148,335.46250000000003,213.06387213696752,Dudoso (Incentivar)
14475,0.7518811521308525,282.49,212.3989066654445,Alta Probabilidad
14382,0.36714450849070557,578.14,212.2609261388165,Riesgo de Fuga
16416,0.6679098619783133,317.74666666666667,212.22613227740246,Dudoso (Incentivar)
17470,0.8987242182420696,236.05666666666664,212.14984321082878,Alta Probabilidad
15990,0.7919077469697771,267.835,212.1006114096502,Alta Probabilidad
15777,0.8423259978588256,251.80142857142854,212.09888958370632,Alta Probabilidad
17190,0.8612327257632673,246.13833333333332,211.98238773149433,Alta Probabilidad
15071,0.5986194537229776,354.05333333333334,211.94321298879933,Dudoso (Incentivar)
17629,0.848781244455455,249.51799999999997,211.7861985540362,Alta Probabilidad
14708,0.5848870703953121,361.97,211.71157287099112,Dudoso (Incentivar)
13361,0.29177605839879256,725.25,211.6105863537243,Riesgo de Fuga
14702,0.8850024112769134,239.0383333333333,211.54950138761455,Alta Probabilidad
16463,0.6618970999406094,319.37,211.39007680803243,Dudoso (Incentivar)
12826,0.8358921362265974,252.89125,211.38980719551452,Alta Probabilidad
16736,0.3570814159576801,591.312,211.14652623276774,Riesgo de Fuga
14321,0.6243019864242028,338.04333333333335,211.04112449745892,Dudoso (Incentivar)
14713,0.918816163355898,229.6,210.96019110651417,Alta Probabilidad
13431,0.6173203018383311,341.19,210.6235137842202,Dudoso (Incentivar)
14327,0.665064974036623,316.656,210.5968144185409,Dudoso (Incentivar)
13737,0.619949742565597,339.59999999999997,210.5349325752767,Dudoso (Incentivar)
17377,0.9000271384250371,233.59338461538462,210.2403855104037,Alta Probabilidad
13309,0.7916235534225837,265.4066666666667,210.10216856870989,Alta Probabilidad
15967,0.8463040347895042,248.20181818181817,210.05420016936364,Alta Probabilidad
16394,0.6764040533708628,309.65,209.44851512628767,Dudoso (Incentivar)
14682,0.8295321801591733,252.46833333333333,209.43060697115288,Alta Probabilidad
12699,0.32812865473897773,638.11,209.38217587548908,Riesgo de Fuga
16340,0.4352931838621883,480.965,209.36078617627737,Dudoso (Incentivar)
12576,0.8377561983145301,249.708,209.19442476872467,Alta Probabilidad
18118,0.9178171493431011,227.73777777777775,209.02163799773263,Alta Probabilidad
15314,0.7637075797332507,273.4833333333333,208.8612945973818,Alta Probabilidad
18286,0.3217277511583357,648.215,208.54875421710057,Riesgo de Fuga
15061,0.9163132183178337,227.473352293578,208.43683952167484,Alta Probabilidad
12717,0.4695417397076643,443.83500000000004,208.3990580431512,Dudoso (Incentivar)
17038,0.3302093006852258,630.77,208.28612059321986,Riesgo de Fuga
17990,0.8172804456081227,254.6016666666667,208.08096358590407,Alta Probabilidad
15807,0.4554261666648481,456.81,208.04322719416925,Dudoso (Incentivar)
16607,0.9184368914571405,226.45666666666665,207.98615698307916,Alta Probabilidad
16434,0.8847785426486421,234.82625,207.76922725064568,Alta Probabilidad
16511,0.7083247520317931,293.1275,207.62946375119944,Alta Probabilidad
14075,0.7543702932349101,275.1325,207.5517847034539,Alta Probabilidad
15111,0.5350709781205201,387.7966666666667,207.49874174521062,Dudoso (Incentivar)
15322,0.2916709268619532,711.18,207.43052976568384,Riesgo de Fuga
12843,0.9053743320496148,228.94653846153844,207.2823193346868,Alta Probabilidad
17220,0.909359867878767,227.71583333333334,207.07564011390332,Alta Probabilidad
17132,0.339187112821126,610.4549999999999,207.05846895722047,Riesgo de Fuga
12418,0.45920263907665715,450.8733333333333,207.04222455595598,Dudoso (Incentivar)
16087,0.5948354760119197,347.98400000000004,206.99322828453188,Dudoso (Incentivar)
14931,0.7061775664110101,293.0,206.910026958426,Alta Probabilidad
13368,0.7378850392856879,280.375,206.88451788972475,Alta Probabilidad
15803,0.4094671934094277,504.6133333333333,206.622605356976,Dudoso (Incentivar)
12997,0.8301851437515497,248.74833333333333,206.50717086629174,Alta Probabilidad
13023,0.27189990735796904,759.13,206.40737667265503,Riesgo de Fuga
15031,0.8711642949653475,236.41636363636363,205.95749474554395,Alta Probabilidad
13996,0.4597538083850086,447.88,205.91453569947765,Dudoso (Incentivar)
17811,0.9229669372084741,222.83307692307693,205.66756251643264,Alta Probabilidad
16125,0.6705641195711871,306.5964285714286,205.59256418867037,Dudoso (Incentivar)
18183,0.6500463119197678,316.035,205.43738618756385,Dudoso (Incentivar)
14562,0.8956479017812651,229.2709090909091,205.34600866675592,Alta Probabilidad
13062,0.5912776002177151,346.98,205.1615017235428,Dudoso (Incentivar)
16230,0.7568121001499736,271.015,205.1074313221451,Alta Probabilidad
14248,0.5952180512404082,344.31666666666666,204.94349534292652,Dudoso (Incentivar)
15100,0.6533206543536565,313.41428571428565,204.76002622664095,Dudoso (Incentivar)
15716,0.9022757138156592,226.88899999999998,204.71643443192107,Alta Probabilidad
13358,0.4658849610851051,439.03,204.53747446519367,Dudoso (Incentivar)
13208,0.8444520919071173,242.10166666666666,204.4432588708663,Alta Probabilidad
12644,0.425637216381807,480.1933333333333,204.38815372510118,Dudoso (Incentivar)
12693,0.8289704753701568,246.31333333333336,204.18648102334123,Alta Probabilidad
12838,0.6815714791330189,299.4166666666667,204.07386037707806,Dudoso (Incentivar)
13492,0.6470057795315609,315.3,204.00092228630118,Dudoso (Incentivar)
16054,0.46057168336230125,442.66,203.87666135715628,Dudoso (Incentivar)
14898,0.9030017717608066,225.63083333333336,203.7450422638673,Alta Probabilidad
15549,0.7720687470236456,263.8333333333333,203.69747108973849,Alta Probabilidad
14850,0.8040342419274452,252.99428571428572,203.41606872626122,Alta Probabilidad
17075,0.8714677388691274,233.17555555555555,203.2049741595526,Alta Probabilidad
16859,0.8439273973605632,240.74,203.16708164058198,Alta Probabilidad
15279,0.642253888267402,316.108,203.02159211243193,Dudoso (Incentivar)
17179,0.7902483089831686,256.756,202.9009948212824,Alta Probabilidad
13748,0.8368662246138083,242.42142857142858,202.87430569405743,Alta Probabilidad
15527,0.9059933588428931,223.6888888888889,202.66064778027916,Alta Probabilidad
15743,0.6282343199191576,322.55,202.63697988992428,Dudoso (Incentivar)
16860,0.3769634731768407,536.8733333333333,202.38163638936106,Riesgo de Fuga
17293,0.8553504244827804,236.592,202.36906762923,Alta Probabilidad
17658,0.6367497046699311,317.59999999999997,202.2317062031701,Dudoso (Incentivar)
18168,0.9132598888441287,221.35666666666665,202.15616479490683,Alta Probabilidad
13305,0.8961372751252925,225.58,202.1506465227635,Alta Probabilidad
18061,0.9007035538124109,224.1313043478261,201.87586234669803,Alta Probabilidad
16193,0.6402476458180173,315.215,201.8156616765263,Dudoso (Incentivar)
18149,0.8115718504876199,248.59333333333333,201.75135155221906,Alta Probabilidad
15084,0.41803052498822035,482.6,201.74153135931516,Dudoso (Incentivar)
13760,0.6648707847304458,302.985,201.44587471155413,Dudoso (Incentivar)
17218,0.9081892816058195,221.76923076923077,201.4084383745829,Alta Probabilidad
13814,0.29680972752208473,678.2,201.29635720547788,Riesgo de Fuga
16365,0.8546596043649572,235.1422222222222,200.96655861394126,Alta Probabilidad
15172,0.7634351256001868,263.1,200.85978154540916,Alta Probabilidad
13165,0.5120626900280765,392.16,200.81050452141048,Dudoso (Incentivar)
13382,0.7235314454445477,277.51599999999996,200.79155261398907,Alta Probabilidad
17862,0.6397244972025575,313.7225,200.69596857362936,Dudoso (Incentivar)
18241,0.7839973836271399,255.946,200.66099434983195,Alta Probabilidad
16848,0.5326322040067585,376.73333333333335,200.66030565614616,Dudoso (Incentivar)
18159,0.37842044772595707,530.15,200.61960036191613,Riesgo de Fuga
14524,0.881715068472479,227.47,200.5637266254348,Alta Probabilidad
17701,0.47986988234287037,417.95,200.56161732520266,Dudoso (Incentivar)
13398,0.5983554771312074,335.17,200.5508052700668,Dudoso (Incentivar)
12790,0.6772580985119425,295.925,200.4176028021466,Dudoso (Incentivar)
16595,0.5734346016746366,349.3975,200.3566162386138,Dudoso (Incentivar)
12355,0.4228645686487014,473.805,200.35534694859797,Dudoso (Incentivar)
15466,0.49015455527165785,408.6433333333334,200.29839131472787,Dudoso (Incentivar)
14211,0.9129846458556512,219.36285714285714,200.27492044245523,Alta Probabilidad
13199,0.9107232742416624,219.71666666666667,200.1010820721306,Alta Probabilidad
14420,0.4795975979392829,417.2166666666667,200.09611115356785,Dudoso (Incentivar)
15415,0.35740845508830293,559.61,200.0093455519652,Riesgo de Fuga
15223,0.7048845181387342,283.59000000000003,199.89820049896366,Alta Probabilidad
15258,0.6329853121015948,315.66,199.80814361798943,Dudoso (Incentivar)
16837,0.8806634078512756,226.8425,199.77188909550298,Alta Probabilidad
14068,0.526848537313567,379.18,199.77042837855834,Dudoso (Incentivar)
16282,0.4581892123265421,435.85999999999996,199.7063500846466,Dudoso (Incentivar)
14644,0.7463286040324322,267.41,199.5757320043127,Alta Probabilidad
17913,0.8008157601569248,249.13,199.50723032789466,Alta Probabilidad
17126,0.7827990378023693,254.775,199.43762485609864,Alta Probabilidad
12875,0.6097566509916742,326.88,199.31725407615846,Dudoso (Incentivar)
14679,0.4634554707118905,429.81333333333333,199.1993407182467,Dudoso (Incentivar)
12507,0.4040540525452051,492.705,199.07945195928528,Dudoso (Incentivar)
16470,0.8912115508341453,223.30444444444444,199.01150024149058,Alta Probabilidad
16727,0.5774961817508276,344.4425,198.91422858270943,Dudoso (Incentivar)
13874,0.6794073151163164,292.7357142857143,198.88678568151425,Dudoso (Incentivar)
17530,0.8888843886125178,223.72875,198.86899315879285,Alta Probabilidad
14622,0.6201848413965597,320.58000000000004,198.81885645490914,Dudoso (Incentivar)
15506,0.5632619021375603,352.75,198.69063597902442,Dudoso (Incentivar)
18041,0.9203632427210892,215.767,198.58401579220123,Alta Probabilidad
12410,0.587273458517162,337.90333333333336,198.4416592111441,Dudoso (Incentivar)
13863,0.6403226669991622,309.8875,198.42799046970288,Dudoso (Incentivar)
12485,0.28015593552392687,708.1,198.3784179444926,Riesgo de Fuga
15303,0.486119615993981,408.06,198.3659705025039,Dudoso (Incentivar)
18218,0.7072169238841277,280.46,198.34605847254244,Alta Probabilidad
13059,0.8647593116000714,229.177,198.18294475456955,Alta Probabilidad
14905,0.8330251711432839,237.68428571428572,197.99699278521206,Alta Probabilidad
13557,0.8830402179303544,224.07333333333335,197.86576509904762,Alta Probabilidad
15339,0.788636081211394,250.8083333333333,197.796501135161,Alta Probabilidad
14929,0.3227169642288654,612.8100000000001,197.76418284909104,Riesgo de Fuga
12391,0.4326876014818926,457.03599999999994,197.75381063087823,Dudoso (Incentivar)
14276,0.746591469854254,264.82800000000003,197.7183257785624,Alta Probabilidad
15176,0.19977636429350762,988.04,197.38703897655725,Riesgo de Fuga
13601,0.7049820204503687,279.95666666666665,197.36441650521704,Alta Probabilidad
14534,0.9184429269565036,214.85647058823528,197.33340572260275,Alta Probabilidad
12792,0.47719076752973494,413.505,197.32076832738304,Dudoso (Incentivar)
13731,0.646012067102332,305.295,197.22425402600646,Dudoso (Incentivar)
17421,0.5572867442678937,353.1366666666667,196.79838324828313,Dudoso (Incentivar)
14320,0.7303423268728407,269.35,196.71770574319967,Alta Probabilidad
16329,0.4725731766809286,416.23,196.6991333299029,Dudoso (Incentivar)
16931,0.9088682534759359,216.40545454545455,196.6840475153933,Alta Probabilidad
15623,0.6442077765578869,305.1457142857143,196.57724212616822,Dudoso (Incentivar)
15970,0.38628234295555297,508.66,196.48637656777157,Riesgo de Fuga
15045,0.5050795837342428,388.9,196.425450114247,Dudoso (Incentivar)
16444,0.9170685476458381,214.08599999999998,196.3315370913069,Alta Probabilidad
13649,0.8097265935950011,242.28,196.18055909619687,Alta Probabilidad
16038,0.6188788057791361,316.95,196.1536374916972,Dudoso (Incentivar)
13990,0.6300041029645048,311.3,196.12027725285037,Dudoso (Incentivar)
14735,0.9205529717180276,212.9239024390244,196.00773114004332,Alta Probabilidad
12842,0.5291149379824056,369.91,195.72490670907166,Dudoso (Incentivar)
17238,0.9130539666585087,214.35041666666666,195.7134981924041,Alta Probabilidad
16967,0.6134108209446972,319.02,195.6903200977773,Dudoso (Incentivar)
16205,0.5524513482711149,354.16,195.65616950369807,Dudoso (Incentivar)
14909,0.41771929101007366,468.2266666666667,195.5873112320101,Dudoso (Incentivar)
12730,0.23577292079564732,829.25,195.51469456979055,Riesgo de Fuga
14896,0.8552519768395573,228.25,195.21126371362897,Alta Probabilidad
16521,0.5134665304226964,380.03666666666663,195.1361086667401,Dudoso (Incentivar)
14883,0.6281649202856487,310.56,195.08289764391108,Dudoso (Incentivar)
13243,0.7991409877528317,244.07600000000002,195.05113572676018,Alta Probabilidad
14643,0.5801198117774848,336.005,194.92315735629379,Dudoso (Incentivar)
16109,0.6219502113968229,313.16,194.76992820102907,Dudoso (Incentivar)
12951,0.9124039981696317,213.42538461538464,194.73017423396834,Alta Probabilidad
13359,0.3224773954489744,603.75,194.6957275023183,Riesgo de Fuga
18065,0.9165020014459557,212.43260869565216,194.69491104195075,Alta Probabilidad
15243,0.3187977509222347,610.6,194.65790671311652,Riesgo de Fuga
12600,0.8978041956734593,216.7258823529412,194.57740648750314,Alta Probabilidad
14341,0.9114811409871221,213.44214285714287,194.5484879061649,Alta Probabilidad
17576,0.9201768577623426,211.28064516129032,194.4155601705166,Alta Probabilidad
14064,0.9129625067903442,212.9276923076923,194.39499973431384,Alta Probabilidad
16681,0.7565577811514486,256.835,194.31051772203227,Alta Probabilidad
15636,0.5676718352024815,342.17333333333335,194.2421640906838,Dudoso (Incentivar)
17980,0.7625429131946533,254.67333333333332,194.19934551299298,Alta Probabilidad
17994,0.9033889115313618,214.93200000000002,194.16718553325867,Alta Probabilidad
12926,0.5094389203705447,380.9925,194.09240786927475,Dudoso (Incentivar)
17630,0.5782190670613028,335.5,193.99249699906707,Dudoso (Incentivar)
16140,0.4653870221026121,416.21000000000004,193.6987324693282,Dudoso (Incentivar)
17142,0.6074634512395877,318.8125,193.66694154832103,Dudoso (Incentivar)
12820,0.8076153432057254,239.705,193.5894358431284,Alta Probabilidad
15407,0.7836068008354843,246.91,193.48035519428942,Alta Probabilidad
18077,0.8962316597464104,215.79636363636362,193.4035331490581,Alta Probabilidad
14651,0.865458495179454,223.405,193.34775511556592,Alta Probabilidad
13434,0.5119428168679147,377.54,193.27889108031252,Dudoso (Incentivar)
15433,0.724387172789605,266.65,193.15783962434816,Alta Probabilidad
16076,0.6322187220213421,305.45000000000005,193.11120864141898,Dudoso (Incentivar)
17410,0.6384306298642279,302.4,193.06142247094252,Dudoso (Incentivar)
16227,0.5637894744757075,342.4066666666667,193.04527465697876,Dudoso (Incentivar)
16206,0.9065237375684015,212.86909090909091,192.97088390369694,Alta Probabilidad
17310,0.376039026553504,512.55,192.73880305999847,Riesgo de Fuga
16510,0.6503685979853273,296.25,192.67169715315322,Dudoso (Incentivar)
17360,0.808410389671454,238.2925,192.63813278078493,Alta Probabilidad
15471,0.45973022789398055,418.765,192.51892888402276,Dudoso (Incentivar)
13005,0.7149746345469414,269.21,192.4783213663821,Alta Probabilidad
12616,0.5716477488172189,336.7,192.4737970267576,Dudoso (Incentivar)
18177,0.8464719053730724,226.93571428571428,192.09470646862772,Alta Probabilidad
12874,0.40471948223762677,474.21,191.92202567190498,Dudoso (Incentivar)
13889,0.6088191671424432,314.86600000000004,191.69645588147256,Dudoso (Incentivar)
14348,0.46776409721249756,409.57,191.58214129532263,Dudoso (Incentivar)
16347,0.6637084468371521,288.39000000000004,191.40687898336634,Dudoso (Incentivar)
15030,0.8296791750722846,230.62714285714287,191.34653763499225,Alta Probabilidad
17525,0.49401820642109034,387.3,191.3332513468883,Dudoso (Incentivar)
15462,0.6298472807155243,303.725,191.30036533532262,Dudoso (Incentivar)
14684,0.7939927756723061,240.65333333333334,191.07700810812602,Alta Probabilidad
12413,0.7117670730375021,268.4166666666667,191.05014518781618,Alta Probabilidad
14339,0.6150445517047554,310.135,190.74684204295428,Dudoso (Incentivar)
12787,0.6849230479946128,278.31,190.62093348738068,Dudoso (Incentivar)
14825,0.9167985004951216,207.88470588235293,190.58838662881055,Alta Probabilidad
12778,0.8397522427216002,226.91833333333332,190.55517933131432,Alta Probabilidad
15426,0.8245975651433202,231.06833333333336,190.53838504839177,Alta Probabilidad
14803,0.5203906867276042,365.395,190.14815497683296,Dudoso (Incentivar)
15253,0.5017231000422044,378.96333333333337,190.1346584023273,Dudoso (Incentivar)
13811,0.6995027875847202,271.5,189.91500682925152,Dudoso (Incentivar)
16290,0.38789572699877545,489.425,189.84586618637567,Riesgo de Fuga
16395,0.8382082952956939,226.08272727272725,189.504417423074,Alta Probabilidad
17486,0.4774963328182148,396.87,189.50396960556492,Dudoso (Incentivar)
13694,0.9094988572326038,208.35794453781514,189.50131245247712,Alta Probabilidad
12735,0.4859512231298135,389.78499999999997,189.41649750765433,Dudoso (Incentivar)
14623,0.8673012740684811,218.3057142857143,189.3368241364298,Alta Probabilidad
18074,0.37129023533852074,509.72,189.2540587567508,Riesgo de Fuga
14025,0.3730701792095027,507.2375,189.23518502678013,Riesgo de Fuga
16023,0.7554564023851661,250.345,189.1247330551144,Alta Probabilidad
12396,0.20299970864362926,931.43,189.08001862193558,Riesgo de Fuga
16345,0.3079689803511799,613.33,188.8866147187892,Riesgo de Fuga
15025,0.3055601791077684,617.83,188.78424545815255,Riesgo de Fuga
14136,0.60056308495312,314.162,188.67409989504208,Dudoso (Incentivar)
13300,0.412426764328856,456.81,188.4006702130647,Dudoso (Incentivar)
16135,0.45938791084545383,409.725,188.22271177115357,Dudoso (Incentivar)
16943,0.7240660290259163,259.898,188.18331281177763,Alta Probabilidad
14255,0.18792538755586258,1000.63,188.04378055002277,Riesgo de Fuga
14156,0.9096760625588984,206.62162833333335,187.95874930177482,Alta Probabilidad
14022,0.47451318159545136,396.075,187.9428084004184,Dudoso (Incentivar)
13230,0.9160732992333169,205.12040000000002,187.90532156805767,Alta Probabilidad
16175,0.7415485571449272,253.166,187.73488201815263,Alta Probabilidad
15582,0.6179458645106705,303.61,187.61454392408467,Dudoso (Incentivar)
17398,0.7094929956216925,264.225,187.46578676814173,Alta Probabilidad
14199,0.6842450213880026,272.925,186.74757246232062,Dudoso (Incentivar)
17239,0.6277393258232801,297.3625,186.66613527512513,Dudoso (Incentivar)
14745,0.8781876401724565,212.53555555555556,186.64609798607538,Alta Probabilidad
16770,0.8929730854701884,208.90125,186.5431937710792,Alta Probabilidad
14510,0.5710353866175344,326.6166666666667,186.50967452573036,Dudoso (Incentivar)
15356,0.8863074436881917,210.4,186.47908615199555,Alta Probabilidad
16300,0.40838310165776753,455.7733333333333,186.13012751956623,Dudoso (Incentivar)
14829,0.8656447349096977,214.99166666666667,186.10640429946076,Alta Probabilidad
14685,0.3280194564716913,567.08,186.01327337596672,Riesgo de Fuga
13832,0.3328544793692176,557.6899999999999,185.62961459941894,Riesgo de Fuga
17042,0.7614146590426207,243.795,185.6290868012957,Alta Probabilidad
17527,0.6353926909946439,292.11,185.60455896644544,Dudoso (Incentivar)
15996,0.7562989279632334,245.2475,185.4804213356631,Alta Probabilidad
15822,0.6631203191673756,278.95799999999997,184.98271799429273,Dudoso (Incentivar)
16918,0.8428382184176385,219.4090909090909,184.92636728645186,Alta Probabilidad
16393,0.9166201137730889,201.646875,184.83358150448782,Alta Probabilidad
16212,0.5030664725409242,367.17333333333335,184.71259361109293,Dudoso (Incentivar)
16904,0.9001667925166655,205.16000000000003,184.67821915271912,Alta Probabilidad
17124,0.627541039365439,294.24,184.64767542288678,Dudoso (Incentivar)
16677,0.4189780963825117,440.31,184.48024561818374,Dudoso (Incentivar)
16922,0.30179607082004806,611.08,184.42154295671497,Riesgo de Fuga
16353,0.9083580073191385,202.88576923076923,184.29291305187212,Alta Probabilidad
17954,0.9187704703614354,200.446,184.16386570206828,Alta Probabilidad
13885,0.726711876822917,253.4,184.1487895869272,Alta Probabilidad
16198,0.2924815160552754,629.36,184.07616694454813,Riesgo de Fuga
14264,0.707984568921948,259.818,183.9471347281627,Alta Probabilidad
13643,0.8528677310770976,215.65375,183.92412446076764,Alta Probabilidad
16838,0.6336460846261672,289.9025,183.69558404833742,Dudoso (Incentivar)
16351,0.7165649235976681,256.1561538461538,183.5525148098417,Alta Probabilidad
13821,0.7261887792116364,252.718,183.5209759048063,Alta Probabilidad
13232,0.8157393208504766,224.96666666666667,183.51415588066223,Alta Probabilidad
15043,0.3930576476523471,466.66399999999993,183.42585408403488,Riesgo de Fuga
17262,0.8372133777536842,219.07600000000002,183.41335794476615,Alta Probabilidad
15132,0.7475867261196362,244.935,183.1101547621131,Alta Probabilidad
18142,0.6480186404091102,282.48,183.05230554276545,Dudoso (Incentivar)
12434,0.6269325928651857,291.77,182.9201226202752,Dudoso (Incentivar)
13424,0.3192519929355969,572.77,182.85796399372185,Riesgo de Fuga
15269,0.4474292751801191,408.28,182.67642447053902,Dudoso (Incentivar)
13204,0.18894445177207703,966.6600000000001,182.645043749996,Riesgo de Fuga
16367,0.5094549432481534,358.45,182.61412440730058,Dudoso (Incentivar)
16919,0.918692811273418,198.7618181818182,182.60105351927052,Alta Probabilidad
15021,0.8457233695949167,215.59666666666666,182.3351394067654,Alta Probabilidad
16872,0.7912671865132175,230.3675,182.28224358908363,Alta Probabilidad
12809,0.2877903089728503,633.315,182.2619195271407,Riesgo de Fuga
12533,0.26644716767034843,683.945,182.23520809229646,Riesgo de Fuga
16942,0.8111292417112302,224.635,182.2080172118022,Alta Probabilidad
14742,0.31414947085306644,579.85,182.1595706741506,Riesgo de Fuga
16568,0.35675659542308413,510.45000000000005,182.1064041337133,Riesgo de Fuga
15951,0.534815510559736,340.06,181.8693625209438,Dudoso (Incentivar)
15626,0.539901161847959,336.8,181.8387113103926,Dudoso (Incentivar)
15579,0.6501536499965376,279.595,181.77970977078195,Dudoso (Incentivar)
15380,0.7113300306996433,255.54285714285714,181.77530841650312,Alta Probabilidad
17768,0.6002750072660212,302.7075,181.7077467619791,Dudoso (Incentivar)
12955,0.7815624530467873,232.47333333333333,181.69242866796347,Alta Probabilidad
15792,0.38911925521722057,466.92,181.68756264602465,Riesgo de Fuga
14907,0.723950809399007,250.60916666666665,181.42870905114398,Alta Probabilidad
13911,0.9184726309867974,197.52882352941174,181.42481824278562,Alta Probabilidad
16471,0.6088081380800936,297.495,181.11737703813745,Dudoso (Incentivar)
14873,0.4240750825223733,427.065,181.10762511741734,Dudoso (Incentivar)
15271,0.9147687834428486,197.915,181.04646377509138,Alta Probabilidad
14326,0.5767467837997747,313.66,180.90239620663735,Dudoso (Incentivar)
16775,0.8928438297482483,202.3477777777778,180.66496485215862,Alta Probabilidad
14553,0.8521304263431715,211.9416666666667,180.60194277654904,Alta Probabilidad
14239,0.9094123081458632,198.585,180.59564321314625,Alta Probabilidad
17496,0.511264315795099,353.2225,180.5900597859344,Dudoso (Incentivar)
12569,0.8284339057948275,217.74333333333334,180.3859600941184,Alta Probabilidad
14853,0.6465888242907427,278.8925,180.32877367850594,Dudoso (Incentivar)
12813,0.32050216903922985,562.6,180.3145203014707,Riesgo de Fuga
15992,0.42197471155820365,427.305,180.31190412237822,Dudoso (Incentivar)
13237,0.28037848688841593,643.0,180.28336706925145,Riesgo de Fuga
14933,0.407309655032264,442.5,180.23452235177683,Dudoso (Incentivar)
14886,0.4940356537520665,364.8,180.22420648875385,Dudoso (Incentivar)
13478,0.40642991464372713,443.15600000000006,180.11185525385557,Dudoso (Incentivar)
16484,0.630342360538741,285.7,180.0888124059183,Dudoso (Incentivar)
13919,0.36883952598061825,487.935,179.96971410935296,Riesgo de Fuga
14240,0.6161500976229586,292.0,179.9158285059039,Dudoso (Incentivar)
15058,0.89267411730582,201.49,179.8649078959497,Alta Probabilidad
17180,0.8963743592679159,200.56,179.7768414947732,Alta Probabilidad
16309,0.5375383198723649,334.2,179.64530650134435,Dudoso (Incentivar)
18057,0.4532895614347697,396.15333333333336,179.57217072758883,Dudoso (Incentivar)
14180,0.8971502490401788,200.10833333333335,179.52724108501513,Alta Probabilidad
13976,0.6018588980316373,298.09,179.40811891425074,Dudoso (Incentivar)
15969,0.6990784204680013,256.55,179.34856877106574,Dudoso (Incentivar)
15456,0.8571458268103453,209.152,179.27376396903733,Alta Probabilidad
15602,0.9023723641180365,198.58666666666667,179.19911988232047,Alta Probabilidad
16637,0.5897952875616395,303.62,179.07364520946498,Dudoso (Incentivar)
17402,0.8995944366187156,199.00571428571428,179.02443342676222,Alta Probabilidad
17474,0.1709812902089593,1047.0,179.0174108487804,Riesgo de Fuga
14802,0.23819095934685536,751.49,178.99812403956832,Riesgo de Fuga
16370,0.6567816223468029,272.17,178.75625415412935,Dudoso (Incentivar)
13295,0.648053336515955,275.4925,178.53383381012173,Dudoso (Incentivar)
13405,0.7443510386423443,239.762,178.46709372696574,Alta Probabilidad
16348,0.802224164129437,221.96,178.06167547016983,Alta Probabilidad
17770,0.7783142545127809,228.654,177.9646675513654,Alta Probabilidad
18141,0.40324937281495216,441.235,177.92773701400543,Dudoso (Incentivar)
12924,0.893270243795141,199.17909090909095,177.92075509525822,Alta Probabilidad
16088,0.24739057616320662,718.715,177.80331794713905,Riesgo de Fuga
16588,0.5223139303656918,340.32,177.75387678205226,Dudoso (Incentivar)
13506,0.6641696259625978,267.616,177.74241862160656,Dudoso (Incentivar)
15257,0.5179470309705645,342.95,177.6299342713551,Dudoso (Incentivar)
16949,0.7945002883272407,223.4375,177.52115817311784,Alta Probabilidad
16834,0.3948723370878736,449.48,177.48721807425744,Riesgo de Fuga
13717,0.7981924292999218,222.22,177.37432163902864,Alta Probabilidad
17346,0.9119961453612471,194.44529411764708,177.3333587189281,Alta Probabilidad
15154,0.3248294669823568,544.72,176.9411072546294,Riesgo de Fuga
12862,0.35906629890285957,492.31,176.77192961286678,Riesgo de Fuga
15590,0.58992466190063,299.32,176.57624980009655,Dudoso (Incentivar)
17120,0.5739494868846823,307.46,176.4665092375644,Dudoso (Incentivar)
17697,0.5201982709381403,338.95,176.32120393448264,Dudoso (Incentivar)
17507,0.5820203631399914,302.79,176.229945755158,Dudoso (Incentivar)
17068,0.9191755693449097,191.47,175.99454626246987,Alta Probabilidad
17521,0.7389078941821924,238.13666666666666,175.96106289423335,Alta Probabilidad
18163,0.24121402662511002,728.84,175.8064311654452,Riesgo de Fuga
13468,0.9214211570345248,190.70410714285714,175.7187990548074,Alta Probabilidad
16817,0.9051581404651745,194.12545454545455,175.71423545332038,Alta Probabilidad
15059,0.9035633673853167,194.46428571428572,175.71080483618036,Alta Probabilidad
17978,0.6058605304574041,289.9975,175.69803918132104,Dudoso (Incentivar)
15862,0.8904144303534907,197.3109090909091,175.6884807207112,Alta Probabilidad
17368,0.8936461220724053,196.48222222222222,175.58557594505749,Alta Probabilidad
14396,0.6614793926533908,265.29,175.48386807701806,Dudoso (Incentivar)
13970,0.41456770671434684,423.275,175.47614605951514,Dudoso (Incentivar)
12805,0.4890490040226633,358.7375,175.4402170805802,Dudoso (Incentivar)
13417,0.6935610444495748,252.93200000000002,175.42378209471985,Dudoso (Incentivar)
17815,0.2960564387757495,591.96,175.2535694976927,Riesgo de Fuga
17411,0.5633031028094223,310.67333333333335,175.0032526268126,Dudoso (Incentivar)
17676,0.6347246959973046,275.632,174.95043740712907,Dudoso (Incentivar)
17407,0.31609879475013003,552.9,174.77102361734688,Riesgo de Fuga
16084,0.4005511308252441,436.18,174.71239224335497,Dudoso (Incentivar)
16016,0.8669966792000612,201.28,174.5090915893883,Alta Probabilidad
14254,0.28970919310178345,601.03,174.12391632996489,Riesgo de Fuga
16001,0.2984182323665806,583.39,174.09421258033944,Riesgo de Fuga
12945,0.38666253439928416,450.055,174.01940691906984,Riesgo de Fuga
14423,0.5693842991916985,305.53666666666663,173.9677808273676,Dudoso (Incentivar)
14477,0.7349117537824014,236.6,173.88012094491617,Alta Probabilidad
17341,0.5181807304380187,335.51,173.85481686925965,Dudoso (Incentivar)
12605,0.5635555574010149,308.2375,173.70895612439534,Dudoso (Incentivar)
12494,0.8107892222503619,214.135,173.61835010658123,Alta Probabilidad
13304,0.5701404998745964,304.4975,173.60635686056492,Dudoso (Incentivar)
14323,0.578895214208751,299.82,173.5643631240677,Dudoso (Incentivar)
16531,0.7895792264674049,219.79571428571427,173.546130066565,Alta Probabilidad
14478,0.5436484112552333,319.165,173.51354517827656,Dudoso (Incentivar)
14480,0.5100415359604324,340.1566666666667,173.4940287338475,Dudoso (Incentivar)
13282,0.6592607870726994,262.875,173.30317940173586,Dudoso (Incentivar)
15898,0.9019357472384766,192.10666666666668,173.26786994949296,Alta Probabilidad
14479,0.6158110097832352,281.1775,173.15220020332563,Dudoso (Incentivar)
13240,0.8272631505853594,209.09166666666667,172.97383092781044,Alta Probabilidad
14404,0.8760330314700461,197.339,172.87548239726743,Alta Probabilidad
16121,0.7837709855202297,220.33,172.68826123967222,Alta Probabilidad
13453,0.5664502002408142,304.855,172.68517579441342,Dudoso (Incentivar)
13149,0.45816283475911257,376.74,172.60826636714808,Dudoso (Incentivar)
18276,0.653428434471578,264.132,172.59135925384683,Dudoso (Incentivar)
14672,0.6200971941500047,278.285,172.5637476740341,Dudoso (Incentivar)
15948,0.31154687018702903,553.85,172.55023405308603,Riesgo de Fuga
13614,0.5431435737523174,317.6766666666667,172.54404003105702,Dudoso (Incentivar)
16906,0.831917101977228,207.38666666666666,172.52851472205072,Alta Probabilidad
12523,0.9002650603991492,191.423125,172.33155118991888,Alta Probabilidad
17886,0.7964357245612531,216.196,172.18621790724467,Alta Probabilidad
15422,0.7436788102594444,231.42428571428573,172.10533746514173,Alta Probabilidad
17374,0.7095347708719846,242.37,171.9699424162429,Alta Probabilidad
15068,0.5988232343115403,287.1666666666667,171.96207211979734,Dudoso (Incentivar)
13712,0.4476995921346548,383.21,171.56296070192107,Dudoso (Incentivar)
13939,0.7287908985547155,235.382,171.54425928360604,Alta Probabilidad
16493,0.7464440697130926,229.652,171.42237349775115,Alta Probabilidad
12948,0.7514442769379235,227.748,171.13993118405818,Alta Probabilidad
16905,0.8923969419081667,191.6423076923077,171.0210093248393,Alta Probabilidad
17708,0.7736795176151707,221.04500000000002,171.01798897124542,Alta Probabilidad
16555,0.41963338606957956,407.4475,170.978574070585,Dudoso (Incentivar)
13345,0.43875663506686047,389.5,170.89570935854215,Dudoso (Incentivar)
18084,0.48495406721567125,352.375,170.88568943512215,Dudoso (Incentivar)
15747,0.6600005176974015,258.8616666666667,170.8488340120122,Dudoso (Incentivar)
17732,0.6306643760928518,270.8025,170.7854897068845,Dudoso (Incentivar)
16621,0.6960831769709943,245.35,170.78400746983345,Dudoso (Incentivar)
17465,0.46958673369329695,363.2557142857143,170.5800643668541,Dudoso (Incentivar)
16004,0.3969631827846226,429.27799999999996,170.4075611794172,Riesgo de Fuga
18161,0.6995249182316234,243.57666666666668,170.38794783313142,Dudoso (Incentivar)
17472,0.7389260889853155,230.5875,170.38711954390146,Alta Probabilidad
13029,0.4809174916029469,354.09999999999997,170.29288377660347,Dudoso (Incentivar)
13531,0.7128981405958333,238.845,170.27215639061183,Alta Probabilidad
17288,0.893761665260277,190.5,170.26159723208278,Alta Probabilidad
16903,0.5016332958364801,339.275,170.19163644492178,Dudoso (Incentivar)
17090,0.8721072865244552,194.95333333333332,170.02022253223095,Alta Probabilidad
15538,0.30358553110731795,559.7333333333332,169.9269412784694,Riesgo de Fuga
12599,0.8842996548731591,192.0,169.78553373564654,Alta Probabilidad
13612,0.20734810429453315,818.29,169.67088026317353,Riesgo de Fuga
15745,0.5596187590400266,302.85,169.48054117527207,Dudoso (Incentivar)
14747,0.5162623584664294,328.2,169.43730604868213,Dudoso (Incentivar)
17135,0.7822021782828793,216.6,169.42499181607164,Alta Probabilidad
12975,0.4837425632000027,350.01500000000004,169.31715325844897,Dudoso (Incentivar)
14236,0.539923274425164,313.445,169.2362507521955,Dudoso (Incentivar)
13898,0.49294353199803764,343.2,169.17822018172652,Dudoso (Incentivar)
17540,0.6604824836461701,256.1,169.1495640617842,Dudoso (Incentivar)
13360,0.4350771915656182,388.4125,168.98941966898067,Dudoso (Incentivar)
17714,0.5989349520869757,282.036,168.92121814680226,Dudoso (Incentivar)
15953,0.9066575075260703,186.22142857142856,168.83905627651555,Alta Probabilidad
16350,0.6687782429546048,252.35333333333335,168.76841887040436,Dudoso (Incentivar)
17623,0.5506897660993545,306.4533333333333,168.76071445370084,Dudoso (Incentivar)
16372,0.5412360637753612,311.5266666666667,168.6094668277257,Dudoso (Incentivar)
16042,0.6168655274471024,273.2,168.52766209854838,Dudoso (Incentivar)
17749,0.46763597445712757,360.335,168.50560885600905,Dudoso (Incentivar)
14446,0.6831602007115058,246.48499999999999,168.38874207237552,Dudoso (Incentivar)
16115,0.8409615392181744,199.88857142857142,168.09860070069342,Alta Probabilidad
15164,0.8571790771849592,195.845,167.87423637128833,Alta Probabilidad
16458,0.9075157276610358,184.93947368421053,167.8354810337753,Alta Probabilidad
13108,0.44833640076119974,374.23,167.7809312568638,Dudoso (Incentivar)
17841,0.9199545732660435,182.31320147058824,167.7198634596412,Alta Probabilidad
13049,0.5556805117544764,301.78000000000003,167.6932648372659,Dudoso (Incentivar)
13385,0.31317098509043284,534.57,167.4118134997927,Riesgo de Fuga
16188,0.7477978981807192,223.85666666666668,167.3995448270752,Alta Probabilidad
15143,0.5929534510734149,281.815,167.10317681425443,Dudoso (Incentivar)
14500,0.5862640928655892,284.85,166.9973268527631,Dudoso (Incentivar)
13233,0.5721425239373739,291.86,166.98551703636195,Dudoso (Incentivar)
17635,0.395785552603641,421.85999999999996,166.96609322137198,Riesgo de Fuga
14948,0.5996925942661546,278.4,166.95441824369743,Dudoso (Incentivar)
17109,0.7631593627574695,218.7525,166.94301850160335,Alta Probabilidad
14754,0.732983887484079,227.63000000000002,166.84912230800094,Alta Probabilidad
12987,0.6304921291875767,264.4525,166.73521979397762,Dudoso (Incentivar)
15630,0.4819084640555381,345.955,166.71864268233367,Dudoso (Incentivar)
13662,0.8920646211970686,186.879,166.70814434468699,Alta Probabilidad
13579,0.6218109965407023,268.0,166.6453470729082,Dudoso (Incentivar)
17287,0.9145061696081154,182.11888888888888,166.54884749106373,Alta Probabilidad
14417,0.31734856846093545,524.65,166.4969264430298,Riesgo de Fuga
12841,0.9159898486725337,181.71666666666667,166.45062200127725,Alta Probabilidad
15550,0.8433226177669777,197.03555555555556,166.1645405042819,Alta Probabilidad
15484,0.31277251860972777,530.845,166.03372764138095,Riesgo de Fuga
12373,0.4413891677070419,375.8833333333334,165.91083165494862,Dudoso (Incentivar)
13386,0.3967778328372381,417.73,165.7460041110995,Riesgo de Fuga
13000,0.5198340572093958,318.7266666666667,165.68497627416002,Dudoso (Incentivar)
13245,0.2964432209104434,558.72,165.62875638708294,Riesgo de Fuga
13138,0.7112946984945437,232.82333333333335,165.606002685828,Alta Probabilidad
12363,0.553260038387287,299.1,165.48007748163755,Dudoso (Incentivar)
14885,0.39729271903930213,416.4,165.4326882079654,Riesgo de Fuga
16730,0.6875942063153859,240.47,165.34577879266087,Dudoso (Incentivar)
16307,0.41473968491799146,398.3066666666667,165.1935814340688,Dudoso (Incentivar)
17515,0.8610052640208663,191.8575,165.19031744188334,Alta Probabilidad
13711,0.8291879792844419,199.14,165.12449419470374,Alta Probabilidad
15965,0.7781160690260658,211.92600000000002,164.90302604441803,Alta Probabilidad
13864,0.24888107044796853,662.4000000000001,164.85882106473437,Riesgo de Fuga
17695,0.5042134934708319,326.90000000000003,164.82739101561495,Dudoso (Incentivar)
16031,0.5391322203906096,305.63,164.77498051798202,Dudoso (Incentivar)
15643,0.743861244779179,221.33333333333334,164.6412888444583,Alta Probabilidad
15651,0.5879398648363925,280.0266666666667,164.63884055058554,Dudoso (Incentivar)
17919,0.30677614543982096,536.28,164.51791127646717,Riesgo de Fuga
16894,0.37761050165521903,435.65333333333336,164.50727374776838,Riesgo de Fuga
18219,0.899101159437919,182.9366666666667,164.47856910370814,Alta Probabilidad
17397,0.3181964921592438,516.87,164.46622090234834,Riesgo de Fuga
17156,0.27765218340461617,591.87,164.33399779169017,Riesgo de Fuga
16065,0.6591566180416799,249.01625,164.1407091874215,Dudoso (Incentivar)
13173,0.7408271709592416,221.211,163.8791193150648,Alta Probabilidad
14969,0.18081291851623615,906.23,163.8580911469687,Riesgo de Fuga
13462,0.7085925382828153,230.76999999999998,163.52190005952528,Alta Probabilidad
14306,0.6180883863298401,264.52000000000004,163.49673995196932,Dudoso (Incentivar)
16085,0.8733244405716007,187.17333333333332,163.46304662325508,Alta Probabilidad
15329,0.6847287317611185,238.64125,163.40452045838802,Dudoso (Incentivar)
13496,0.3254960333126868,501.01,163.0767676499892,Riesgo de Fuga
16172,0.6911723724033614,235.93,163.06829782112504,Dudoso (Incentivar)
13534,0.9163332751749707,177.92222222222222,163.03605261529782,Alta Probabilidad
13333,0.4810851400345683,338.58,162.88580671290413,Dudoso (Incentivar)
17666,0.3702864638372217,439.87999999999994,162.88160971271705,Riesgo de Fuga
17259,0.6572211763491478,247.82199999999997,162.8738663651985,Dudoso (Incentivar)
14608,0.7351225097887408,221.47375,162.81033895232414,Alta Probabilidad
13543,0.22612509160244926,719.8050000000001,162.765971560901,Riesgo de Fuga
14882,0.6602808320742399,246.41250000000002,162.70145053349367,Dudoso (Incentivar)
12711,0.24296974400208962,669.525,162.67431785299905,Riesgo de Fuga
14671,0.28834057556253867,563.725,162.5447909589921,Riesgo de Fuga
12785,0.4429621288672445,366.8,162.4785088685053,Dudoso (Incentivar)
13546,0.7527327041664648,215.8033333333333,162.44222666813698,Alta Probabilidad
16159,0.5270270499170668,308.1975,162.4284192168152,Dudoso (Incentivar)
16654,0.8004649394322145,202.8642857142857,162.38574817724518,Alta Probabilidad
12994,0.46048215533320114,352.6,162.36600797048672,Dudoso (Incentivar)
14894,0.38765475149575856,418.53000000000003,162.24514314351984,Riesgo de Fuga
12368,0.17678541315627605,917.6999999999999,162.23597365351452,Riesgo de Fuga
17099,0.27847889266141224,582.17,162.12205694069436,Riesgo de Fuga
15910,0.8988905930729676,180.26363636363638,162.03728700039886,Alta Probabilidad
12365,0.5051922959523838,320.69,162.01011738896995,Dudoso (Incentivar)
14867,0.8774991150081151,184.50375,161.9018773406785,Alta Probabilidad
15109,0.4938145843122359,327.7,161.8230392791197,Dudoso (Incentivar)
15681,0.8465409015011675,190.922,161.6232819964059,Alta Probabilidad
13951,0.6246504452453088,258.025,161.1754311344208,Dudoso (Incentivar)
16987,0.7208886814773836,223.53000000000003,161.14024697063957,Alta Probabilidad
16063,0.4804976834855295,335.32,161.12048322636775,Dudoso (Incentivar)
13945,0.37715155162685976,427.075,161.07199891104113,Riesgo de Fuga
16785,0.3016843292892498,533.78,161.03306128801577,Riesgo de Fuga
14587,0.8865573868340035,181.585,160.98552308825253,Alta Probabilidad
14284,0.228350801373717,704.4,160.85030448764624,Riesgo de Fuga
13797,0.4089229064565158,393.15000000000003,160.7680406733792,Dudoso (Incentivar)
16996,0.822683472093571,195.3614285714286,160.72061837030304,Alta Probabilidad
14859,0.4952362122668683,324.38,160.64472253512673,Dudoso (Incentivar)
18109,0.9172596394493443,174.89000000000001,160.41953834329584,Alta Probabilidad
13092,0.8392936417439965,191.1090909090909,160.3966448794754,Alta Probabilidad
15092,0.6196768622243363,258.82,160.3847654809027,Dudoso (Incentivar)
15798,0.3130837126916498,511.78999999999996,160.23311331845943,Riesgo de Fuga
18187,0.22088330839693904,724.89,160.11610142385715,Riesgo de Fuga
16099,0.6901718389867282,231.92,160.06465289780198,Dudoso (Incentivar)
15972,0.45172184180135355,353.866,159.84900127087778,Dudoso (Incentivar)
13465,0.34303720389939263,465.56,159.70440064740123,Riesgo de Fuga
14687,0.412788341768329,386.84000000000003,159.6830421296604,Dudoso (Incentivar)
16623,0.6290599789539777,253.81,159.66171325830908,Dudoso (Incentivar)
14831,0.2856231427615339,558.8566666666667,159.6223974865683,Riesgo de Fuga
17664,0.5390793845134515,295.9266666666667,159.527965327784,Dudoso (Incentivar)
13493,0.5152370361342802,309.315,159.37054383187487,Dudoso (Incentivar)
18106,0.6634581489786581,240.17666666666665,159.3471666945308,Dudoso (Incentivar)
12859,0.27696299502485616,575.1,159.2814184387948,Riesgo de Fuga
16111,0.28993018435448764,549.33,159.26734817145072,Riesgo de Fuga
14467,0.8243709095357609,193.18666666666667,159.25746811018186,Alta Probabilidad
16254,0.4933436909441264,322.48,159.0934734556619,Dudoso (Incentivar)
17987,0.8226253917375279,193.088,158.8390916398158,Alta Probabilidad
12619,0.6166325489941848,257.26666666666665,158.63900043790395,Dudoso (Incentivar)
16450,0.2656714835656244,596.905,158.58063689773903,Riesgo de Fuga
13032,0.6144966943490866,257.9685714285714,158.52083438881337,Dudoso (Incentivar)
17212,0.5983691665479705,264.80333333333334,158.45014986579108,Dudoso (Incentivar)
16011,0.9136278345392181,173.3355,158.36413751377265,Alta Probabilidad
13728,0.8817756397308691,179.45846153846153,158.2420997281945,Alta Probabilidad
13987,0.463174105530055,341.27,158.06742699424186,Dudoso (Incentivar)
15364,0.47578105944321764,331.80000000000007,157.86415552325965,Dudoso (Incentivar)
13211,0.7725075208316724,204.25625,157.78948930187428,Alta Probabilidad
16809,0.819074791461025,192.63666666666666,157.783837577747,Alta Probabilidad
17534,0.43657169806735024,361.3675,157.7628231013532,Dudoso (Incentivar)
14922,0.37366339884367594,421.87,157.63737807018157,Riesgo de Fuga
15105,0.39598247553865795,397.99,157.59706543963048,Riesgo de Fuga
14878,0.9128571497082847,172.60750000000002,157.56599046827276,Alta Probabilidad
16331,0.463758524915492,339.6166666666667,157.5001243700497,Dudoso (Incentivar)
15108,0.7577147780468751,207.8166666666667,157.4657594577748,Alta Probabilidad
16431,0.7576119589040995,207.76,157.4014605819157,Alta Probabilidad
15448,0.3990438745813136,394.405,157.38489935424298,Riesgo de Fuga
17228,0.8837522094815652,177.94666666666666,157.26075983654624,Alta Probabilidad
16986,0.46934342261993117,335.06111111111113,157.25872867572596,Dudoso (Incentivar)
15026,0.775674934346912,202.6675,157.20409975675278,Alta Probabilidad
13890,0.6368624925765446,246.78400000000002,157.16747336801,Dudoso (Incentivar)
14816,0.5778216567482184,271.85,157.08081738700318,Dudoso (Incentivar)
16221,0.8522708697544094,184.30375,157.07671731149924,Alta Probabilidad
17025,0.5442886747148276,288.2175,156.8735211046208,Dudoso (Incentivar)
16104,0.5067933724406221,309.53125,156.86838606326128,Dudoso (Incentivar)
13227,0.6084073592441105,257.7,156.78657647720726,Dudoso (Incentivar)
14223,0.5140601193235411,304.9,156.73693038174767,Dudoso (Incentivar)
13539,0.7499710991851765,208.94500000000002,156.7027113192467,Alta Probabilidad
13503,0.47685602790121784,328.478,156.63671433293624,Dudoso (Incentivar)
17028,0.29479764459771307,531.2766666666666,156.61910996305767,Riesgo de Fuga
16100,0.2687877490679834,582.64,156.60649411696986,Riesgo de Fuga
16264,0.3802836494984182,411.765,156.58749693571616,Riesgo de Fuga
17642,0.42203926569889205,370.73333333333335,156.46402377010259,Dudoso (Incentivar)
17544,0.49652931641603015,314.94,156.37694291206452,Dudoso (Incentivar)
13286,0.21257125891987744,734.91,156.22074389280712,Riesgo de Fuga
12696,0.36670660864701576,425.955,156.2005134862396,Riesgo de Fuga
15809,0.808239141297052,192.98000000000002,155.9739894875051,Alta Probabilidad
15347,0.5366525018663201,290.5,155.89755179216598,Dudoso (Incentivar)
14584,0.7923658249685586,196.65,155.81873948006705,Alta Probabilidad
16419,0.6095641898602249,255.48000000000002,155.73145922549025,Dudoso (Incentivar)
14794,0.8299148757399342,187.64714285714285,155.7311552472394,Alta Probabilidad
18185,0.5113831844737254,304.25,155.58833387613097,Dudoso (Incentivar)
15660,0.8922879885179997,174.185,155.42318328000778,Alta Probabilidad
14695,0.3036986225762527,511.4066666666667,155.31350024297947,Riesgo de Fuga
16600,0.8856508121169583,175.26111111111112,155.22014538807602,Alta Probabilidad
16392,0.6148942667576955,252.23333333333335,155.09683055184942,Dudoso (Incentivar)
16225,0.8537227856101415,181.63333333333333,155.0645152929887,Alta Probabilidad
13184,0.8424519984426133,183.994,155.0061130014502,Alta Probabilidad
17742,0.757247777370032,204.594,154.92835176324434,Alta Probabilidad
13270,0.2624506142855473,590.0,154.84586242847288,Riesgo de Fuga
16574,0.3641820625462344,425.17,154.8392875327825,Riesgo de Fuga
13479,0.7274046274456221,212.8425,154.8226194170948,Alta Probabilidad
14561,0.6971668483281819,222.07,154.81984200823933,Dudoso (Incentivar)
17529,0.24957793145141957,620.125,154.76951474131155,Riesgo de Fuga
18264,0.2564453250866242,603.25,154.70064235850606,Riesgo de Fuga
15235,0.8923810819009343,173.2975,154.64741054072718,Alta Probabilidad
15887,0.45163199542898946,342.3833333333334,154.6312680349622,Dudoso (Incentivar)
16638,0.8896041661200103,173.71363636363637,154.5363746209474,Alta Probabilidad
15047,0.44968489111669685,343.62,154.52072228551938,Dudoso (Incentivar)
15406,0.6456434537723968,239.15,154.40563196966872,Dudoso (Incentivar)
15308,0.4968837182306231,310.47,154.26748799906156,Dudoso (Incentivar)
14633,0.4469991703348299,344.90000000000003,154.17001384848285,Dudoso (Incentivar)
17237,0.45337267984767726,339.72,154.01976679785292,Dudoso (Incentivar)
18098,0.29133464464454895,527.94,153.80721229364318,Riesgo de Fuga
15306,0.3992191590271415,385.06333333333333,153.7246601055212,Riesgo de Fuga
16465,0.4119064688042414,373.12,153.69054164023856,Dudoso (Incentivar)
15246,0.5906904713618658,260.1333333333333,153.65828128360002,Dudoso (Incentivar)
13169,0.4859198867393637,316.20000000000005,153.6478681869868,Dudoso (Incentivar)
15594,0.573454602939012,267.91,153.6342226733907,Dudoso (Incentivar)
12960,0.46476664735566997,330.5175,153.61351036737764,Dudoso (Incentivar)
16768,0.7660179614960748,200.53285714285715,153.61177044155502,Alta Probabilidad
12793,0.5203213223050656,295.1766666666667,153.58671351360158,Dudoso (Incentivar)
18263,0.49863023219097996,307.59999999999997,153.37865942194543,Dudoso (Incentivar)
18214,0.3445649416903397,445.085,153.36068707224484,Riesgo de Fuga
15074,0.3751925798817856,408.73,153.35246317508225,Riesgo de Fuga
13042,0.3089312021935021,496.19666666666666,153.29063275774178,Riesgo de Fuga
17324,0.8120764018268487,188.682,153.22419964949347,Alta Probabilidad
18176,0.3215965117954095,476.35,153.1924983937433,Riesgo de Fuga
18140,0.2855033000021107,536.41,153.1468251541322,Riesgo de Fuga
13705,0.5785019185898079,264.694,153.12598683921064,Dudoso (Incentivar)
15652,0.5726979494908321,267.05,152.9389874115267,Dudoso (Incentivar)
14838,0.3971716538285393,384.96000000000004,152.8951998578345,Riesgo de Fuga
12407,0.6165579438069416,247.98,152.89403890524537,Dudoso (Incentivar)
16899,0.7916843208595032,193.065,152.84653340673998,Alta Probabilidad
14048,0.6116861979094484,249.56333333333336,152.654446504275,Dudoso (Incentivar)
12728,0.7168609239344518,212.7875,152.53904385170216,Alta Probabilidad
12675,0.31843187955243746,478.625,152.40945835078537,Riesgo de Fuga
17342,0.4965714585829081,306.885,152.39033206721575,Dudoso (Incentivar)
13491,0.8879463681932294,171.33880000000002,152.1396651905861,Alta Probabilidad
17143,0.3452331653698016,440.485,152.07003084791705,Riesgo de Fuga
16426,0.4628637887908602,328.37,151.99058232525476,Dudoso (Incentivar)
14224,0.8030756095060058,189.15,151.901751538061,Alta Probabilidad
13723,0.762257916319446,199.01333333333332,151.699488786454,Alta Probabilidad
17897,0.6161712764723759,246.09375,151.63590006937375,Dudoso (Incentivar)
15400,0.7255758047467855,208.98000000000002,151.63083167598325,Alta Probabilidad
14606,0.9109843698061647,166.40668053691277,151.59388500045526,Alta Probabilidad
15087,0.493514671383267,306.94,151.47939323437996,Dudoso (Incentivar)
16572,0.4420375973206266,342.58,151.43324009010024,Dudoso (Incentivar)
14114,0.7770564944282324,194.86999999999998,151.42499906922964,Alta Probabilidad
14573,0.8818861158910574,171.6909090909091,151.41182895198645,Alta Probabilidad
15695,0.5347991784562244,282.76,151.219815700282,Dudoso (Incentivar)
16628,0.7174895885371295,210.74,151.20375588831467,Alta Probabilidad
12493,0.649986048024056,232.5,151.121756165593,Dudoso (Incentivar)
16231,0.5625556728367384,268.6175,151.11229844822256,Dudoso (Incentivar)
12871,0.6099585884837666,247.69,151.08064278154416,Dudoso (Incentivar)
17363,0.49186721944435724,306.82,150.9147002699177,Dudoso (Incentivar)
12837,0.28511888699566884,528.5600000000001,150.70243891043074,Riesgo de Fuga
17871,0.7047077484159056,213.79000000000002,150.65946953383647,Alta Probabilidad
15181,0.5572415491343023,270.24,150.58895623805387,Dudoso (Incentivar)
14399,0.5712604593478507,263.52625,150.54212662521655,Dudoso (Incentivar)
14462,0.872972585312662,172.43875,150.53430139558378,Alta Probabilidad
15081,0.8469533899670812,177.53555555555556,150.36434061746687,Alta Probabilidad
14541,0.8824768590306057,170.29,150.27698432432183,Alta Probabilidad
14008,0.2951561075150694,509.04,150.24626496947093,Riesgo de Fuga
16769,0.5376482720664012,279.2625,150.14500057794336,Dudoso (Incentivar)
16660,0.7518375317062364,199.252,149.805131867531,Alta Probabilidad
17764,0.6166057511635753,242.9225,149.78741058703363,Dudoso (Incentivar)
15478,0.25667524972129596,583.56,149.78540872735945,Riesgo de Fuga
14429,0.28960570559737003,516.28,149.51763368581018,Riesgo de Fuga
17713,0.4991222629877374,299.5225,149.49834801574457,Dudoso (Incentivar)
15373,0.8838604162037885,169.12545454545455,149.48329464520037,Alta Probabilidad
12811,0.7225999845553052,206.78000000000003,149.41922480634602,Alta Probabilidad
17194,0.5516461330748464,270.8333333333333,149.40416104110423,Dudoso (Incentivar)
17101,0.5058397866536566,295.1066666666666,149.2766933067384,Dudoso (Incentivar)
16297,0.49437597644116904,301.9,149.25210728758893,Dudoso (Incentivar)
15824,0.3347776918126078,445.47,149.13341837176242,Riesgo de Fuga
16167,0.5377186397204511,277.22400000000005,149.06851217786235,Dudoso (Incentivar)
12777,0.2869212010389942,519.45,149.04121787970556,Riesgo de Fuga
16138,0.49109204033259746,303.45,149.0218796389267,Dudoso (Incentivar)
13656,0.5184063861424061,287.3,148.93815473871328,Dudoso (Incentivar)
16934,0.5164718801741734,288.02750000000003,148.75810446686677,Dudoso (Incentivar)
14065,0.5008288800862181,297.00666666666666,148.74951624480732,Dudoso (Incentivar)
13571,0.9053780003976236,164.20166666666668,148.66457662862382,Alta Probabilidad
17890,0.5065333212208315,293.445,148.63967044564689,Dudoso (Incentivar)
17984,0.5944328709398423,249.8775,148.53539970827046,Dudoso (Incentivar)
17016,0.2685998278872284,552.4,148.37454492490497,Riesgo de Fuga
13291,0.5098002913923694,290.96799999999996,148.33557118585492,Dudoso (Incentivar)
14560,0.8999414783655386,164.7825806451613,148.29467923469505,Alta Probabilidad
13984,0.8769312986453557,169.052,148.24698989859465,Alta Probabilidad
18044,0.9021130493739286,164.30142857142854,148.2184627450641,Alta Probabilidad
16233,0.7370941278684804,201.01625,148.16789748114243,Alta Probabilidad
14289,0.7479327458542308,198.07333333333335,148.14553208050035,Alta Probabilidad
17043,0.7167792949118149,206.61399999999998,148.09663723890972,Alta Probabilidad
14012,0.450245333597008,328.8,148.04066568669623,Dudoso (Incentivar)
15814,0.4294551432150523,344.555,147.97091687046233,Dudoso (Incentivar)
16168,0.9091652068083121,162.62,147.84844593116773,Alta Probabilidad
17167,0.5111666832886236,289.0366666666667,147.74591424879947,Dudoso (Incentivar)
17226,0.4948880391134157,298.49,147.71913079496346,Dudoso (Incentivar)
13106,0.27997982034851226,526.96,147.53816613085203,Riesgo de Fuga
15272,0.4507459812911603,327.2525,147.50774924248543,Dudoso (Incentivar)
14270,0.2993243533604814,492.65000000000003,147.46214268304118,Riesgo de Fuga
16972,0.393737330476004,374.5,147.4546302632635,Riesgo de Fuga
13961,0.2738489992475221,538.4,147.4403011948659,Riesgo de Fuga
16032,0.44965689003508996,327.62,147.3165903132962,Dudoso (Incentivar)
13499,0.6350674458591775,231.895,147.26896535751396,Dudoso (Incentivar)
13897,0.34662324287730584,424.78,147.23862110942196,Riesgo de Fuga
16835,0.5422225213345279,271.512,147.21992121258032,Dudoso (Incentivar)
17134,0.5545926136064838,265.4,147.1888796511608,Dudoso (Incentivar)
14662,0.7694303357160525,191.22333333333333,147.13303356340927,Alta Probabilidad
13583,0.22155884397013645,664.001,147.11529395501458,Riesgo de Fuga
13216,0.4407467614725301,333.74,147.0948241738422,Dudoso (Incentivar)
14217,0.9017981543799168,163.0614285714286,147.04849533626694,Alta Probabilidad
13278,0.49382776401092077,297.70666666666665,147.0158175311445,Dudoso (Incentivar)
14372,0.34164313903979476,430.04,146.92021551267334,Riesgo de Fuga
17176,0.4882427344291522,300.7733333333333,146.85039471003753,Dudoso (Incentivar)
12819,0.27150062455665447,540.52,146.75151758536288,Riesgo de Fuga
13509,0.747666775737334,196.255,146.73334307233048,Alta Probabilidad
16359,0.8966613748547804,163.59083333333334,146.6855815303059,Alta Probabilidad
16441,0.6910986506562395,212.2325,146.67359437540034,Dudoso (Incentivar)
12933,0.7715580773880134,189.975,146.57674575178785,Alta Probabilidad
15994,0.3847381604015136,380.70500000000004,146.47174135565825,Riesgo de Fuga
13446,0.4149509297231404,352.8990909090909,146.4358058711783,Dudoso (Incentivar)
17193,0.4792003486386312,305.37,146.33341046377882,Dudoso (Incentivar)
14157,0.7109843206372302,205.745,146.2814690495069,Alta Probabilidad
16326,0.8606738189042933,169.87,146.2026616172723,Alta Probabilidad
18116,0.8900378916587666,164.24416666666667,146.18353181725107,Alta Probabilidad
13484,0.554354163029612,263.5733333333333,146.11297459692494,Dudoso (Incentivar)
17665,0.25897662644461417,563.1,145.82973835096223,Riesgo de Fuga
14967,0.4800216859304265,303.762,145.8123473615982,Dudoso (Incentivar)
16246,0.3549964949682224,410.675,145.78818557107473,Riesgo de Fuga
13155,0.6020617285477353,241.98,145.686897073981,Dudoso (Incentivar)
17034,0.6491067285726573,224.23333333333335,145.5513654369422,Dudoso (Incentivar)
14538,0.5344572325300819,272.27250000000004,145.51800684404674,Dudoso (Incentivar)
18072,0.5877842325262275,247.44,145.44133049628974,Dudoso (Incentivar)
12541,0.46541595786274276,312.4,145.3959452363208,Dudoso (Incentivar)
13784,0.8865457994476997,163.98555555555555,145.3807054478752,Alta Probabilidad
15439,0.45808928184464914,317.2625,145.334550781238,Dudoso (Incentivar)
15517,0.544173511795496,267.03,145.31065285475128,Dudoso (Incentivar)
13152,0.4738067661186635,306.6257142857143,145.2813380945396,Dudoso (Incentivar)
14959,0.6875284750408547,211.19,145.1991386438781,Dudoso (Incentivar)
17276,0.2886939789798216,502.49,145.06583749757056,Riesgo de Fuga
15607,0.7636233776041019,189.88555555555556,145.00104929156467,Alta Probabilidad
13977,0.2786566969133114,519.8100000000001,144.84853762250842,Riesgo de Fuga
18243,0.2807818722830547,515.78,144.82167408615393,Riesgo de Fuga
18016,0.7536202444983074,191.952,144.6589131719391,Alta Probabilidad
15405,0.4382496369899186,329.92,144.58732023571395,Dudoso (Incentivar)
17603,0.31105272642064874,464.55333333333334,144.5005809011338,Riesgo de Fuga
13624,0.3127022547027149,462.08,144.4934578530305,Riesgo de Fuga
12593,0.6112987175628245,236.0,144.26649734482658,Dudoso (Incentivar)
17269,0.2931302193791828,491.81,144.1643731928759,Riesgo de Fuga
16049,0.5563506521143278,259.11333333333334,144.15787197151718,Dudoso (Incentivar)
14932,0.43273802648405796,333.065,144.12989079091275,Dudoso (Incentivar)
17926,0.6781681362094341,212.48250000000002,144.09886100212108,Dudoso (Incentivar)
13060,0.4683998851233664,307.53,144.04701667198884,Dudoso (Incentivar)
16228,0.48783054278225146,295.2366666666667,144.02546334922266,Dudoso (Incentivar)
13474,0.6678418769977119,215.53,143.93995974931684,Dudoso (Incentivar)
18043,0.6826517784038557,210.795,143.89958162864076,Dudoso (Incentivar)
13693,0.6437248920580785,223.53555555555556,143.8954013711426,Dudoso (Incentivar)
14128,0.4857913081687085,296.125,143.85495113145882,Dudoso (Incentivar)
15101,0.569499377713667,252.538,143.82023384905403,Dudoso (Incentivar)
14924,0.4628288951450704,310.33666666666664,143.63277655633732,Dudoso (Incentivar)
13140,0.5448930386376974,263.57,143.61745819373792,Dudoso (Incentivar)
15377,0.47369804693058104,302.9375,143.5009020920329,Dudoso (Incentivar)
12596,0.5313864797304235,269.95,143.44778020322784,Dudoso (Incentivar)
15907,0.6427090780345097,223.07,143.36911403715808,Dudoso (Incentivar)
16756,0.7645047073544048,187.48142857142858,143.33043468438575,Alta Probabilidad
12577,0.7246142015978528,197.73166666666665,143.27917377227942,Alta Probabilidad
12379,0.37311414318329617,383.99,143.2720998409539,Riesgo de Fuga
14126,0.3070646219207184,466.33000000000004,143.19344514028862,Riesgo de Fuga
16467,0.3491868394562044,409.88,143.12470175630904,Riesgo de Fuga
13367,0.2803386161318716,510.20000000000005,143.0287619504809,Riesgo de Fuga
13466,0.7047886768806997,202.67000000000002,142.83952114341142,Alta Probabilidad
13745,0.2991662362676647,477.32,142.7980278952817,Riesgo de Fuga
13046,0.5515382734261702,258.83,142.75465131089564,Dudoso (Incentivar)
14013,0.586286918163125,243.35,142.67292153499645,Dudoso (Incentivar)
14497,0.4092645129136495,348.53000000000003,142.64096068579428,Dudoso (Incentivar)
13402,0.46785624689063204,304.6333333333334,142.52460801111624,Dudoso (Incentivar)
13089,0.919592723702339,154.96622125000002,142.5058094811468,Alta Probabilidad
18277,0.5328540461939753,267.4175,142.4944968980774,Dudoso (Incentivar)
13561,0.8687336570521651,163.94545454545457,142.42493428435225,Alta Probabilidad
17046,0.45064557761429536,316.0125,142.4096355958375,Dudoso (Incentivar)
13891,0.49716943922775947,286.40333333333336,142.39098462629443,Dudoso (Incentivar)
15535,0.7738676996920205,183.872,142.29260167777122,Alta Probabilidad
16407,0.8697579815304893,163.5288888888889,142.23055632192367,Alta Probabilidad
14502,0.8041979850617601,176.65666666666667,142.06693538106035,Alta Probabilidad
15737,0.7968649609336185,178.1825,141.98739090155448,Alta Probabilidad
15138,0.2823923046908256,502.52,141.90778095323367,Riesgo de Fuga
14522,0.6729362202993114,210.502,141.65442024544566,Dudoso (Incentivar)
13526,0.23963283705134764,591.0,141.62300669734645,Riesgo de Fuga
13554,0.6082988177611752,232.7642857142857,141.5902398170244,Dudoso (Incentivar)
18207,0.2597264297274816,544.47,141.41324919372192,Riesgo de Fuga
14470,0.5154961829977575,274.245,141.37225070622,Dudoso (Incentivar)
12786,0.1939864909076221,728.5,141.3191586262027,Riesgo de Fuga
17372,0.9035735336895343,156.29916666666665,141.22779033772946,Alta Probabilidad
15806,0.4699153833451778,300.36,141.1437845415576,Dudoso (Incentivar)
13622,0.21399628322339956,658.95,141.01285083005914,Riesgo de Fuga
14902,0.4011132113932664,351.48,140.98327154050529,Dudoso (Incentivar)
14741,0.5233516352513319,269.34999999999997,140.96476295494622,Dudoso (Incentivar)
12817,0.6119359530816568,230.32666666666668,140.94516828678775,Dudoso (Incentivar)
16117,0.6456198465873104,218.13333333333333,140.8312092022453,Dudoso (Incentivar)
14087,0.4413990083255202,319.0,140.80628365584096,Dudoso (Incentivar)
14186,0.4538988225083823,310.12600000000003,140.7658262292346,Dudoso (Incentivar)
17432,0.7225841307070656,194.74714285714285,140.7211949291133,Alta Probabilidad
14620,0.68145322805451,206.39000000000001,140.64513173817033,Dudoso (Incentivar)
14355,0.5021332355879389,280.0166666666667,140.6056748518827,Dudoso (Incentivar)
16017,0.4215156924079112,333.425,140.54386974110778,Dudoso (Incentivar)
17797,0.5895913129897441,238.288,140.49253478970016,Dudoso (Incentivar)
14319,0.2835852441577539,494.85,140.3321580714645,Riesgo de Fuga
13121,0.49455749891558315,283.73,140.32079916731843,Dudoso (Incentivar)
15886,0.48287486747770714,290.5933333333333,140.3202173232385,Dudoso (Incentivar)
14265,0.33282949898568537,421.585,140.31592432988015,Riesgo de Fuga
13452,0.5762548652033431,243.26666666666665,140.1836002084666,Dudoso (Incentivar)
15311,0.9158470259417107,153.05305802469138,140.17318800319768,Alta Probabilidad
16975,0.454034464214436,308.70666666666665,140.1634659994245,Dudoso (Incentivar)
16424,0.6323747870098313,221.53,140.08998656628793,Dudoso (Incentivar)
14577,0.7199366767476676,194.49,140.0204842606539,Alta Probabilidad
17782,0.41105703617792627,339.51,139.55797435276776,Dudoso (Incentivar)
15064,0.4446261032424041,313.6025,139.43585754207604,Dudoso (Incentivar)
17552,0.646482514401121,215.488,139.30922406326877,Dudoso (Incentivar)
17548,0.7613703148703957,182.815,139.1899141130314,Alta Probabilidad
14715,0.692599385711011,200.92,139.15706857705632,Dudoso (Incentivar)
16880,0.46950989122110276,295.83,138.89511111993883,Dudoso (Incentivar)
17291,0.252130747103908,550.8000000000001,138.87361550483254,Riesgo de Fuga
13899,0.46508397991750366,298.5,138.82756800537484,Dudoso (Incentivar)
14427,0.30825692625664125,450.09000000000003,138.74335993885168,Riesgo de Fuga
17746,0.6134575521661014,226.04500000000002,138.6690123793864,Dudoso (Incentivar)
14148,0.5944337492668259,233.145,138.58925647281413,Dudoso (Incentivar)
14078,0.8316920413154459,166.50125,138.4777644940734,Alta Probabilidad
15617,0.5011521526301188,276.18333333333334,138.40987202056164,Dudoso (Incentivar)
13700,0.8678149907906917,159.43875,138.3633373629294,Alta Probabilidad
13389,0.5361549934155649,257.89,138.26901125194004,Dudoso (Incentivar)
12439,0.24190554430540243,571.44,138.23450423787918,Riesgo de Fuga
14583,0.7279716594860718,189.788,138.1602853105426,Alta Probabilidad
14915,0.8389729282793036,164.605,138.09913885941475,Alta Probabilidad
16861,0.5352348578019293,257.61,137.881851718355,Dudoso (Incentivar)
16261,0.7316004733299593,188.38,137.8188971658977,Alta Probabilidad
15952,0.5919843527095432,232.65,137.72515965787522,Dudoso (Incentivar)
13922,0.477097868672709,288.40000000000003,137.5950253252093,Dudoso (Incentivar)
16696,0.7383704836009258,186.30000000000004,137.55842109485252,Alta Probabilidad
14191,0.7478126868085931,183.92000000000002,137.53770935783646,Alta Probabilidad
14987,0.6931714646326582,198.20714285714283,137.39153551494022,Dudoso (Incentivar)
16693,0.6427215123529157,213.7575,137.3865436767784,Dudoso (Incentivar)
17924,0.516719717937143,265.8,137.3441010276926,Dudoso (Incentivar)
14344,0.89902837259999,152.72222222222223,137.30161090429849,Alta Probabilidad
15363,0.4047298881802245,339.055,137.225692236946,Dudoso (Incentivar)
16721,0.46914970114147997,292.47,137.21221309284866,Dudoso (Incentivar)
13548,0.5441203773819859,252.145,137.19723255498084,Dudoso (Incentivar)
16475,0.4425486890672337,310.0,137.19009361084244,Dudoso (Incentivar)
17020,0.2930045718948574,467.81,137.07046877813323,Riesgo de Fuga
15430,0.2870002426775758,477.375,137.00674084820776,Riesgo de Fuga
18284,0.29664386662137926,461.68,136.9545403417584,Riesgo de Fuga
12695,0.5991535174265123,228.5675,136.94702159438435,Dudoso (Incentivar)
12852,0.4392843342438867,311.55,136.8590343336829,Dudoso (Incentivar)
13892,0.5955260859733118,229.73333333333332,136.81219281760215,Dudoso (Incentivar)
17834,0.39638140676996697,344.83500000000004,136.68618240352157,Riesgo de Fuga
13525,0.48269013880765704,282.88,136.54338646591003,Dudoso (Incentivar)
13158,0.48410113903370744,281.765,136.40275743983258,Dudoso (Incentivar)
13708,0.47757446609338683,285.33,136.26632241042606,Dudoso (Incentivar)
14310,0.27674694910468667,492.1,136.1871736544163,Riesgo de Fuga
13675,0.4411546040063564,308.44,136.06972605972058,Dudoso (Incentivar)
12834,0.4355743629303472,312.38,136.06471949218184,Dudoso (Incentivar)
15165,0.2787794566259233,487.75,135.97467996929407,Riesgo de Fuga
18150,0.5958800563501712,227.57999999999998,135.61038322417195,Dudoso (Incentivar)
13604,0.18892392450898662,717.62,135.57558670613898,Riesgo de Fuga
12905,0.2658728326786175,509.21,135.3851051282788,Riesgo de Fuga
14810,0.8762143514901028,154.48499999999999,135.36197408994852,Alta Probabilidad
17041,0.6095456398280806,222.0525,135.3511331879249,Dudoso (Incentivar)
16335,0.3440673789101865,393.36,135.34234416811097,Riesgo de Fuga
16635,0.2859072910348788,473.0,135.23414865949766,Riesgo de Fuga
13963,0.8035338719039791,168.26882352941178,135.20969929131562,Alta Probabilidad
14648,0.4540040163310124,297.77666666666664,135.19180263632776,Dudoso (Incentivar)
14585,0.5479108310950036,246.555,135.0901549606286,Dudoso (Incentivar)
15723,0.580523626707637,232.675,135.07333484419945,Dudoso (Incentivar)
17908,0.590573798227179,228.494,134.94256945212103,Dudoso (Incentivar)
12986,0.4941883690754868,272.98400000000004,134.90551774370272,Dudoso (Incentivar)
17227,0.8264615467891865,163.22,134.895053666931,Alta Probabilidad
16418,0.7443611027222861,181.17666666666665,134.86086338754802,Alta Probabilidad
16010,0.8729539637592092,154.0781818181818,134.5031595469939,Alta Probabilidad
18280,0.5493173071432134,244.07500000000002,134.0746217409798,Dudoso (Incentivar)
17251,0.5033280544662484,266.32666666666665,134.04968298581437,Dudoso (Incentivar)
15860,0.8855271302361544,151.36666666666667,134.0392899467459,Alta Probabilidad
17274,0.2877759307935456,465.4,133.9309181913161,Riesgo de Fuga
16518,0.6034755628777165,221.91666666666666,133.92128532861327,Dudoso (Incentivar)
14636,0.4446309329631162,300.19,133.47375976619784,Dudoso (Incentivar)
15200,0.24304187842827898,549.05,133.44214335104655,Riesgo de Fuga
14570,0.6519561531460091,204.58333333333334,133.3793629977877,Dudoso (Incentivar)
15879,0.4684019546829997,284.45,133.23693600957927,Dudoso (Incentivar)
12632,0.33105353983993296,402.44,133.22918657318263,Riesgo de Fuga
17477,0.23281717567932367,572.15,133.20634706492504,Riesgo de Fuga
15646,0.7867254947883608,169.3025,133.19459308140648,Alta Probabilidad
16573,0.45502340599475743,292.63,133.15349929624585,Dudoso (Incentivar)
16391,0.5060176535096522,263.065,133.11553402051666,Dudoso (Incentivar)
16014,0.5640747301825522,235.69333333333336,132.94865340582635,Dudoso (Incentivar)
12953,0.2662469292976665,498.96000000000004,132.8465678423637,Riesgo de Fuga
12915,0.4912559319594184,270.3666666666667,132.81922880409476,Dudoso (Incentivar)
12614,0.42068611180872717,315.6,132.7685368868343,Dudoso (Incentivar)
17880,0.4826739331191951,274.97333333333336,132.72246030289548,Dudoso (Incentivar)
13094,0.8683506660810064,152.8,132.6839817771778,Alta Probabilidad
15784,0.312719501503225,424.16499999999996,132.64466735511542,Riesgo de Fuga
17609,0.8078147435108353,164.17125,132.6199562106032,Alta Probabilidad
18083,0.2860807037640095,463.53,132.60698861573132,Riesgo de Fuga
15605,0.7515744582302644,176.27142857142857,132.48110343004618,Alta Probabilidad
13459,0.2282922497030285,580.2049999999999,132.45630473894565,Riesgo de Fuga
17757,0.918161072835117,144.1560975609756,132.35851719230917,Alta Probabilidad
13559,0.26717343167432606,495.0,132.25084867879139,Riesgo de Fuga
14142,0.3939137385058,335.67,132.2250246042419,Riesgo de Fuga
16955,0.7071011327156399,186.71833333333333,132.02874499877643,Alta Probabilidad
17951,0.5336510556397792,247.18000000000004,131.90786793304065,Dudoso (Incentivar)
13741,0.7264844077967365,181.565,131.90414150161448,Alta Probabilidad
12403,0.22276869022006207,591.6600000000001,131.80332325560195,Riesgo de Fuga
16287,0.6093919676433333,216.12,131.7017920470772,Dudoso (Incentivar)
12402,0.6280541313198811,209.48333333333335,131.56687294265976,Dudoso (Incentivar)
14512,0.7572929524396832,173.71,131.54935876829737,Alta Probabilidad
14893,0.22997949215567712,571.76,131.49307443492995,Riesgo de Fuga
15508,0.7884486777227864,166.71166666666667,131.44359314429525,Alta Probabilidad
17490,0.39903671390895723,329.09,131.31899218029872,Riesgo de Fuga
14492,0.4780884931410121,274.55857142857144,131.26329369323466,Dudoso (Incentivar)
17241,0.5754955748651173,228.0533333333333,131.24368416657288,Dudoso (Incentivar)
14627,0.2834612213387699,462.75,131.17168017451576,Riesgo de Fuga
14023,0.48015602767723575,273.14,131.14981739976017,Dudoso (Incentivar)
12554,0.27992438794743785,468.5,131.14457575337462,Riesgo de Fuga
16435,0.3920110782104342,334.3566666666666,131.0715174068467,Riesgo de Fuga
17321,0.5193558288051227,252.0125,130.88416080675097,Dudoso (Incentivar)
17454,0.8453006858167764,154.794,130.8474743603221,Alta Probabilidad
17113,0.3404405474617399,384.26500000000004,130.8193869703855,Riesgo de Fuga
16720,0.43156742410416404,302.895,130.71961492403076,Dudoso (Incentivar)
18022,0.5844430406816794,223.6325,130.70045829524565,Dudoso (Incentivar)
17734,0.6116856684032592,213.6675,130.69734755355339,Dudoso (Incentivar)
13648,0.5924252830752443,220.5025,130.63125598129906,Dudoso (Incentivar)
14890,0.4793888196266597,272.4166666666667,130.59350427996256,Dudoso (Incentivar)
13202,0.5783864442634756,225.75714285714284,130.57487112422436,Dudoso (Incentivar)
17150,0.5768716011500088,226.32500000000002,130.56046513027576,Dudoso (Incentivar)
13542,0.5603576743628569,232.91117647058826,130.5135651801758,Dudoso (Incentivar)
12972,0.44896561074500363,290.3,130.33471679927456,Dudoso (Incentivar)
13783,0.3380162268072656,385.5225,130.31286079930405,Riesgo de Fuga
17866,0.32363344247214537,402.65000000000003,130.31100561140934,Riesgo de Fuga
14202,0.46106318463775137,282.58666666666664,130.29030846950002,Dudoso (Incentivar)
15180,0.47762343000771257,272.31,130.0616362254002,Dudoso (Incentivar)
17966,0.7916836637890862,164.14142857142858,129.94808755100317,Alta Probabilidad
15121,0.44023859499569606,295.15,129.9364213129797,Dudoso (Incentivar)
13249,0.7646906955151127,169.90857142857143,129.92750365969349,Alta Probabilidad
12559,0.46210993262189415,280.855,129.7858851265221,Dudoso (Incentivar)
17622,0.22946751051811476,565.105,129.67323753133925,Riesgo de Fuga
15732,0.8398619448189703,154.397,129.67216469421453,Alta Probabilidad
16534,0.2036821835291839,635.9,129.52150050620804,Riesgo de Fuga
17236,0.8208286472089286,157.695,129.44057352161198,Alta Probabilidad
17545,0.5058640853637405,255.84666666666666,129.42364002669513,Dudoso (Incentivar)
16306,0.8054261046617729,160.67428571428573,129.4112640621699,Alta Probabilidad
17375,0.7829469120358067,165.1375,129.29389568631302,Alta Probabilidad
17106,0.2684124395545755,481.58,129.26206264069248,Riesgo de Fuga
17205,0.41999264460736274,307.635,129.20443722378604,Dudoso (Incentivar)
17343,0.6144653628148393,209.99,129.0315815374881,Dudoso (Incentivar)
14775,0.31731766038153275,406.56,129.00866800471596,Riesgo de Fuga
13787,0.632410762999078,203.972,128.99408815044794,Dudoso (Incentivar)
15119,0.48407884576113897,266.4,128.9586045107674,Dudoso (Incentivar)
13404,0.5919996198821688,217.81,128.94343720653518,Dudoso (Incentivar)
18108,0.4554783007042267,282.93666666666667,128.87151214025155,Dudoso (Incentivar)
14984,0.48571671595391674,264.53499999999997,128.48907145486936,Dudoso (Incentivar)
14681,0.6673318127326653,192.53750000000002,128.48639889401557,Dudoso (Incentivar)
18073,0.76442522953455,168.08,128.48459258016717,Alta Probabilidad
14904,0.42369440609918535,302.525,128.17815020515604,Dudoso (Incentivar)
16997,0.5476944661966587,234.0,128.16050509001815,Dudoso (Incentivar)
17547,0.35200435559043874,363.925,128.10318510825041,Riesgo de Fuga
13541,0.3259708786764568,392.625,127.98431624034384,Riesgo de Fuga
17431,0.31729290954667627,403.3,127.96423042017454,Riesgo de Fuga
15424,0.6420025581504388,199.26,127.92542973705643,Dudoso (Incentivar)
16354,0.5302647438475254,241.22,127.91046151090008,Dudoso (Incentivar)
15889,0.6988479824266085,182.79999999999998,127.74941118758402,Dudoso (Incentivar)
18071,0.6547218325222939,194.9466666666667,127.6358388441128,Dudoso (Incentivar)
14692,0.8752763965900577,145.8081818181818,127.62245997516614,Alta Probabilidad
16366,0.31345328514037757,406.9433333333333,127.55772469930905,Riesgo de Fuga
17244,0.5853611375508002,217.785,127.48287534150103,Dudoso (Incentivar)
13537,0.35498195553153145,358.925,127.41189838915493,Riesgo de Fuga
13813,0.36416106084762906,349.6525,127.3298253280256,Riesgo de Fuga
13179,0.22232561932363942,572.3100000000001,127.2391751951121,Riesgo de Fuga
18031,0.28188751459788597,451.3,127.21583533802594,Riesgo de Fuga
16509,0.3492526122382338,363.7,127.02317507104563,Riesgo de Fuga
15835,0.5201254134951931,244.155,126.99122033191888,Dudoso (Incentivar)
17255,0.6362085586848298,199.49333333333334,126.91936606723232,Dudoso (Incentivar)
16472,0.32146730099127807,394.8,126.91529043135658,Riesgo de Fuga
16119,0.5861599470021762,216.24166666666667,126.7522038729956,Dudoso (Incentivar)
17555,0.6661122128726821,190.22,126.70786513264159,Dudoso (Incentivar)
16411,0.5643927880877591,224.41333333333333,126.65726688406764,Dudoso (Incentivar)
15574,0.639943649969189,197.868,126.62437013210348,Dudoso (Incentivar)
14430,0.31099247621550685,406.9666666666667,126.56357140383744,Riesgo de Fuga
14549,0.5541022548342317,228.4,126.55695500413853,Dudoso (Incentivar)
12440,0.2945234957206627,429.6,126.52729376159671,Riesgo de Fuga
13878,0.33122704675953096,381.77666666666664,126.45475782169785,Riesgo de Fuga
12993,0.7436583583476689,170.02833333333334,126.4429912392569,Alta Probabilidad
17683,0.4629584361131448,273.00333333333333,126.38919625367558,Dudoso (Incentivar)
16946,0.5170082911454891,244.408,126.36096242228669,Dudoso (Incentivar)
13258,0.7074716659439215,178.48999999999998,126.27661765433054,Alta Probabilidad
12942,0.6368011603949182,198.26000000000002,126.25219805989649,Dudoso (Incentivar)
13587,0.39402819011047535,320.3666666666667,126.23349783839262,Riesgo de Fuga
17032,0.3383362996800492,373.04,126.21297323264555,Riesgo de Fuga
15236,0.39293326154727115,321.05,126.1512236197514,Riesgo de Fuga
14204,0.4322304154184211,291.4066666666667,125.95482458903071,Dudoso (Incentivar)
16399,0.6286126750047459,200.305,125.91426186682564,Dudoso (Incentivar)
17678,0.4193228045968092,299.88,125.74652264249114,Dudoso (Incentivar)
18078,0.6924529655464837,181.3825,125.59885002323507,Dudoso (Incentivar)
14316,0.45801943861953764,274.068,125.52847150357944,Dudoso (Incentivar)
17172,0.393001813505819,319.405,125.5267442428261,Riesgo de Fuga
15137,0.3048107018664109,411.7,125.49056595840136,Riesgo de Fuga
14324,0.35751958105976345,350.805,125.41965663367031,Riesgo de Fuga
17105,0.392667760246358,319.4,125.41808262268674,Riesgo de Fuga
16177,0.45829451283638417,273.62285714285713,125.39985401518526,Dudoso (Incentivar)
16590,0.4134861820056033,302.95,125.26563883859751,Dudoso (Incentivar)
14917,0.22268187516774854,561.875,125.11937860987871,Riesgo de Fuga
14730,0.7087384845465099,176.4333333333333,125.04509329015588,Alta Probabilidad
13720,0.5787542807143617,216.05,125.03986234833786,Dudoso (Incentivar)
13516,0.565373634955399,220.925,124.90517030252154,Dudoso (Incentivar)
17516,0.7871421869953681,158.6575,124.88601153321761,Alta Probabilidad
17157,0.43918220586156814,284.2882352941176,124.85433427696309,Dudoso (Incentivar)
13610,0.8400762427031913,148.575,124.81432775962664,Alta Probabilidad
13497,0.6413327386770795,194.47166666666666,124.72104657842945,Dudoso (Incentivar)
17345,0.8354689501918507,149.04,124.51829233659343,Alta Probabilidad
14342,0.6672343263814826,186.49333333333334,124.43475364130397,Dudoso (Incentivar)
17601,0.6021379659281249,206.54,124.3655754827949,Dudoso (Incentivar)
13026,0.744643096485557,166.90666666666667,124.28589709074937,Alta Probabilidad
14504,0.6869450248204706,180.90333333333334,124.27064480677254,Dudoso (Incentivar)
15631,0.20827291952816948,596.67,124.27020289487288,Riesgo de Fuga
15230,0.5785198629654091,214.8,124.26606656496989,Dudoso (Incentivar)
15254,0.31523765635868894,393.995,124.20206041704165,Riesgo de Fuga
12877,0.892059773908497,139.22733333333332,124.19910349521626,Alta Probabilidad
14133,0.3980895158119045,311.75,124.10440655436122,Riesgo de Fuga
15864,0.5096467897902465,243.43,124.06331803863971,Dudoso (Incentivar)
12588,0.5002476558139722,247.96,124.04140873563256,Dudoso (Incentivar)
15600,0.41329112571333015,299.8275,123.91604499481349,Dudoso (Incentivar)
16787,0.4871221820194379,254.3825,123.91535846755966,Dudoso (Incentivar)
16947,0.648146471596682,191.042,123.82319822677333,Dudoso (Incentivar)
14177,0.6709846331057714,184.47,123.77653526902165,Dudoso (Incentivar)
17851,0.47749134914647584,258.72499999999997,123.53894930792194,Dudoso (Incentivar)
13781,0.4757292876065324,259.61,123.50408035553188,Dudoso (Incentivar)
15551,0.5956729963102806,207.29166666666666,123.47804819348524,Dudoso (Incentivar)
14262,0.514194251635905,240.0,123.40662039261721,Dudoso (Incentivar)
16739,0.2662105541091372,463.43,123.36995709079744,Riesgo de Fuga
17351,0.7708384733021594,159.96800000000002,123.30948889719984,Alta Probabilidad
16702,0.4439811003633595,277.7075,123.29688142915765,Dudoso (Incentivar)
15587,0.5169468348304047,238.32,123.19876967678205,Dudoso (Incentivar)
17198,0.47231903111355733,260.83,123.19497288534915,Dudoso (Incentivar)
14839,0.4036647046600114,305.0933333333333,123.15541029373841,Dudoso (Incentivar)
14953,0.5384934640872296,228.54999999999998,123.07268121713632,Dudoso (Incentivar)
13444,0.39737207709869565,309.54,123.00255274513026,Riesgo de Fuga
16292,0.5170336464557213,237.8775,122.99067123477083,Dudoso (Incentivar)
15961,0.27243900630370615,451.28999999999996,122.94899915479954,Riesgo de Fuga
13884,0.7970061286173198,154.21,122.90631509407689,Alta Probabilidad
15325,0.597401559889256,205.67428571428573,122.87013911482282,Dudoso (Incentivar)
17123,0.38876296770067775,315.935,122.82382820051363,Riesgo de Fuga
18236,0.8068004031531137,152.20125000000002,122.79602986040787,Alta Probabilidad
12492,0.27164783259652403,452.0,122.78482033362886,Riesgo de Fuga
14230,0.3759297005799811,326.6,122.77864020942184,Riesgo de Fuga
17051,0.6946762669824119,176.6225,122.69545896510105,Dudoso (Incentivar)
12353,0.60314940991736,203.38,122.66852698899267,Dudoso (Incentivar)
18096,0.45487649947416414,269.6033333333333,122.63622051323289,Dudoso (Incentivar)
14675,0.29239843848511266,419.22,122.57927338172894,Riesgo de Fuga
16174,0.3960205713165498,309.3,122.48916270820885,Riesgo de Fuga
15850,0.6344270801392358,192.9675,122.42380758676798,Dudoso (Incentivar)
18258,0.35655200896924216,343.27833333333336,122.39657938561318,Riesgo de Fuga
13396,0.31594296687896656,387.27000000000004,122.35523278321739,Riesgo de Fuga
17104,0.2580962284462203,474.03,122.34535517036181,Riesgo de Fuga
16806,0.6166767278687724,198.315,122.29624528729559,Dudoso (Incentivar)
13030,0.30344564461506474,402.36,122.09438956731745,Riesgo de Fuga
17396,0.5788925433867629,210.9,122.08843740026829,Dudoso (Incentivar)
16069,0.2666204482855691,457.7,122.03217918030496,Riesgo de Fuga
14618,0.6094109272631195,200.13600000000002,121.9650653387317,Dudoso (Incentivar)
14813,0.5487049717307341,222.2275,121.9373341052917,Dudoso (Incentivar)
16907,0.7950301234274257,153.32,121.89401852389291,Alta Probabilidad
14880,0.7000394798169448,173.835,121.69136297397861,Alta Probabilidad
17162,0.8354450302227432,145.66,121.69092310224477,Alta Probabilidad
17756,0.5008741158641501,242.91666666666666,121.67067064533312,Dudoso (Incentivar)
17854,0.6829378340305038,178.08333333333334,121.61984594359889,Dudoso (Incentivar)
13836,0.39198856573099605,310.185,121.58897326126902,Riesgo de Fuga
13738,0.2794957854412322,434.78000000000003,121.51917759413895,Riesgo de Fuga
16355,0.2915935162939855,416.35,121.40496050900087,Riesgo de Fuga
14398,0.34303366202628605,353.895,121.39789782279249,Riesgo de Fuga
12881,0.4073154685235811,298.0,121.38000962002717,Dudoso (Incentivar)
15677,0.37420028637853064,324.2,121.31573284391963,Riesgo de Fuga
16805,0.5728098954342897,211.38,121.08055569690016,Dudoso (Incentivar)
16587,0.5376527430717745,225.15,121.05251510261003,Dudoso (Incentivar)
18232,0.6524519718491137,185.49,121.02331625829211,Dudoso (Incentivar)
17356,0.6392844367389975,189.294,121.0127081680718,Dudoso (Incentivar)
12979,0.23361749811799132,517.7,120.94377877568411,Riesgo de Fuga
17195,0.21471037834450665,562.98,120.87764880039036,Riesgo de Fuga
15855,0.7412704112843587,163.03400000000002,120.85228023333414,Alta Probabilidad
14738,0.7018142327316318,172.19000000000003,120.8453927340597,Alta Probabilidad
17322,0.6529224205094917,184.518,120.47593918757039,Dudoso (Incentivar)
15090,0.31585215591321647,381.32,120.4407440928277,Riesgo de Fuga
12971,0.9119115426690364,132.02859154929578,120.39839659613843,Alta Probabilidad
17796,0.6223481744484813,193.415,120.37147216095302,Dudoso (Incentivar)
13751,0.4062054998530118,296.25,120.33837933145475,Dudoso (Incentivar)
15581,0.8950833456463412,134.40575757575758,120.30435516504016,Alta Probabilidad
13809,0.5308825055352632,226.5666666666667,120.2802796707728,Dudoso (Incentivar)
15244,0.4157291314263639,289.225,120.23925803679012,Dudoso (Incentivar)
15408,0.4499549192556681,267.18,120.21895532672941,Dudoso (Incentivar)
16614,0.3567699118541117,336.8,120.16010631246483,Riesgo de Fuga
16961,0.4287699438857489,280.195,120.13919442706741,Dudoso (Incentivar)
15186,0.3627536872330057,330.5966666666667,119.92515982027426,Riesgo de Fuga
13936,0.42553666066289136,281.54,119.80559144303044,Dudoso (Incentivar)
17649,0.33712318878212616,355.2,119.74615665541121,Riesgo de Fuga
18040,0.49979164878494864,239.0,119.45020405960273,Dudoso (Incentivar)
16034,0.7864358477419918,151.88666666666666,119.44911946070532,Alta Probabilidad
14381,0.2819640527530144,423.26,119.34410496824087,Riesgo de Fuga
17905,0.7397519970894801,161.16181818181818,119.21977685457169,Alta Probabilidad
17864,0.6836539144731979,174.19000000000003,119.08567536208636,Dudoso (Incentivar)
15664,0.411567016618975,289.2,119.02518120620756,Dudoso (Incentivar)
15264,0.2614274273806536,454.66,118.86059413288798,Riesgo de Fuga
15935,0.569558049624154,208.43,118.71298428316243,Dudoso (Incentivar)
13456,0.5713626624069986,207.66,118.64917047543733,Dudoso (Incentivar)
17687,0.2742121262673213,432.68,118.64610279334457,Riesgo de Fuga
17616,0.6226811264224633,190.39999999999998,118.558486470837,Dudoso (Incentivar)
14055,0.297989327494232,397.65999999999997,118.49843597135629,Riesgo de Fuga
17045,0.6730350290477924,176.06333333333336,118.49679066425118,Dudoso (Incentivar)
18213,0.5085089710932371,232.48000000000002,118.21816559975578,Dudoso (Incentivar)
15019,0.4675516414107042,252.81,118.20173046504013,Dudoso (Incentivar)
16440,0.4821003259705797,244.38,117.81567766069027,Dudoso (Incentivar)
16027,0.8665937571527212,135.8675,117.74192729994736,Alta Probabilidad
13388,0.23135865476515566,508.55,117.65744388081991,Riesgo de Fuga
15350,0.42954639543098533,273.8,117.60980306900379,Dudoso (Incentivar)
12475,0.27560392092831687,426.26,117.47892733490434,Riesgo de Fuga
16250,0.6234589644359619,188.41333333333333,117.46798168592771,Dudoso (Incentivar)
17679,0.3702268149743884,317.1,117.39892302837858,Riesgo de Fuga
13932,0.3815982943861356,307.4,117.30331569429806,Riesgo de Fuga
17334,0.5530736799083387,211.71666666666667,117.09491593126043,Dudoso (Incentivar)
14693,0.7028468978833,166.48,117.00995155961178,Alta Probabilidad
12761,0.29889391870115156,391.475,117.00949682353331,Riesgo de Fuga
15966,0.27410637314217345,426.53000000000003,116.91459133633126,Riesgo de Fuga
13175,0.28118567735381916,415.725,116.89591571791648,Riesgo de Fuga
14821,0.665140255794969,175.7357142857143,116.88889795231161,Dudoso (Incentivar)
13566,0.4215833556291944,277.25333333333333,116.88539062604625,Dudoso (Incentivar)
16723,0.35691405246487207,327.48,116.88221390119631,Riesgo de Fuga
16830,0.3975818151596704,293.86333333333334,116.83471747553794,Riesgo de Fuga
14026,0.32750712103017027,356.555,116.77430153891237,Riesgo de Fuga
13959,0.722422350218024,161.634,116.7680141551401,Alta Probabilidad
14198,0.6660496102853861,175.27166666666668,116.73962527740343,Dudoso (Incentivar)
14591,0.57179465264272,204.02,116.65754503216775,Dudoso (Incentivar)
17460,0.87526367377905,133.208,116.5921234567597,Alta Probabilidad
17235,0.6017436159927404,193.54571428571427,116.4648979741835,Dudoso (Incentivar)
17006,0.5456886443554155,213.3725,116.4349502677259,Dudoso (Incentivar)
14365,0.36662989042970057,317.34,116.34632942896117,Riesgo de Fuga
17489,0.5577358565811553,208.56,116.32139024856575,Dudoso (Incentivar)
13549,0.7751086311342206,150.0375,116.29536124380061,Alta Probabilidad
12414,0.7325931595101658,158.73499999999999,116.28817517484616,Alta Probabilidad
15457,0.4904143935785866,237.07,116.26254028567553,Dudoso (Incentivar)
16765,0.5111514197299412,227.375,116.22305406109537,Dudoso (Incentivar)
15173,0.5440358403883709,213.5142857142857,116.15942386349417,Dudoso (Incentivar)
16203,0.6932938100078273,167.31,115.9949873524096,Dudoso (Incentivar)
14419,0.6818178609842536,169.99666666666667,115.90676364111982,Dudoso (Incentivar)
14966,0.6573755105171211,176.248,115.86111897762154,Dudoso (Incentivar)
13512,0.6495045844763967,178.3475,115.83751887990415,Dudoso (Incentivar)
17358,0.6725939539497335,172.202,115.82202405805201,Dudoso (Incentivar)
13567,0.4291380075784231,269.8225,115.79109004982905,Dudoso (Incentivar)
16095,0.25885928210791126,447.05,115.72304206634173,Riesgo de Fuga
13070,0.6156174250971298,187.925,115.68990461137813,Dudoso (Incentivar)
14343,0.4283553570493822,269.915,115.619536197984,Dudoso (Incentivar)
13838,0.6495239604490253,177.98714285714286,115.60691393757787,Dudoso (Incentivar)
13706,0.3660643656191215,315.585,115.52442282391044,Riesgo de Fuga
13636,0.6396125352057617,180.48333333333335,115.4394023957199,Dudoso (Incentivar)
13743,0.6535698399910691,176.57999999999998,115.40736234562297,Dudoso (Incentivar)
13916,0.36142358596468493,318.9525,115.27695630240116,Riesgo de Fuga
15859,0.26284177527768005,438.46,115.24560478825158,Riesgo de Fuga
15780,0.7273753095290643,158.42666666666668,115.23564570432457,Alta Probabilidad
14605,0.4998485985159786,230.39000000000001,115.16011861209633,Dudoso (Incentivar)
13194,0.27945739608317666,412.08,115.15880377795543,Riesgo de Fuga
14308,0.20058743920864433,573.51,115.0389022605496,Riesgo de Fuga
16425,0.3797756996423606,302.7,114.95810428174254,Riesgo de Fuga
15639,0.35936156700423627,319.88,114.9525780533151,Riesgo de Fuga
12648,0.43405336540821243,264.65000000000003,114.87222315528344,Dudoso (Incentivar)
13064,0.45063562474333985,254.85,114.84448896584016,Dudoso (Incentivar)
14714,0.4617693147303049,248.6833333333333,114.83433241818132,Dudoso (Incentivar)
16178,0.2768742420716493,414.7,114.81974818711296,Riesgo de Fuga
17571,0.6111684358574494,187.84666666666666,114.80595344770234,Dudoso (Incentivar)
15385,0.366988834401505,312.6,114.72070963391046,Riesgo de Fuga
16442,0.6413879290932147,178.7775,114.6657304934622,Dudoso (Incentivar)
16387,0.6494698063116261,176.49200000000002,114.62622505555153,Dudoso (Incentivar)
15174,0.4753150290617194,240.73,114.4225869460277,Dudoso (Incentivar)
16657,0.5297511898763759,215.43,114.12429883506766,Dudoso (Incentivar)
18025,0.5808839601906419,196.28666666666666,114.0197762659538,Dudoso (Incentivar)
18056,0.4111776749998536,277.3,114.0195692774594,Dudoso (Incentivar)
17604,0.7250349589039251,157.06333333333333,113.87640742864683,Alta Probabilidad
13570,0.4754780432463807,239.49,113.87223657707572,Dudoso (Incentivar)
14450,0.7469065223317006,152.44,113.85843026424445,Alta Probabilidad
12880,0.35558945238421347,320.065,113.81173807735328,Riesgo de Fuga
14311,0.4405203292311917,258.225,113.75336201572449,Dudoso (Incentivar)
13965,0.34215135557467957,332.2033333333333,113.66382082642713,Riesgo de Fuga
13574,0.2809684389084293,404.45,113.63768511651423,Riesgo de Fuga
13117,0.8987457800354743,126.3825,113.58573854533333,Alta Probabilidad
16451,0.3041944037585884,373.09000000000003,113.49189009829176,Riesgo de Fuga
12797,0.4111184403263476,276.04,113.485134267685,Dudoso (Incentivar)
14080,0.4239925640302295,267.52,113.42649072936699,Dudoso (Incentivar)
12608,0.2724978853132609,415.79,113.30189573440076,Riesgo de Fuga
14586,0.4772795868629844,237.36,113.28708273779797,Dudoso (Incentivar)
13086,0.257852473087976,439.33000000000004,113.2823270017405,Riesgo de Fuga
17884,0.8296613134787749,136.52315789473684,113.26798249921755,Alta Probabilidad
14647,0.4476266442982838,253.02,113.25849354035178,Dudoso (Incentivar)
14699,0.6446057781744656,175.65,113.22500493634489,Dudoso (Incentivar)
16863,0.45621012802696004,247.86,113.07624233276232,Dudoso (Incentivar)
14550,0.38446716116759444,293.845,112.9737529732918,Riesgo de Fuga
14285,0.32874587443677045,343.6025,112.95790432116043,Riesgo de Fuga
15387,0.24089719947330357,468.65,112.89647253316372,Riesgo de Fuga
17473,0.3716005855503112,303.5,112.78077771451946,Riesgo de Fuga
13201,0.36530024778211556,308.265,112.60928088255385,Riesgo de Fuga
15968,0.2779838737834367,404.55,112.45837613908932,Riesgo de Fuga
12525,0.34612114327606663,324.57666666666665,112.34284694740145,Riesgo de Fuga
16183,0.4556718428948038,246.36666666666667,112.26235302784983,Dudoso (Incentivar)
13795,0.536816860936304,209.075,112.23498520025775,Dudoso (Incentivar)
13966,0.2919299767423643,384.26,112.1770128630209,Riesgo de Fuga
13074,0.32536726850970715,344.685,112.14921694626841,Riesgo de Fuga
14846,0.2552268031572913,437.4,111.6362037009992,Riesgo de Fuga
14609,0.7594672605163585,146.9485714285714,111.60262897964955,Alta Probabilidad
15880,0.339112892726057,329.03000000000003,111.57831509365454,Riesgo de Fuga
13441,0.26274886283386606,424.26,111.47383254589602,Riesgo de Fuga
15925,0.5380697913302742,207.15,111.46115727406631,Dudoso (Incentivar)
18191,0.42097598247200796,264.7,111.4323425603405,Dudoso (Incentivar)
17448,0.3527413012261122,315.7319565217391,111.37170118214453,Riesgo de Fuga
14958,0.66678537976786,166.918,111.29848202009165,Dudoso (Incentivar)
16784,0.5669370677603398,196.1825,111.22313129589287,Dudoso (Incentivar)
17482,0.286735472797393,387.82,111.20175106028495,Riesgo de Fuga
15211,0.29020772123484273,383.07,111.1698717734312,Riesgo de Fuga
14484,0.4449194948335545,249.6866666666667,111.09046560000745,Dudoso (Incentivar)
18036,0.798246735346988,139.14666666666665,111.07337240108221,Alta Probabilidad
13607,0.27729709359394816,400.3,111.00202656565746,Riesgo de Fuga
16075,0.3010933026293804,368.46500000000003,110.94234375333465,Riesgo de Fuga
12888,0.6260438174955582,177.06,110.84731832576352,Dudoso (Incentivar)
14118,0.24174576150496252,458.45,110.82834436195006,Riesgo de Fuga
13695,0.7449351086150209,148.75333333333333,110.81158052351307,Alta Probabilidad
17268,0.799876325953542,138.52555555555557,110.80331242845105,Alta Probabilidad
17289,0.5983268388588614,185.13,110.768247677941,Dudoso (Incentivar)
13973,0.4183919839874851,264.7,110.7483581614873,Dudoso (Incentivar)
14719,0.49556120462254727,223.46,110.73810678495441,Dudoso (Incentivar)
13553,0.22148573814462677,499.6,110.65427477705553,Riesgo de Fuga
14169,0.3560585293223163,310.755,110.6469682795564,Riesgo de Fuga
16891,0.6435594827423994,171.8242857142857,110.57914843686795,Dudoso (Incentivar)
12999,0.7274577706821137,151.96,110.544482832854,Alta Probabilidad
15038,0.8071383140850841,136.92714285714285,110.51914323820175,Alta Probabilidad
13605,0.42241505223460696,261.335,110.391837675731,Dudoso (Incentivar)
14734,0.4175663867567086,264.105,110.28137057438053,Dudoso (Incentivar)
16813,0.7310942993147208,150.83,110.27095316563936,Alta Probabilidad
18250,0.31569455498665755,349.27,110.26263722018987,Riesgo de Fuga
17392,0.5645233137074632,195.30666666666664,110.2551666558256,Dudoso (Incentivar)
13782,0.8006078378519031,137.61333333333334,110.17431325959323,Alta Probabilidad
18247,0.39349394158637857,279.91,110.14288918944324,Riesgo de Fuga
17003,0.5317813513959869,207.0525,110.10665825991758,Dudoso (Incentivar)
13104,0.6676141141838631,164.868,110.06820377726514,Dudoso (Incentivar)
15633,0.32965881882590764,333.5353846153846,109.9528809289525,Riesgo de Fuga
13699,0.24129980027596548,455.57,109.9289500117216,Riesgo de Fuga
15915,0.3015221503491914,364.45,109.8897476947628,Riesgo de Fuga
17610,0.36325502726489745,302.38800000000003,109.84396118457782,Riesgo de Fuga
17325,0.5402382407777142,203.18999999999997,109.77100814362373,Dudoso (Incentivar)
17633,0.4494787685499568,244.1833333333333,109.75522396709027,Dudoso (Incentivar)
14670,0.5633772405420203,194.44333333333336,109.54494857512559,Dudoso (Incentivar)
15110,0.4833418425121991,226.46666666666667,109.46081593426268,Dudoso (Incentivar)
16080,0.6364657438468432,171.88666666666666,109.39997515735438,Dudoso (Incentivar)
18100,0.24216751947485515,451.56,109.35316509406559,Riesgo de Fuga
15580,0.6354008706120811,171.92375,109.24050042889378,Dudoso (Incentivar)
13019,0.5323762318144591,204.99166666666667,109.13269105336568,Dudoso (Incentivar)
16593,0.7663630351710745,142.37285714285716,109.1092949259778,Alta Probabilidad
17651,0.3720354916517215,293.08666666666664,109.03864212989754,Riesgo de Fuga
16915,0.701204614044093,155.47,109.01628134543513,Alta Probabilidad
14976,0.7249760998480119,150.08666666666667,108.80924623918862,Alta Probabilidad
13065,0.515586178526311,211.01,108.79383953083686,Dudoso (Incentivar)
13855,0.3318188137443058,327.58500000000004,108.69886610042842,Riesgo de Fuga
12998,0.35419894208252256,306.6933333333333,108.63045421042912,Riesgo de Fuga
17007,0.7836997518239849,138.57999999999998,108.60511160776781,Alta Probabilidad
12983,0.2212199613135406,490.08000000000004,108.41547864053999,Riesgo de Fuga
15882,0.7711711733618049,140.5825,108.41317147913594,Alta Probabilidad
18181,0.52773463578396,205.3725,108.38218148754132,Dudoso (Incentivar)
14611,0.3584051981640203,302.16499999999996,108.29750670323118,Riesgo de Fuga
15396,0.21291483845161166,508.20000000000005,108.20332090110905,Riesgo de Fuga
16357,0.6222228688839696,173.695,108.0770012108011,Dudoso (Incentivar)
13768,0.24652752106952452,437.985,107.97535631563571,Riesgo de Fuga
17955,0.6812773993183321,158.31666666666666,107.85756693541394,Dudoso (Incentivar)
14994,0.5686968089885356,189.344,107.67932860112528,Dudoso (Incentivar)
15908,0.28388097636173965,379.31,107.67889314377146,Riesgo de Fuga
17717,0.2855949297244619,376.92,107.64644091174418,Riesgo de Fuga
15586,0.28344241780178536,379.7,107.62308603933789,Riesgo de Fuga
17848,0.881944439133501,121.8512,107.46598824174406,Alta Probabilidad
14454,0.5497819066001648,195.45999999999998,107.4603714640682,Dudoso (Incentivar)
14272,0.5240908914932108,204.98000000000002,107.42815093827835,Dudoso (Incentivar)
16957,0.5155951744034205,208.32,107.40878673172055,Dudoso (Incentivar)
12573,0.7482641787181639,143.482,107.3624408908396,Alta Probabilidad
17362,0.7327743044450983,146.29142857142855,107.19859981770834,Alta Probabilidad
12515,0.2793012949603213,383.7,107.16790687627528,Riesgo de Fuga
14788,0.22464602272733583,476.88,107.12919531821191,Riesgo de Fuga
15661,0.7043704642969021,151.99375,107.05990825772727,Alta Probabilidad
16836,0.4034615708564516,265.25,107.0181816696738,Dudoso (Incentivar)
14998,0.6149392556946534,173.98333333333335,106.98918150327478,Dudoso (Incentivar)
18035,0.3916225542248285,273.17,106.9795331375964,Riesgo de Fuga
16552,0.5624421530849679,189.865,106.78807939547744,Dudoso (Incentivar)
15562,0.4767027934981273,223.81000000000003,106.69085221281588,Dudoso (Incentivar)
16468,0.29920720127737277,356.31,106.61051788714069,Riesgo de Fuga
15362,0.3475474514350897,306.54,106.5371957629124,Riesgo de Fuga
15624,0.6842165491907197,155.7,106.53251670899505,Dudoso (Incentivar)
14723,0.7498676149251539,142.04375,106.51400802752481,Alta Probabilidad
16048,0.5200077388574142,204.69750000000002,106.44428412476556,Dudoso (Incentivar)
16457,0.51036762443687,208.36,106.34019822766624,Dudoso (Incentivar)
16006,0.6390247350467925,166.41,106.34010615913674,Dudoso (Incentivar)
16650,0.4564043143383948,232.94833333333335,106.31862435127185,Dudoso (Incentivar)
17189,0.5337666537646619,199.1125,106.27961284771625,Dudoso (Incentivar)
18034,0.3166321754956323,335.52,106.23642752229453,Riesgo de Fuga
13301,0.6472790318373118,163.885,106.07932413265785,Dudoso (Incentivar)
17214,0.6930075721673765,152.9925,106.02496098481735,Dudoso (Incentivar)
17023,0.3971546294669209,266.72666666666663,105.93173046894691,Riesgo de Fuga
13502,0.6251693903897498,169.415,105.91307227287946,Dudoso (Incentivar)
17578,0.7065188670201767,149.6185714285714,105.70834357089166,Alta Probabilidad
15842,0.3852294317166868,274.4,105.70695606305884,Riesgo de Fuga
17323,0.7907547705285788,133.65571428571428,105.68889367983328,Alta Probabilidad
16204,0.39536332186878254,267.265,105.66677821926015,Riesgo de Fuga
16211,0.38874877151979487,271.78499999999997,105.65608486750743,Riesgo de Fuga
16728,0.6460076395142416,163.465,105.5996387931955,Dudoso (Incentivar)
17894,0.821941733472358,128.28875,105.44587756000196,Alta Probabilidad
17631,0.6814285521897918,154.542,105.30933131251481,Dudoso (Incentivar)
16030,0.3174536693627295,331.24,105.15335343971053,Riesgo de Fuga
13480,0.3347504380596985,313.91,105.08151001131996,Riesgo de Fuga
15070,0.426813428554385,245.68333333333337,104.86094583866983,Dudoso (Incentivar)
17290,0.6450729870333218,162.49166666666667,104.81898478468952,Dudoso (Incentivar)
13223,0.6487490276538528,161.52,104.78594294665031,Dudoso (Incentivar)
17715,0.4279648106818953,244.79999999999998,104.76578565492795,Dudoso (Incentivar)
16781,0.33628323462055176,311.5,104.75222758430188,Riesgo de Fuga
13008,0.5116872337564361,204.04333333333332,104.40636879977573,Dudoso (Incentivar)
14551,0.7655335004642733,136.215,104.27714576574098,Alta Probabilidad
16130,0.42220078891557683,246.87,104.22870875958846,Dudoso (Incentivar)
17027,0.7201277911320897,144.38333333333333,103.97445090962154,Alta Probabilidad
16226,0.77319310132274,134.43400000000003,103.94344138322126,Alta Probabilidad
15528,0.45318569302010064,229.33,103.92907498029969,Dudoso (Incentivar)
16679,0.46975251902840737,221.10333333333332,103.86384779891095,Dudoso (Incentivar)
17222,0.41502781269936245,250.17199999999997,103.82833795862489,Dudoso (Incentivar)
14247,0.6886977699981219,150.712,103.79501831195695,Dudoso (Incentivar)
17201,0.36484719969094703,284.44,103.77713748009297,Riesgo de Fuga
13778,0.32916627700763745,315.2633333333333,103.77405771035114,Riesgo de Fuga
15393,0.5297341151384026,195.895,103.77226448503738,Dudoso (Incentivar)
15542,0.3637239161491381,285.2366666666667,103.74739742932633,Riesgo de Fuga
16928,0.9020680144530779,114.99421052631578,103.73259916307292,Alta Probabilidad
12748,0.9119695135433616,113.736676146789,103.72438121762602,Alta Probabilidad
15827,0.8892206166211876,116.46695652173914,103.56481889425392,Alta Probabilidad
15666,0.3260937747364816,316.46999999999997,103.19889689085433,Riesgo de Fuga
14986,0.36642157148607735,281.55,103.16599345190508,Riesgo de Fuga
16870,0.22891754346060272,450.15999999999997,103.04952136422492,Riesgo de Fuga
15169,0.36191466177494086,284.61,103.00453188776592,Riesgo de Fuga
17860,0.5742783677667971,179.3475,102.99538956305564,Dudoso (Incentivar)
17598,0.25102082209747406,409.98,102.91351664352241,Riesgo de Fuga
12970,0.7664136542398239,133.99125,102.6927235486618,Alta Probabilidad
18089,0.23957350268277366,428.45,102.64526722443438,Riesgo de Fuga
16926,0.4383847204491583,233.92200000000003,102.54783057690803,Dudoso (Incentivar)
17005,0.3289359545952621,311.18,102.35829035095367,Riesgo de Fuga
12923,0.34252099983057815,298.8,102.34527474937676,Riesgo de Fuga
12527,0.6092074349897718,167.93,102.30420455783238,Dudoso (Incentivar)
13780,0.2749049841856269,372.06,102.28114841610436,Riesgo de Fuga
15155,0.2663512819105559,383.96999999999997,102.27090171519615,Riesgo de Fuga
16139,0.4978270625066729,205.17999999999998,102.14415668511914,Dudoso (Incentivar)
17373,0.6126289078979634,166.4575,101.97667643642525,Dudoso (Incentivar)
15428,0.45718313886605494,222.99,101.9472681357416,Dudoso (Incentivar)
14071,0.571031798279378,178.405,101.87492797203244,Dudoso (Incentivar)
14940,0.3832957181103465,265.745,101.85892060923403,Riesgo de Fuga
13487,0.5986418402706578,170.0675,101.8095211702301,Dudoso (Incentivar)
13292,0.6118310686258039,166.285,101.73832924644181,Dudoso (Incentivar)
18051,0.31189086012554523,326.04,101.68889603533277,Riesgo de Fuga
17394,0.49860666089653627,203.86999999999998,101.65093995697684,Dudoso (Incentivar)
16976,0.4040382183122643,251.51999999999998,101.6236926699007,Dudoso (Incentivar)
14563,0.31718242480370884,320.27,101.58401519188382,Riesgo de Fuga
14645,0.3905273933052052,259.95,101.51759588968808,Riesgo de Fuga
14167,0.6272598840748953,161.78333333333333,101.48019491191681,Dudoso (Incentivar)
16883,0.8583719655142371,118.21368421052631,101.4713124664688,Alta Probabilidad
13412,0.20811885680572156,487.34999999999997,101.4267248642684,Riesgo de Fuga
13515,0.5262430249756497,192.70000000000002,101.4070309128077,Dudoso (Incentivar)
18268,0.3453587610328975,292.946,101.1714676095432,Riesgo de Fuga
17801,0.3940008567141259,256.6766666666667,101.13082656519279,Riesgo de Fuga
15847,0.6579289234670688,153.495,100.98880010757773,Dudoso (Incentivar)
15831,0.3258156538551991,309.94,100.98330375588041,Riesgo de Fuga
14851,0.3849360110320053,262.095,100.88980381143344,Riesgo de Fuga
13262,0.5269543771890625,191.15,100.7273291996893,Dudoso (Incentivar)
16631,0.3725470131441634,270.36,100.72181047365602,Riesgo de Fuga
15987,0.8128535786417824,123.85999999999999,100.68004425057116,Alta Probabilidad
14275,0.5078454814039663,198.23,100.67020977870824,Dudoso (Incentivar)
14197,0.2579510555874668,390.05,100.61380923189142,Riesgo de Fuga
15922,0.27225971416921235,369.5,100.59996438552396,Riesgo de Fuga
16266,0.7931792191064652,126.79,100.56719319050872,Alta Probabilidad
17998,0.471859886617157,213.08,100.54390464038381,Dudoso (Incentivar)
13293,0.5055990843125019,198.82333333333335,100.52489527329267,Dudoso (Incentivar)
17076,0.682412230782114,147.174,100.43333765312686,Dudoso (Incentivar)
17127,0.4347580573013361,231.00600000000003,100.43171978495246,Dudoso (Incentivar)
17790,0.8796906721020583,114.14133333333334,100.40906623462507,Alta Probabilidad
12808,0.6991966635282744,143.6,100.40464088266019,Dudoso (Incentivar)
15918,0.5159776270071434,194.29333333333332,100.25101307664126,Dudoso (Incentivar)
13550,0.29236437180910924,342.55,100.14941556321037,Riesgo de Fuga
13713,0.40517654941905085,246.92,100.04619358255204,Dudoso (Incentivar)
14294,0.26641802087927935,375.34,99.99733995682871,Riesgo de Fuga
17615,0.7522286262677441,132.9,99.9711844309832,Alta Probabilidad
17480,0.2698663187344573,370.40999999999997,99.96118312243033,Riesgo de Fuga
12350,0.29880032426969605,334.4,99.91882843578635,Riesgo de Fuga
17413,0.35669414087138984,280.07,99.89932803385015,Riesgo de Fuga
14712,0.2428974659548734,411.0,99.83085850745297,Riesgo de Fuga
15546,0.1850129359426293,539.5500000000001,99.82372958784565,Riesgo de Fuga
15929,0.1680107142415253,594.0,99.79836425946603,Riesgo de Fuga
14208,0.24029059145057463,415.31,99.79508553533815,Riesgo de Fuga
16783,0.2543885052214782,391.95,99.70757462155838,Riesgo de Fuga
16576,0.3684891608675343,270.435,99.65236621921164,Riesgo de Fuga
14656,0.6302625887263478,158.01500000000001,99.59094295759385,Dudoso (Incentivar)
15973,0.43887537058983356,226.87333333333333,99.56911824361751,Dudoso (Incentivar)
15453,0.5119189751293823,194.34,99.48633362664417,Dudoso (Incentivar)
14260,0.36182883101870744,274.76,99.41608961070006,Riesgo de Fuga
13406,0.3492816916807352,284.46,99.35667001550193,Riesgo de Fuga
15656,0.6474792481778183,153.43,99.34274104792267,Dudoso (Incentivar)
18233,0.225674178803349,440.0,99.29663867347357,Riesgo de Fuga
15184,0.5738912699602216,172.80666666666664,99.172237390926,Dudoso (Incentivar)
18275,0.26724622457734365,370.925,99.1283058513512,Riesgo de Fuga
12745,0.3213341217976856,308.46999999999997,99.12193655093208,Riesgo de Fuga
17060,0.4231625547856723,234.24,99.12159683299588,Dudoso (Incentivar)
17302,0.6535683923758489,151.56,99.05482554848365,Dudoso (Incentivar)
17187,0.42342630262901526,233.855,99.02035800130835,Dudoso (Incentivar)
17952,0.5022681070253836,197.115,99.00457791630849,Dudoso (Incentivar)
17361,0.6114934933239805,161.8775,98.98703796555266,Dudoso (Incentivar)
16185,0.4395092079857137,225.155,98.95769572402337,Dudoso (Incentivar)
17869,0.7103716589082644,139.284,98.9434061393787,Alta Probabilidad
14428,0.5984010430193829,165.31,98.92167642153419,Dudoso (Incentivar)
16274,0.2811730479223005,351.75,98.9026196066692,Riesgo de Fuga
16774,0.4364056314854007,226.49,98.8415114751284,Dudoso (Incentivar)
15266,0.5794187680781283,170.442,98.75729366877235,Dudoso (Incentivar)
18003,0.27913001885545674,353.51,98.6752529655925,Riesgo de Fuga
13513,0.31829935223320177,309.745,98.59163285747309,Riesgo de Fuga
17903,0.2584323817133706,381.09000000000003,98.4859963471484,Riesgo de Fuga
17849,0.7398461994216241,132.97,98.37734913709336,Alta Probabilidad
14778,0.29439865488405115,334.05,98.34387066401729,Riesgo de Fuga
17941,0.2613708477540819,376.24,98.33816775899578,Riesgo de Fuga
15247,0.3171613117254747,310.03,98.3295214742489,Riesgo de Fuga
12990,0.7284344166573203,134.98333333333332,98.32650567512728,Alta Probabilidad
15268,0.3065689951951035,320.6333333333334,98.2962388260567,Riesgo de Fuga
13927,0.27349025253073866,359.27,98.25684302671847,Riesgo de Fuga
14981,0.5266705255067861,186.46,98.20298618599533,Dudoso (Incentivar)
13145,0.4877588951284846,201.25,98.16147764460752,Dudoso (Incentivar)
17270,0.3260934696396326,300.72499999999997,98.0644586573785,Riesgo de Fuga
14725,0.4915326636823424,199.0533333333333,97.84121514818251,Dudoso (Incentivar)
16725,0.8110528435284265,120.59,97.80486240109296,Alta Probabilidad
15341,0.25578546577410105,382.2,97.76120501886142,Riesgo de Fuga
17817,0.7291597442466048,134.034,97.73219716034941,Alta Probabilidad
15337,0.2619504061097369,373.02,97.71274048705406,Riesgo de Fuga
13600,0.37686261785543007,259.21,97.68655917430603,Riesgo de Fuga
15588,0.16848137234538246,579.6,97.65180341138368,Riesgo de Fuga
14005,0.5217143769250081,187.16,97.64406278528452,Dudoso (Incentivar)
13677,0.3535864004822534,275.62,97.45548370091869,Riesgo de Fuga
16965,0.4830320803490453,201.19,97.18122424542443,Dudoso (Incentivar)
16916,0.5431723929040206,178.67999999999998,97.0540431640904,Dudoso (Incentivar)
14710,0.671099505605012,144.4788888888889,96.95971090369478,Dudoso (Incentivar)
18190,0.6492146063276973,149.124,96.81347895401153,Dudoso (Incentivar)
14901,0.5830876582129928,165.79333333333332,96.67204648065945,Dudoso (Incentivar)
14413,0.5036411161195817,191.13,96.26092652393565,Dudoso (Incentivar)
17569,0.279656542741487,344.14,96.24100261905532,Riesgo de Fuga
14871,0.7042383279919335,136.57714285714286,96.18285872762974,Alta Probabilidad
15053,0.4317533601122402,222.65,96.12988562899028,Dudoso (Incentivar)
16545,0.2740495566666751,350.52,96.05985060280294,Riesgo de Fuga
17674,0.3192132268592947,300.66,95.97464878751555,Riesgo de Fuga
15713,0.4401065528291568,218.03,95.95643171334105,Dudoso (Incentivar)
17670,0.46560794237820946,205.7,95.77555374719768,Dudoso (Incentivar)
17765,0.6917335419487654,138.22333333333333,95.6137159466315,Dudoso (Incentivar)
16566,0.6820620517935694,140.06,95.52961097420733,Dudoso (Incentivar)
13729,0.39514484004934214,241.57666666666668,95.45777330965325,Riesgo de Fuga
13274,0.26437490102821665,360.85,95.39968303603199,Riesgo de Fuga
13865,0.6749703165275892,141.26,95.34630691268724,Dudoso (Incentivar)
14201,0.7779832693334731,122.45714285714287,95.26960835323617,Alta Probabilidad
13101,0.5478408248515485,173.85,95.2421274004417,Dudoso (Incentivar)
13873,0.7577408806427759,125.67428571428572,95.2285439312947,Alta Probabilidad
14170,0.5008022917746043,190.05999999999997,95.18248357468129,Dudoso (Incentivar)
15224,0.546088217116645,174.272,95.16788577335195,Dudoso (Incentivar)
14037,0.5936276234457809,160.31,95.16444431459314,Dudoso (Incentivar)
16850,0.286032038042513,332.41,95.07990976571175,Riesgo de Fuga
15584,0.34735883004610557,273.67,95.06169101871772,Riesgo de Fuga
13955,0.44594957170548505,213.105,95.03408347829739,Dudoso (Incentivar)
16197,0.42392330896817454,224.07888888888888,94.9922640476897,Dudoso (Incentivar)
17958,0.20392932783499923,465.42,94.91278776096534,Riesgo de Fuga
17464,0.30745945758939114,308.59000000000003,94.87891401751023,Riesgo de Fuga
13859,0.36720302026213547,257.93,94.7126750162126,Riesgo de Fuga
12376,0.37618325818094656,251.575,94.63830317687163,Riesgo de Fuga
12464,0.694620781069327,136.21249999999998,94.6160331414057,Dudoso (Incentivar)
12734,0.4437292365710971,213.21666666666667,94.61046872423408,Dudoso (Incentivar)
12419,0.37595012633800895,251.505,94.55333652464094,Riesgo de Fuga
17329,0.526020975715374,179.695,94.52333923117412,Dudoso (Incentivar)
18244,0.3323093078229194,284.32,94.48218240021244,Riesgo de Fuga
14575,0.22473748099206045,420.22,94.43918426248365,Riesgo de Fuga
14805,0.5844482717016484,161.35,94.30072863906096,Dudoso (Incentivar)
17950,0.5966012227652135,157.87666666666667,94.18941237942936,Dudoso (Incentivar)
13181,0.2615151250802844,359.69,94.0643753401275,Riesgo de Fuga
16780,0.559765200899779,168.025,94.05454788118537,Dudoso (Incentivar)
13595,0.3595924019289476,261.49333333333334,94.03101582174027,Riesgo de Fuga
14729,0.48081603607253137,195.41333333333333,93.95786432905359,Dudoso (Incentivar)
17349,0.5568246378975951,168.54,93.84722447126067,Dudoso (Incentivar)
17223,0.503814469745336,186.01333333333332,93.71620889889576,Dudoso (Incentivar)
14297,0.4028759674150634,232.6,93.70895002074374,Dudoso (Incentivar)
13602,0.47129947303758735,198.76,93.67548326095086,Dudoso (Incentivar)
15957,0.38029623565564763,246.18,93.62132729370734,Riesgo de Fuga
17638,0.22220805509228486,421.2,93.59403280487038,Riesgo de Fuga
16794,0.5454467341876373,171.23999999999998,93.40229876229101,Dudoso (Incentivar)
16428,0.43885664033141697,212.83,93.40185876173548,Dudoso (Incentivar)
14115,0.299735004533387,311.33500000000004,93.31799763640204,Riesgo de Fuga
16021,0.382948992283746,243.515,93.2538238559764,Riesgo de Fuga
12575,0.29939613781374347,311.40999999999997,93.23495127657785,Riesgo de Fuga
13255,0.3692617533698321,252.475,93.22936118204835,Riesgo de Fuga
17733,0.4295882979525546,216.95000000000002,93.19918124080672,Dudoso (Incentivar)
17976,0.28931593420165447,321.79,93.09897446675039,Riesgo de Fuga
13281,0.2650650941618494,350.85,92.99808828668488,Riesgo de Fuga
16846,0.2960394994567283,314.045,92.96972460688825,Riesgo de Fuga
14818,0.6053608054960499,153.5025,92.9243970456574,Dudoso (Incentivar)
14302,0.37517134595114887,247.63333333333335,92.90493096903617,Riesgo de Fuga
15346,0.4675066600520146,198.70666666666668,92.89669006340232,Dudoso (Incentivar)
12489,0.2773579614863869,334.93,92.89550204063558,Riesgo de Fuga
16469,0.623446313662226,148.92666666666668,92.84778133933645,Dudoso (Incentivar)
13573,0.7185744828271412,129.208,92.84557177712927,Alta Probabilidad
15800,0.7187981724150475,129.11333333333332,92.80642803441482,Alta Probabilidad
15885,0.759736458493955,122.11307692307693,92.77375659733838,Alta Probabilidad
13494,0.29332782043393174,316.26000000000005,92.76785649043526,Riesgo de Fuga
15728,0.3402272392524758,272.3,92.64387724844916,Riesgo de Fuga
14020,0.3055584752409931,303.105,92.61630163792123,Riesgo de Fuga
15644,0.6557734641687063,141.06333333333333,92.50559076718494,Dudoso (Incentivar)
12519,0.23970635871386903,385.7,92.45474255593928,Riesgo de Fuga
15259,0.31264529840024613,295.59499999999997,92.41638698062074,Riesgo de Fuga
13835,0.6271933910832053,147.2875,92.37774658916759,Dudoso (Incentivar)
13770,0.4704156689351285,196.3425,92.36258847789547,Dudoso (Incentivar)
14219,0.3396102806078177,271.945,92.35531775989298,Riesgo de Fuga
13427,0.5782621327390679,159.60750000000002,92.29497335115079,Dudoso (Incentivar)
16895,0.4094339015786986,225.1575,92.18711369470583,Dudoso (Incentivar)
12765,0.39372680207005795,234.09666666666666,92.170131941927,Riesgo de Fuga
17513,0.2851804852715624,322.8,92.05626064566036,Riesgo de Fuga
14985,0.630311408043973,146.005,92.02861713146028,Dudoso (Incentivar)
16884,0.2868311767822168,320.565,91.94803618519133,Riesgo de Fuga
15207,0.40306639953819784,227.97333333333336,91.8883906573881,Dudoso (Incentivar)
14228,0.3695576540633593,248.5,91.83507703474478,Riesgo de Fuga
15525,0.42599870435605236,215.39,91.75586093125011,Dudoso (Incentivar)
17539,0.31162878310616143,294.21,91.68430427766376,Riesgo de Fuga
16675,0.30116129487616405,304.43,91.68253299915062,Riesgo de Fuga
14513,0.7053876816782628,129.954,91.66795078481697,Alta Probabilidad
14595,0.46754199210582686,195.88333333333335,91.5836838869964,Dudoso (Incentivar)
13857,0.5488498210751765,166.835,91.56735989907709,Dudoso (Incentivar)
12973,0.2374225474417432,385.55,91.5382631661641,Riesgo de Fuga
17335,0.36816326973171004,248.52,91.49593579372458,Riesgo de Fuga
16569,0.27486164448813233,332.7575,91.4622736657597,Riesgo de Fuga
17705,0.7398138336900649,123.53599999999999,91.39364175873585,Alta Probabilidad
14872,0.33565693058101725,272.2,91.36581650415289,Riesgo de Fuga
14820,0.5949042102961586,153.494,91.31422685519857,Dudoso (Incentivar)
13981,0.27573470249601006,331.14,91.30678938452877,Riesgo de Fuga
16680,0.2862519338945187,318.875,91.27858542061465,Riesgo de Fuga
15589,0.5718184564511154,159.51000000000002,91.21076198851743,Dudoso (Incentivar)
17556,0.6058698320059499,150.335,91.08344119461448,Dudoso (Incentivar)
15076,0.32112790804201624,283.445,91.02209989496929,Riesgo de Fuga
16263,0.2612103136213055,348.16,90.94298279039373,Riesgo de Fuga
14968,0.2569705084896404,353.65,90.87762032736133,Riesgo de Fuga
13167,0.27220847830306716,333.82,90.86863422712987,Riesgo de Fuga
16296,0.2766297559443268,328.4175,90.85005287284596,Riesgo de Fuga
16990,0.5273765798881213,172.0,90.70877174075686,Dudoso (Incentivar)
12763,0.2833307218903852,320.08,90.68849746267449,Riesgo de Fuga
12899,0.24737713276609213,366.4,90.63898144549616,Riesgo de Fuga
14663,0.3692137310264958,245.3,90.56812822079942,Riesgo de Fuga
15204,0.28606296792348007,316.58,90.56181438521531,Riesgo de Fuga
17062,0.6102030509887189,148.29166666666666,90.48802743620209,Dudoso (Incentivar)
13642,0.7660956162103392,118.05,90.43758749363053,Alta Probabilidad
18090,0.2807733685253696,321.9,90.38094732831647,Riesgo de Fuga
16148,0.4674161451777958,193.31,90.35621502431971,Dudoso (Incentivar)
14328,0.20290720633454423,445.05,90.30385217918891,Riesgo de Fuga
15097,0.2734818582556966,330.135,90.28593327524439,Riesgo de Fuga
16298,0.7498089092367423,120.35999999999999,90.24700031573428,Alta Probabilidad
17524,0.5015850682100298,179.71333333333334,90.14152455825182,Dudoso (Incentivar)
16647,0.5927344808490976,151.86333333333332,90.01463404334679,Dudoso (Incentivar)
15988,0.3089335421163765,291.055,89.91665210068197,Riesgo de Fuga
12549,0.34182992774496457,262.61333333333334,89.76909675819763,Riesgo de Fuga
13872,0.29274108124465476,306.52333333333337,89.73197202671574,Riesgo de Fuga
17850,0.5609293440133338,159.96513161290324,89.72913634063242,Dudoso (Incentivar)
12890,0.2724763353666358,329.3,89.72645723623317,Riesgo de Fuga
15774,0.4398048212666058,203.50799999999998,89.5037995663244,Dudoso (Incentivar)
15912,0.7522911812302955,118.94625,89.48221491541403,Alta Probabilidad
15611,0.8275654554581335,108.11352941176472,89.47102220883339,Alta Probabilidad
12366,0.1787559428889391,500.24,89.42087287076289,Riesgo de Fuga
17607,0.26776989929873796,333.81,89.38427008491172,Riesgo de Fuga
14150,0.29192775281226035,306.18,89.38243935605787,Riesgo de Fuga
12996,0.2512896114004013,355.5,89.33345685284266,Riesgo de Fuga
13096,0.21270195735083125,419.70000000000005,89.27101150014389,Riesgo de Fuga
13689,0.25529956643465707,349.5,89.22719846891265,Riesgo de Fuga
17350,0.4371018877325513,204.12699999999998,89.2242970371825,Dudoso (Incentivar)
16798,0.3178156166133014,280.38666666666666,89.11126135681486,Riesgo de Fuga
15217,0.20876098092892956,426.24,88.98228051114694,Riesgo de Fuga
17995,0.5366732181381446,165.16,88.63694870769596,Dudoso (Incentivar)
16920,0.24908636973345066,355.45,88.53775012175504,Riesgo de Fuga
15795,0.45232636212261906,195.69428571428574,88.5176843453273,Dudoso (Incentivar)
16952,0.4225362234773251,209.40666666666667,88.48190210430839,Dudoso (Incentivar)
13443,0.4160575798214251,212.19333333333336,88.28464472090761,Dudoso (Incentivar)
16278,0.3201384426589844,275.73,88.27177279436177,Riesgo de Fuga
15469,0.26249024071340166,335.7,88.11797380748894,Riesgo de Fuga
14947,0.4634848882140393,189.7425,87.94278140195236,Dudoso (Incentivar)
12443,0.18102075513727073,485.31,87.85118267566885,Riesgo de Fuga
12900,0.2579108857759319,340.33,87.7748117561229,Riesgo de Fuga
16898,0.5305637238074397,165.42,87.76585119222666,Dudoso (Incentivar)
16885,0.42529495862527816,206.07,87.64053212391107,Dudoso (Incentivar)
17874,0.7692750136857153,113.91000000000001,87.62811680893984,Alta Probabilidad
16344,0.354356339864642,247.10666666666665,87.56381395615213,Riesgo de Fuga
15771,0.26035940495873033,335.5133333333333,87.35405182238681,Riesgo de Fuga
15900,0.4769841211248401,183.09666666666666,87.3342026308878,Dudoso (Incentivar)
18049,0.34858399185826094,250.46,87.30634660082004,Riesgo de Fuga
17035,0.5686413436106648,153.3975,87.22816050651696,Dudoso (Incentivar)
13020,0.2816590133194877,309.48,87.16783144211507,Riesgo de Fuga
14727,0.5638875056905583,154.57666666666665,87.16385100462753,Dudoso (Incentivar)
16737,0.20872228660008937,417.59999999999997,87.16242688419732,Riesgo de Fuga
17934,0.2527014532180665,344.90000000000003,87.15673121491113,Riesgo de Fuga
16857,0.24703764615898977,352.8,87.1548815648916,Riesgo de Fuga
13569,0.5252882332508924,165.91333333333333,87.15232173943305,Dudoso (Incentivar)
17711,0.3950777849905286,220.53000000000003,87.12650392396128,Riesgo de Fuga
17384,0.4366556147419602,199.4,87.06912957954687,Dudoso (Incentivar)
14861,0.6242248639386597,139.4377777777778,87.04052786124241,Dudoso (Incentivar)
17726,0.5572337547910319,156.00857142857143,86.93324203672775,Dudoso (Incentivar)
12411,0.2505668896897383,346.9,86.9216540333702,Riesgo de Fuga
16927,0.507836910725765,170.725,86.70045658365622,Dudoso (Incentivar)
16132,0.26078711741853877,332.09999999999997,86.60740169469672,Riesgo de Fuga
13103,0.37120651603848187,232.85000000000002,86.43543725956052,Riesgo de Fuga
13472,0.29165872322653014,296.12,86.36598112184011,Riesgo de Fuga
13544,0.6883412702195905,125.42999999999999,86.33864552364322,Dudoso (Incentivar)
13733,0.3542957026690694,243.51500000000001,86.27631803545844,Riesgo de Fuga
14911,0.9109473999844786,94.63586030534351,86.208290890447,Alta Probabilidad
14686,0.5054643813653963,170.506,86.18470980908826,Dudoso (Incentivar)
13440,0.46566988849244223,185.03571428571428,86.16556043854797,Dudoso (Incentivar)
14437,0.49293027720171834,174.668,86.09914565826975,Dudoso (Incentivar)
14508,0.4654850355326247,184.95666666666668,86.09456055532917,Dudoso (Incentivar)
12386,0.4281345081784521,200.95,86.03362941845995,Dudoso (Incentivar)
16887,0.36910694012028117,232.92000000000002,85.9723884928159,Riesgo de Fuga
17081,0.5206047931502262,165.12,85.96226344496536,Dudoso (Incentivar)
14942,0.46047401853516823,186.64,85.9428708194038,Dudoso (Incentivar)
12907,0.3376834753969263,254.455,85.92524873212489,Riesgo de Fuga
13393,0.3033488870944654,282.8625,85.80602457575822,Riesgo de Fuga
17080,0.6897968776404133,124.37166666666667,85.79118733360094,Dudoso (Incentivar)
13529,0.47316043000352775,181.1,85.68935387363888,Dudoso (Incentivar)
13703,0.4025478466427793,212.78,85.65413080865058,Dudoso (Incentivar)
12601,0.7542326196090855,113.54333333333334,85.6380857391476,Alta Probabilidad
15627,0.30192001046692896,283.45,85.57922696685101,Riesgo de Fuga
16935,0.48313508523104043,176.95333333333335,85.49236378191671,Dudoso (Incentivar)
14061,0.2791961908789384,305.81,85.38098713268815,Riesgo de Fuga
18283,0.8268239051900632,103.1718181818182,85.30492561465009,Alta Probabilidad
13684,0.5728932090318918,148.72,85.20067804722295,Dudoso (Incentivar)
17418,0.45493582095471174,186.995,85.07072383942632,Dudoso (Incentivar)
15276,0.5195803597562683,163.72333333333333,85.06742843382875,Dudoso (Incentivar)
16071,0.33995552105215604,250.1866666666667,85.05233862696876,Riesgo de Fuga
12807,0.2572962797268716,330.35,84.99782600777203,Riesgo de Fuga
15837,0.22075206756040683,385.03000000000003,84.99616857278345,Riesgo de Fuga
14353,0.6769431255853726,125.5,84.95636226096427,Dudoso (Incentivar)
15028,0.48825420640306555,173.92666666666665,84.92042660566383,Dudoso (Incentivar)
17137,0.4632356583409877,183.30166666666665,84.9118682333336,Dudoso (Incentivar)
18212,0.3298277392022503,257.185,84.82674710673074,Riesgo de Fuga
15331,0.33133662886021453,255.97,84.81223688934911,Riesgo de Fuga
14964,0.4109236058033957,206.21,84.73655675271823,Dudoso (Incentivar)
17196,0.25840313208625504,327.75,84.69162654127008,Riesgo de Fuga
17114,0.7611231947218575,111.11,84.56839816554559,Alta Probabilidad
16141,0.25130870526617405,335.54,84.32412296501205,Riesgo de Fuga
14176,0.556699865172688,151.292,84.22423600170632,Dudoso (Incentivar)
12897,0.6551067004674974,128.5625,84.22215517885263,Dudoso (Incentivar)
13613,0.40493729849533605,207.97000000000003,84.21480996807504,Dudoso (Incentivar)
13820,0.3870123065759993,217.58333333333334,84.20742770582784,Riesgo de Fuga
15149,0.3257354517758553,258.4525,84.18714185009924,Riesgo de Fuga
14082,0.4071911200870579,206.68,84.15826069959313,Dudoso (Incentivar)
15735,0.2567252535852308,327.68,84.12373109480843,Riesgo de Fuga
15292,0.47139348968484784,178.39,84.09188462488,Dudoso (Incentivar)
14615,0.44170779234990815,190.352,84.07996168938972,Dudoso (Incentivar)
17097,0.5289556927103527,158.85999999999999,84.02990134396663,Dudoso (Incentivar)
16044,0.24640130698818857,340.84000000000003,83.98342147385421,Riesgo de Fuga
13369,0.27242030831311675,308.28000000000003,83.98173264676764,Riesgo de Fuga
12459,0.1848213533470945,454.36,83.97543010678586,Riesgo de Fuga
16039,0.36789849240209155,228.2,83.95443596615729,Riesgo de Fuga
15080,0.30733335991440275,273.125,83.94042392662125,Riesgo de Fuga
14094,0.26911056047326154,311.77,83.90059943874874,Riesgo de Fuga
18128,0.20989906540685976,399.29,83.81059782630504,Riesgo de Fuga
13660,0.27284589140376314,306.64,83.66546414004992,Riesgo de Fuga
17561,0.46652391331854765,179.29999999999998,83.64773765801559,Dudoso (Incentivar)
17501,0.5796470211561356,144.3,83.64306515283037,Dudoso (Incentivar)
14151,0.24617075227695945,339.725,83.63035881729006,Riesgo de Fuga
13161,0.35381497064966916,236.065,83.52333104641414,Riesgo de Fuga
12760,0.23986972968212913,347.8,83.42669198344451,Riesgo de Fuga
14263,0.2583328152693321,322.93,83.42341603492542,Riesgo de Fuga
17435,0.25140217713511676,331.35,83.30211139372095,Riesgo de Fuga
14705,0.4648733388763023,179.0,83.2123276588581,Dudoso (Incentivar)
15756,0.6812182823285907,122.085,83.166533998086,Dudoso (Incentivar)
16704,0.25016251240518966,332.08,83.07396711951537,Riesgo de Fuga
18154,0.4668105600655732,177.8033333333333,83.00047361485912,Dudoso (Incentivar)
17159,0.2953659237809766,280.355,82.8073135616157,Riesgo de Fuga
13045,0.3286779988606779,251.82,82.7676936730959,Riesgo de Fuga
14599,0.3611458978390534,228.945,82.68254758076208,Riesgo de Fuga
14463,0.44283119281490746,186.435,82.55923343244727,Dudoso (Incentivar)
14807,0.3275148191376137,252.07,82.55666046001829,Riesgo de Fuga
18050,0.3997643459806631,206.03,82.36344820239603,Riesgo de Fuga
15794,0.21196270925748562,388.5,82.34751254653317,Riesgo de Fuga
15613,0.18985447760719393,433.71999999999997,82.34368402779215,Riesgo de Fuga
14848,0.2651147209146576,310.56,82.33402772725607,Riesgo de Fuga
14252,0.23438434686346105,350.99,82.2665619056062,Riesgo de Fuga
17889,0.7709453953004387,106.63142857142857,82.2070088514505,Alta Probabilidad
17551,0.2829938801372539,290.34,82.1644431590503,Riesgo de Fuga
14793,0.2069978173077295,396.91,82.15950366761092,Riesgo de Fuga
14024,0.2581536854246531,318.04,82.10319811245668,Riesgo de Fuga
13956,0.5652255650767783,145.16,82.04814302654515,Dudoso (Incentivar)
14216,0.2637558859057004,310.74,81.95950398633735,Riesgo de Fuga
16476,0.23379548508413567,350.35,81.91024819922694,Riesgo de Fuga
17021,0.4155114431785575,197.03666666666666,81.87098972575903,Dudoso (Incentivar)
13921,0.4477436742873119,182.675,81.7915757004347,Dudoso (Incentivar)
17821,0.2434884315716262,334.62,81.47609897249755,Riesgo de Fuga
17969,0.687593559577057,118.48894736842105,81.4722370915912,Dudoso (Incentivar)
15361,0.4726085158133297,172.2675,81.41508749787278,Dudoso (Incentivar)
16601,0.3748088382177935,217.15,81.38973921899385,Riesgo de Fuga
14139,0.3632870024393502,223.66,81.25277096558506,Riesgo de Fuga
14762,0.38910296442455705,208.785,81.23886242738114,Riesgo de Fuga
17800,0.6867874412212581,118.28333333333335,81.23550783912115,Dudoso (Incentivar)
14104,0.4621494113191057,175.7733333333333,81.23354252559693,Dudoso (Incentivar)
12850,0.24607031900799364,330.0,81.2032052726379,Riesgo de Fuga
17745,0.27047247955016307,300.17,81.18772418657245,Riesgo de Fuga
15870,0.48108256707471286,168.67333333333332,81.14580019704873,Dudoso (Incentivar)
14678,0.20115682136754848,403.39,81.14465017145538,Riesgo de Fuga
17823,0.3607704989255469,224.625,81.03807332115097,Riesgo de Fuga
15726,0.25165345021447183,321.91,81.00976215854064,Riesgo de Fuga
17852,0.4470960249049109,181.15666666666667,80.99442555169064,Dudoso (Incentivar)
12561,0.3389184751791231,238.85,80.95067779653355,Riesgo de Fuga
16829,0.2559365691522955,316.1,80.90154950904062,Riesgo de Fuga
16526,0.18930408554836586,426.85,80.80444891631997,Riesgo de Fuga
17773,0.2808482076447641,287.685,80.79581661628396,Riesgo de Fuga
12427,0.26568989489515016,303.5,80.63688310067808,Riesgo de Fuga
16448,0.44647648150619934,180.56,80.61579350075935,Dudoso (Incentivar)
13259,0.5759211293893094,139.92,80.58288442415217,Dudoso (Incentivar)
14531,0.21407655468960454,376.34,80.56557059188577,Riesgo de Fuga
17094,0.4006052507718896,201.10000000000002,80.56171593022701,Dudoso (Incentivar)
18058,0.2666944366840118,301.95,80.52838515673737,Riesgo de Fuga
15554,0.37065885761336737,217.2,80.5071038736234,Riesgo de Fuga
12958,0.344381674213598,233.67,80.47166581349144,Riesgo de Fuga
15102,0.2900295735455255,277.335,80.43535177924831,Riesgo de Fuga
17691,0.5046470662686879,159.38750000000002,80.43443427490051,Dudoso (Incentivar)
13837,0.6033750769814059,133.29500000000002,80.4268808862365,Dudoso (Incentivar)
17476,0.32836200861242315,244.93,80.42570676944081,Riesgo de Fuga
15018,0.5519321871132684,145.67000000000002,80.39996169678982,Dudoso (Incentivar)
16699,0.5650217505980735,142.0857142857143,80.28151902069199,Dudoso (Incentivar)
18048,0.609601304545429,131.64333333333335,80.24994773470877,Dudoso (Incentivar)
14556,0.2951082952214708,271.8966666666667,80.23896177640052,Riesgo de Fuga
17923,0.4838205909480573,165.66666666666666,80.15294456706148,Dudoso (Incentivar)
17495,0.2591681411382492,309.16,80.12442251430113,Riesgo de Fuga
14927,0.2599304443517074,308.2,80.11056294919622,Riesgo de Fuga
16541,0.18882502721174502,424.03,80.06747628859624,Riesgo de Fuga
13500,0.26727247308194063,299.53,80.05612386223368,Riesgo de Fuga
12499,0.20329853524126645,393.72,80.04269929519144,Riesgo de Fuga
15634,0.25726806605713215,311.1,80.03609535037381,Riesgo de Fuga
18271,0.2346499009666375,340.425,79.88069253656757,Riesgo de Fuga
18114,0.3627884021310465,220.1,79.84972730904333,Riesgo de Fuga
15134,0.7128558899903642,111.9375,79.79530618579639,Alta Probabilidad
16500,0.5246831961773932,152.0125,79.75840435891598,Dudoso (Incentivar)
12351,0.2649705971452775,300.93,79.73760179892835,Riesgo de Fuga
12460,0.24403917403988024,326.65,79.71539620012688,Riesgo de Fuga
12654,0.707305974929413,112.58333333333333,79.63086434413641,Alta Probabilidad
13639,0.25445407135813475,312.93,79.6263125501011,Riesgo de Fuga
16565,0.41141212323605386,193.2625,79.51053546690785,Dudoso (Incentivar)
15703,0.37584048301177375,211.5,79.49026215699016,Riesgo de Fuga
13833,0.2510776941372013,316.56,79.48115485607245,Riesgo de Fuga
12946,0.24489746368828175,324.45,79.45698209366302,Riesgo de Fuga
16799,0.35067043550628024,226.39000000000001,79.38827989426679,Riesgo de Fuga
14991,0.2521729309317589,314.67,79.35125617629657,Riesgo de Fuga
17141,0.4359323346842028,181.895,79.29391201738306,Dudoso (Incentivar)
17168,0.19780467286079234,400.2,79.1614300788891,Riesgo de Fuga
16481,0.1743517964250058,453.38,79.04761746316913,Riesgo de Fuga
14690,0.3739035896477829,211.315,79.01143704642125,Riesgo de Fuga
13776,0.2526442846913317,311.99,78.82249038084858,Riesgo de Fuga
12944,0.2746020323276824,286.95,78.79705317642845,Riesgo de Fuga
17805,0.1899859108210742,414.72,78.7909569357159,Riesgo de Fuga
15945,0.4868053137628829,161.5675,78.65191753138458,Dudoso (Incentivar)
13962,0.5052644208756103,155.425,78.53072261459174,Dudoso (Incentivar)
13718,0.5120335488506125,153.275,78.48194220007763,Dudoso (Incentivar)
15766,0.3039443405934582,258.0,78.41763987311222,Riesgo de Fuga
13843,0.2448413052996538,319.75,78.28800736956431,Riesgo de Fuga
18262,0.36562358456951516,214.03,78.25441580541333,Riesgo de Fuga
18135,0.6927195333606642,112.92166666666667,78.2230442396418,Dudoso (Incentivar)
16217,0.5138702449299759,152.125,78.17251100997258,Dudoso (Incentivar)
17729,0.178202367321815,438.65000000000003,78.16846842571415,Riesgo de Fuga
13761,0.3546104460519326,220.38,78.14905010092491,Riesgo de Fuga
17968,0.5286237626403207,147.60999999999999,78.03015360333774,Dudoso (Incentivar)
16844,0.2539381232540093,307.17,78.00217331993403,Riesgo de Fuga
15956,0.25255905966408454,308.8,77.99023762426931,Riesgo de Fuga
17703,0.2632832805804374,296.1,77.95817937986752,Riesgo de Fuga
16310,0.3387226205131056,230.04,77.91975162283481,Riesgo de Fuga
14237,0.3307229019411729,235.57,77.9083940102821,Riesgo de Fuga
17759,0.35199036232197656,220.96,77.77579045866395,Riesgo de Fuga
18227,0.40004656301449115,194.375,77.75905068594172,Dudoso (Incentivar)
17098,0.3944024577542723,197.0233333333333,77.7064869016059,Riesgo de Fuga
14203,0.2289306160996345,339.34,77.68531526724996,Riesgo de Fuga
16948,0.6910321261193143,112.38166666666667,77.65934205349875,Dudoso (Incentivar)
14979,0.18065820985874045,429.66,77.62160644790643,Riesgo de Fuga
15598,0.2522782129372837,307.34,77.53518596414476,Riesgo de Fuga
13585,0.3397310737003585,228.17999999999998,77.5198363969478,Riesgo de Fuga
13514,0.3503756656740634,221.23333333333335,77.51477643595864,Riesgo de Fuga
17103,0.18262904279610276,424.3,77.4895028583864,Riesgo de Fuga
14777,0.2519373287986363,307.56,77.48584484530858,Riesgo de Fuga
17437,0.20959507132781816,369.68,77.48310596846781,Riesgo de Fuga
12831,0.5151059744139364,150.37,77.45648537262362,Dudoso (Incentivar)
16792,0.6206489032072715,124.69200000000001,77.3899530387211,Dudoso (Incentivar)
15645,0.34800614779088435,221.58,77.11120222750415,Riesgo de Fuga
18111,0.18963407675013783,405.85,76.96299004904344,Riesgo de Fuga
12622,0.4269068742862151,180.1,76.88592805894734,Dudoso (Incentivar)
12974,0.3753531892038464,204.475,76.75034336245649,Riesgo de Fuga
13226,0.4908542220552571,156.23,76.68615511169281,Dudoso (Incentivar)
12932,0.36078423909541585,212.32,76.60170964473869,Riesgo de Fuga
13964,0.348836986049561,219.45,76.55227658857615,Riesgo de Fuga
16430,0.5616555850498886,136.18166666666667,76.48719366473557,Dudoso (Incentivar)
12421,0.5110195264293079,149.67,76.48429252067452,Dudoso (Incentivar)
16385,0.4838778527553992,157.89666666666668,76.40270002390169,Dudoso (Incentivar)
16936,0.2665277822566077,286.39,76.33089156046988,Riesgo de Fuga
14242,0.5440605263214284,140.275,76.31809032973838,Dudoso (Incentivar)
16492,0.19783077080628458,385.56,76.27563199207108,Riesgo de Fuga
17718,0.34729283868869854,219.59,76.26203444765132,Riesgo de Fuga
17688,0.2503042291621066,304.2,76.14254651111283,Riesgo de Fuga
15650,0.2748868086694055,276.94,76.12715279290516,Riesgo de Fuga
15483,0.7568538350201879,100.50142857142858,76.0648916392932,Alta Probabilidad
18246,0.38433985594454056,197.81,76.02626690438957,Riesgo de Fuga
13856,0.7813901424077061,97.253,75.99253551957665,Alta Probabilidad
14731,0.6052895933596673,125.50999999999999,75.96989686257183,Dudoso (Incentivar)
12810,0.2839678991648035,267.495,75.95999318708911,Riesgo de Fuga
14614,0.2570285939434365,295.13,75.85684893052643,Riesgo de Fuga
14753,0.24739501062258587,306.36,75.79193545433542,Riesgo de Fuga
15759,0.6384784334550044,118.70428571428572,75.79012638725241,Dudoso (Incentivar)
15048,0.595709011905202,127.125,75.72950813844881,Dudoso (Incentivar)
15962,0.2614371190948139,289.48,75.68081723556672,Riesgo de Fuga
18201,0.16908814914952347,447.53000000000003,75.67201938888624,Riesgo de Fuga
14501,0.6022334037714313,125.605,75.64352668071064,Dudoso (Incentivar)
15616,0.23849614091003493,317.11,75.62951124398118,Riesgo de Fuga
17964,0.2888655218831553,261.76,75.61343900813472,Riesgo de Fuga
17580,0.6972098781787296,108.204,75.44089765845125,Dudoso (Incentivar)
17000,0.3713501355759944,203.15,75.43978004226327,Riesgo de Fuga
14296,0.3305099423190822,228.20000000000002,75.42236883721456,Riesgo de Fuga
15011,0.3615156637200523,208.3,75.3037127528869,Riesgo de Fuga
17867,0.8050486017715516,93.47545454545455,75.25228398177842,Alta Probabilidad
16194,0.24378558084568178,308.59999999999997,75.23223024897739,Riesgo de Fuga
14269,0.25433611749010115,295.73,75.21482002534762,Riesgo de Fuga
12542,0.31191400364660976,240.94,75.15256003861415,Riesgo de Fuga
15872,0.36385673582209327,206.5,75.13641594726226,Riesgo de Fuga
12672,0.34311014484866564,218.525,74.97814440305466,Riesgo de Fuga
14771,0.25191546316836877,297.31,74.89698635458772,Riesgo de Fuga
17522,0.6022068814921017,124.21,74.80011675013394,Dudoso (Incentivar)
12855,0.48724111317279367,153.21,74.65021094920372,Dudoso (Incentivar)
14767,0.19485819963620682,382.81,74.59366740273633,Riesgo de Fuga
13918,0.37561712034575573,198.2,74.44731325252879,Riesgo de Fuga
16252,0.25219952618194486,295.09000000000003,74.42155818103012,Riesgo de Fuga
13024,0.26764445530416997,277.935,74.38776168496449,Riesgo de Fuga
16155,0.4660862549327273,159.38,74.28482731117808,Dudoso (Incentivar)
13041,0.37172667762540856,199.7825,74.26448497269818,Riesgo de Fuga
13597,0.37413616998075333,198.355,74.21177999653233,Riesgo de Fuga
16742,0.4131154384355769,179.6130769230769,74.20093502183991,Dudoso (Incentivar)
17617,0.19251487603929734,385.19,74.15480510157694,Riesgo de Fuga
14123,0.16997179137454443,436.18,74.1382959617488,Riesgo de Fuga
15012,0.345001722486163,214.89,74.13742014505156,Riesgo de Fuga
14425,0.3361763312780008,220.46333333333334,74.11455458131898,Riesgo de Fuga
15037,0.37211503261002504,198.88,74.00623768548178,Riesgo de Fuga
14358,0.3695996369916936,200.03,73.93101538744848,Riesgo de Fuga
15242,0.24440268343178673,302.04,73.81938650373687,Riesgo de Fuga
12547,0.5771966070157583,127.86,73.80035817303485,Dudoso (Incentivar)
17264,0.27504679649906427,268.28,73.78955456476895,Riesgo de Fuga
17121,0.23433487540013953,314.74,73.75455868343992,Riesgo de Fuga
15141,0.37123904612626163,198.35285714285715,73.63632548213293,Riesgo de Fuga
16091,0.4678834871827805,157.25,73.57467835949224,Dudoso (Incentivar)
14397,0.6069897318638492,121.12,73.51859632334941,Dudoso (Incentivar)
15748,0.3150018900641444,232.72500000000002,73.30881486517802,Riesgo de Fuga
16343,0.25649247770677225,285.54,73.23886208439176,Riesgo de Fuga
14476,0.37903437246856575,193.0,73.15363388643318,Riesgo de Fuga
17355,0.26740386157843365,273.31,73.08414940800171,Riesgo de Fuga
18006,0.41724204828257083,174.94333333333336,72.99371473338056,Dudoso (Incentivar)
17303,0.2919076407090423,250.04,72.98858648288893,Riesgo de Fuga
14192,0.24838665284517245,293.74,72.96109540674095,Riesgo de Fuga
13904,0.3623932130459064,201.12,72.8845230077927,Riesgo de Fuga
17996,0.4531091315584975,160.77666666666667,72.84937580820338,Dudoso (Incentivar)
13109,0.20947657340311676,347.49,72.79101449184904,Riesgo de Fuga
18252,0.35838566839287933,203.084,72.7823950798995,Riesgo de Fuga
13415,0.37106614558284834,196.0425,72.74473484542554,Riesgo de Fuga
16579,0.2464798573503426,295.05,72.72388191121858,Riesgo de Fuga
13143,0.17930666266973438,405.1,72.6371290475094,Riesgo de Fuga
16097,0.3921742305112228,185.04999999999998,72.57184135610177,Riesgo de Fuga
13057,0.3067890575905256,236.53,72.56481579188703,Riesgo de Fuga
15717,0.5972030475748399,121.4,72.50044997558557,Dudoso (Incentivar)
15501,0.3623951631910394,199.975,72.46997275912811,Riesgo de Fuga
13039,0.2857631090921754,252.6825,72.20733681318362,Riesgo de Fuga
13123,0.284795835170458,253.375,72.16014473631479,Riesgo de Fuga
17710,0.24583977996353026,293.5,72.15397541929613,Riesgo de Fuga
16137,0.17041861321508184,422.7,72.03594780601509,Riesgo de Fuga
13589,0.38814663346658707,185.2725,71.91289714893826,Riesgo de Fuga
12450,0.43880193841877074,163.44,71.71778881516389,Dudoso (Incentivar)
16847,0.169973669561325,421.45000000000005,71.63540303662043,Riesgo de Fuga
16402,0.4875449287359975,146.725,71.53502966878922,Dudoso (Incentivar)
15857,0.261497798630786,273.48,71.51441796954735,Riesgo de Fuga
12445,0.2368123404487636,301.58000000000004,71.41786563253814,Riesgo de Fuga
16661,0.30477179295276813,233.19,71.069734398656,Riesgo de Fuga
17999,0.41988307356790805,169.205,71.04631546305788,Dudoso (Incentivar)
15404,0.27562683853321035,257.06,70.85263511334705,Riesgo de Fuga
18039,0.5163867610440914,137.055,70.77338753489795,Dudoso (Incentivar)
15772,0.251905381518373,280.88,70.75518356088061,Riesgo de Fuga
14460,0.7176593069943238,98.45142857142856,70.6545840011726,Alta Probabilidad
15691,0.4946172768089715,142.825,70.64371256024135,Dudoso (Incentivar)
15282,0.20260646102210775,348.59,70.62658624769654,Riesgo de Fuga
17300,0.35879721015603716,196.82,70.61846690291124,Riesgo de Fuga
16535,0.37317754290289834,189.14499999999998,70.5846663523687,Riesgo de Fuga
17116,0.18072190635325583,389.78,70.44178465837206,Riesgo de Fuga
17760,0.5572609041248249,126.268,70.36421984203339,Dudoso (Incentivar)
15669,0.35391495552061414,198.8,70.3582931574981,Riesgo de Fuga
15234,0.35689468471643837,197.0,70.30825288913836,Riesgo de Fuga
18270,0.5144127471798304,136.675,70.30736222080333,Dudoso (Incentivar)
15724,0.6780911530717784,103.61666666666667,70.26154497745411,Dudoso (Incentivar)
14594,0.2754478119305307,255.0,70.23919204228532,Riesgo de Fuga
15911,0.3303141878901514,212.53,70.20167435229388,Riesgo de Fuga
14268,0.1976544823584565,354.85,70.1376930648983,Riesgo de Fuga
12791,0.4870713604226832,143.91833333333332,70.09849840643186,Dudoso (Incentivar)
15418,0.311937476569611,224.71,70.09547035995729,Riesgo de Fuga
15006,0.25249818207323005,277.4,70.04299570711402,Riesgo de Fuga
18210,0.4827124473974801,144.925,69.9571014390798,Dudoso (Incentivar)
14809,0.20358894812533118,343.38,69.90837300727623,Riesgo de Fuga
17178,0.16106524892583685,432.96,69.73481017493032,Riesgo de Fuga
13073,0.3333356656802651,209.04,69.68048755380262,Riesgo de Fuga
15778,0.2261679942464047,307.95,69.64843382818033,Riesgo de Fuga
15319,0.3401456130768444,204.5,69.55977787421467,Riesgo de Fuga
16060,0.3849973538712138,180.65,69.54977197683478,Riesgo de Fuga
14042,0.1609013822281174,431.98,69.50617909490215,Riesgo de Fuga
12751,0.25888353462094627,268.27,69.45068583276125,Riesgo de Fuga
17433,0.2593463632290548,266.8,69.19360970951182,Riesgo de Fuga
17163,0.3399789299219984,203.34,69.13131561033916,Riesgo de Fuga
13524,0.43357047120155956,159.20000000000002,69.02441901528829,Dudoso (Incentivar)
17210,0.2741178554057714,251.72,69.00094656274076,Riesgo de Fuga
16802,0.2365051564242786,291.305,68.89513459217449,Riesgo de Fuga
14077,0.6551298473155076,105.08999999999999,68.8475956543867,Dudoso (Incentivar)
15091,0.24304517656500613,282.95,68.76963270906847,Riesgo de Fuga
17843,0.4290529815853694,160.2,68.73428764997618,Dudoso (Incentivar)
16413,0.26452363575655785,259.83,68.73117627862642,Riesgo de Fuga
14011,0.2998795303755502,228.91,68.6454232982672,Riesgo de Fuga
17574,0.36913665540285007,185.65,68.53022007553912,Riesgo de Fuga
12538,0.24742305428162098,276.5,68.4124745088682,Riesgo de Fuga
18112,0.3252109332767428,210.335,68.40324165076369,Riesgo de Fuga
15921,0.4537222634249683,150.74333333333334,68.39560639622448,Dudoso (Incentivar)
15160,0.4633741717125394,147.3175,68.26312454126203,Dudoso (Incentivar)
12825,0.2632380549284207,259.315,68.2615762137634,Riesgo de Fuga
16522,0.3145285459382777,216.68,68.15204533390602,Riesgo de Fuga
17979,0.5879119164190724,115.835,68.10077683840325,Dudoso (Incentivar)
17842,0.1581196388841129,430.69,68.10054727099859,Riesgo de Fuga
13374,0.32183899648231584,211.4,68.03676385636157,Riesgo de Fuga
17380,0.3159057210113444,215.0,67.91973001743905,Riesgo de Fuga
16998,0.6891315811408173,98.525,67.89668903189903,Dudoso (Incentivar)
18029,0.15650644174796421,433.77,67.88779923701443,Riesgo de Fuga
17298,0.4462862960005408,151.9466666666667,67.81171505629551,Dudoso (Incentivar)
15683,0.2043676164657004,330.79,67.60276385068904,Riesgo de Fuga
17430,0.43107024275035855,156.47,67.4495608831486,Dudoso (Incentivar)
17245,0.3622424802337753,185.815,67.31008646463896,Riesgo de Fuga
17992,0.2661686837070033,252.88,67.308736735827,Riesgo de Fuga
15917,0.6345141742482965,106.03399999999999,67.28007595224386,Dudoso (Incentivar)
17221,0.3142780142954463,214.04666666666665,67.27016136655928,Riesgo de Fuga
15437,0.3417598630814461,196.725,67.23270906469749,Riesgo de Fuga
16315,0.3337795941777135,201.355,67.2081901856535,Riesgo de Fuga
13288,0.361687029588787,185.522,67.10090110337094,Riesgo de Fuga
17639,0.6537532984676939,102.52833333333332,67.02823610306187,Dudoso (Incentivar)
14452,0.33511315647934714,199.95,67.00587563804545,Riesgo de Fuga
18285,0.15657213750713256,427.0,66.8563027155456,Riesgo de Fuga
13686,0.39647468279889186,168.52,66.81391354526926,Riesgo de Fuga
13287,0.2562665623775172,260.53000000000003,66.76512749621456,Riesgo de Fuga
15540,0.26969431085715617,247.38,66.71697861984329,Riesgo de Fuga
15894,0.5163567924834622,129.125,66.67457082942705,Dudoso (Incentivar)
14840,0.3674880724242572,181.355,66.64579937450115,Riesgo de Fuga
16421,0.37949278501250183,175.42333333333332,66.5718893228431,Riesgo de Fuga
16323,0.376028440000824,176.83,66.49310904534572,Riesgo de Fuga
13617,0.4523185259227514,146.91400000000002,66.4519239174151,Dudoso (Incentivar)
14526,0.25643393330868564,258.65,66.32663685029154,Riesgo de Fuga
17962,0.35231681132644305,188.1833333333333,66.30015194478113,Riesgo de Fuga
13998,0.35087581459625755,188.9,66.28044137723306,Riesgo de Fuga
16136,0.3335639829531232,198.36,66.16575165858151,Riesgo de Fuga
16816,0.4056489616759542,162.725,66.00922728871964,Dudoso (Incentivar)
15368,0.239051802109574,275.8,65.93048702182051,Riesgo de Fuga
13657,0.4318823863216864,152.34,65.79296273224571,Dudoso (Incentivar)
16667,0.32826784908171086,200.4,65.78487695597485,Riesgo de Fuga
16332,0.6092581015241934,107.902,65.74016767066351,Dudoso (Incentivar)
17367,0.39202838012175617,167.55,65.68435508940026,Riesgo de Fuga
14616,0.6221271601293695,105.556,65.66925451461573,Dudoso (Incentivar)
18017,0.3973046066967757,165.0,65.55526010496799,Riesgo de Fuga
12634,0.26709589365337066,245.0,65.43849394507582,Riesgo de Fuga
13251,0.25752470714630865,252.68,65.07134300172928,Riesgo de Fuga
17332,0.38787467288444366,167.654,65.02874040776851,Riesgo de Fuga
18011,0.3162471657863418,205.395,64.95558661668568,Riesgo de Fuga
13326,0.23012983507145446,281.76,64.84138232973301,Riesgo de Fuga
14370,0.33050262743637365,195.96333333333334,64.76639654785657,Riesgo de Fuga
16415,0.26073383876546535,248.245,64.72587180433295,Riesgo de Fuga
13950,0.3604394183923317,179.30999999999997,64.63039211192898,Riesgo de Fuga
13948,0.47075625143946215,137.19,64.58305013497981,Dudoso (Incentivar)
15536,0.2487343669992001,259.09,64.44458714582275,Riesgo de Fuga
15213,0.3924414364590436,164.175,64.42907283066349,Riesgo de Fuga
14052,0.26696913456173116,241.3,64.41965216974573,Riesgo de Fuga
13754,0.40197735637304655,160.225,64.40682192487138,Dudoso (Incentivar)
16988,0.2507299548891958,256.55,64.32476992682318,Riesgo de Fuga
12892,0.24406238056062463,263.38,64.2811497920573,Riesgo de Fuga
17830,0.4465974456055477,143.82500000000002,64.23187761421791,Dudoso (Incentivar)
17643,0.2909087636162187,219.85,63.95629168102568,Riesgo de Fuga
14273,0.5845596267404447,109.35,63.92159518406763,Dudoso (Incentivar)
14749,0.20606963565419312,310.15,63.91249749814799,Riesgo de Fuga
12691,0.47272489292723163,135.2,63.91240552376171,Dudoso (Incentivar)
17281,0.480438432145211,132.975,63.88630051450943,Dudoso (Incentivar)
17122,0.44197986183758886,144.06,63.671618896323054,Dudoso (Incentivar)
17619,0.2968944012440387,214.37,63.64525279468458,Riesgo de Fuga
15637,0.4432811667588753,143.5575,63.63633609698724,Dudoso (Incentivar)
12956,0.48772783171189166,130.4725,63.635069523029784,Dudoso (Incentivar)
15191,0.32385718484728454,196.01666666666665,63.48140584981522,Riesgo de Fuga
15473,0.23097776343153104,274.8,63.47268939098473,Riesgo de Fuga
13545,0.3477422747650448,182.465,63.450794165003906,Riesgo de Fuga
16378,0.5239998865965008,120.98333333333333,63.395252946733315,Dudoso (Incentivar)
14798,0.606878382083808,104.375,63.34293112999745,Dudoso (Incentivar)
15013,0.39320021695772295,161.082,63.33747734798393,Riesgo de Fuga
16201,0.2546506140097493,248.65,63.31887517352417,Riesgo de Fuga
14877,0.2970831315893706,212.925,63.25642579366674,Riesgo de Fuga
15003,0.3695396178475316,171.17166666666665,63.25471228632506,Riesgo de Fuga
17471,0.19637844342412514,321.65000000000003,63.165126327369855,Riesgo de Fuga
15495,0.2561570592465801,246.5,63.142715104282,Riesgo de Fuga
17789,0.317887324382962,198.575,63.12447543934668,Riesgo de Fuga
14455,0.40868688705949835,154.43,63.113515968598335,Dudoso (Incentivar)
14458,0.2765622352504985,228.07,63.075548993581194,Riesgo de Fuga
12604,0.3532041214501473,178.5,63.04693567885129,Riesgo de Fuga
15287,0.5120252602400079,123.11333333333334,63.03713653901485,Dudoso (Incentivar)
15573,0.31660228370057497,199.07666666666668,63.028127298164804,Riesgo de Fuga
16707,0.4724012839578532,133.3525,62.99589221898962,Dudoso (Incentivar)
12941,0.16683847462864054,377.49,62.97985578756552,Riesgo de Fuga
15938,0.7568009676800129,83.19125,62.95921850250987,Alta Probabilidad
14624,0.4280961469564848,147.055,62.95367889068587,Dudoso (Incentivar)
17171,0.3270965525751558,192.295,62.89903157743958,Riesgo de Fuga
12829,0.48965124909499436,128.43333333333334,62.887542092100446,Dudoso (Incentivar)
17883,0.565764192051987,110.8575,62.71920392040315,Dudoso (Incentivar)
18162,0.16871421098099368,371.51,62.67901652154896,Riesgo de Fuga
16473,0.5038565136533999,124.17666666666668,62.56722234376703,Dudoso (Incentivar)
17258,0.29972546758445884,208.65,62.537718811497335,Riesgo de Fuga
13606,0.5063425761052203,123.315,62.43963477241524,Dudoso (Incentivar)
15163,0.4027146080962957,155.0,62.420764254925835,Dudoso (Incentivar)
12991,0.23909725737659318,261.06,62.41873001073342,Riesgo de Fuga
15670,0.38334347695780385,162.6,62.3316493533389,Riesgo de Fuga
15675,0.4731716192322648,131.675,62.304872962408474,Dudoso (Incentivar)
14241,0.37274811727973495,166.85000000000002,62.19302336812378,Riesgo de Fuga
16199,0.46049163708916296,134.67857142857142,62.01835583797262,Dudoso (Incentivar)
16683,0.19342587402293915,320.25,61.94463615584626,Riesgo de Fuga
14630,0.1826222289743364,338.65,61.84501784215902,Riesgo de Fuga
15989,0.3357048103240026,184.155,61.82171934521671,Riesgo de Fuga
17917,0.5451293396392227,113.355,61.79313629480409,Dudoso (Incentivar)
18091,0.1711573962899263,360.85,61.762146451219905,Riesgo de Fuga
18266,0.24593007882721576,251.1,61.75304279351388,Riesgo de Fuga
13002,0.44700583273656536,138.04333333333332,61.706175170397934,Dudoso (Incentivar)
16864,0.3013588441774136,204.625,61.66555348980326,Riesgo de Fuga
14433,0.21954624586499077,280.7,61.62663121430291,Riesgo de Fuga
17169,0.1919563174751693,320.95,61.60838009365559,Riesgo de Fuga
16414,0.5178828116698243,118.94,61.596981620008904,Dudoso (Incentivar)
13879,0.15573899662405205,395.5,61.59477316481259,Riesgo de Fuga
12703,0.2553888218128051,240.99333333333334,61.54700346474061,Riesgo de Fuga
18152,0.14418136801972548,426.69,61.52074792033666,Riesgo de Fuga
17111,0.2698481878701009,227.97,61.5172913887469,Riesgo de Fuga
12361,0.48123299018712473,127.8125,61.50759155829188,Dudoso (Incentivar)
17627,0.20699716019821138,296.36,61.345678396341924,Riesgo de Fuga
12529,0.19380962500337603,316.48,61.33687012106845,Riesgo de Fuga
14392,0.2301314773523902,266.4,61.30702556667674,Riesgo de Fuga
14746,0.41318856587102576,148.375,61.30685346111345,Dudoso (Incentivar)
14244,0.1670769466163714,366.41999999999996,61.220334779170805,Riesgo de Fuga
14716,0.25919939852914026,235.77,61.1114421912154,Riesgo de Fuga
14058,0.2604098116330575,234.595,61.09083976005712,Riesgo de Fuga
16715,0.18831441825144518,323.8,60.976208629817954,Riesgo de Fuga
16122,0.5282347187656022,115.26,60.88433368492332,Dudoso (Incentivar)
14779,0.4720006112023761,128.71666666666667,60.75434533859917,Dudoso (Incentivar)
15135,0.397153055281996,152.84,60.70087296930027,Riesgo de Fuga
15919,0.28334812368412987,214.07999999999998,60.65916631829852,Riesgo de Fuga
18101,0.45505534998724073,133.20333333333335,60.614889469467094,Dudoso (Incentivar)
13540,0.2875275216265366,210.79666666666665,60.609843133801824,Riesgo de Fuga
16892,0.5350421565911689,113.18,60.556071282988505,Dudoso (Incentivar)
17748,0.1690583877128987,358.15,60.54826155937466,Riesgo de Fuga
12800,0.31074183435654035,194.75,60.516972240936234,Riesgo de Fuga
13530,0.15016587305030296,402.97999999999996,60.51384352181108,Riesgo de Fuga
17963,0.3759597127657107,160.79,60.45056221559862,Riesgo de Fuga
13672,0.4317233154507572,139.97333333333333,60.42975154136065,Dudoso (Incentivar)
15055,0.33011810170881317,183.04,60.42481733678116,Riesgo de Fuga
16166,0.27697734305557675,217.915,60.35751771195601,Riesgo de Fuga
15216,0.1546144152487501,389.49,60.22076859523568,Riesgo de Fuga
16184,0.4060754191784479,148.22,60.18849863062955,Dudoso (Incentivar)
16776,0.27232859472597726,220.97,60.1764495765992,Riesgo de Fuga
13980,0.4231191753779112,142.17,60.15485316347763,Dudoso (Incentivar)
15015,0.33186574786323786,181.15153846153845,60.117990788114554,Riesgo de Fuga
17436,0.545281063523751,110.03999999999999,60.002728230153565,Dudoso (Incentivar)
13641,0.2946664726634355,203.294,59.903925893640455,Riesgo de Fuga
17558,0.23113145035126675,259.17,59.902337987537805,Riesgo de Fuga
13296,0.4247258117872468,141.022,59.89568342986111,Dudoso (Incentivar)
14283,0.38028312003004877,157.10999999999999,59.746280987920954,Riesgo de Fuga
14919,0.1662121398126863,359.35,59.72833244168882,Riesgo de Fuga
13789,0.2494011173848089,239.45999999999998,59.72159156896634,Riesgo de Fuga
12943,0.24048957011304523,248.25,59.701535780563475,Riesgo de Fuga
15183,0.27959272197902363,213.30999999999997,59.63992352534552,Riesgo de Fuga
14083,0.7532955804185586,79.03285714285714,59.5351019935656,Alta Probabilidad
17568,0.1587672663253034,374.45,59.45040287550986,Riesgo de Fuga
16495,0.4819568677863636,123.255,59.403593739008244,Dudoso (Incentivar)
14097,0.2806272399233443,211.42999999999998,59.33301733699268,Riesgo de Fuga
12655,0.22684173668985202,261.35,59.285087883892835,Riesgo de Fuga
15124,0.4972575849130031,119.12666666666667,59.23663856540301,Dudoso (Incentivar)
13067,0.30134466060613385,196.525,59.221759425620455,Riesgo de Fuga
15595,0.16548206750112607,357.6,59.176387338402684,Riesgo de Fuga
13942,0.18473225794401987,320.0,59.114322542086356,Riesgo de Fuga
16962,0.235177465034405,251.04,59.038950822237034,Riesgo de Fuga
14238,0.4070710684012072,144.74333333333334,58.92082334395207,Dudoso (Incentivar)
12563,0.2360850940448737,249.24,58.84184883974432,Riesgo de Fuga
14590,0.3928883682344659,149.6685,58.803012741100154,Riesgo de Fuga
13972,0.40204307710589315,145.9,58.658084949749814,Dudoso (Incentivar)
13640,0.14479652997027653,405.0,58.642594637962,Riesgo de Fuga
13229,0.36341033016737356,160.95,58.49089264043877,Riesgo de Fuga
16074,0.2315174236189327,252.5,58.45814946378051,Riesgo de Fuga
12835,0.3991862531816882,146.2641463414634,58.386636552866904,Riesgo de Fuga
17376,0.49123820471373403,118.76333333333334,58.34108665248543,Dudoso (Incentivar)
12736,0.24910426283708934,234.0,58.29039750387891,Riesgo de Fuga
15262,0.41713494584040145,139.60666666666665,58.23481933895897,Dudoso (Incentivar)
15336,0.24194404842830347,240.5,58.18754364700698,Riesgo de Fuga
13400,0.18715578515037357,310.83,58.17363269829061,Riesgo de Fuga
18047,0.3567622407165108,163.045,58.1682995376235,Riesgo de Fuga
16406,0.3107089643962735,187.005,58.10412988692512,Riesgo de Fuga
17479,0.14921811488833017,389.26000000000005,58.08464340143141,Riesgo de Fuga
16824,0.25739697158875674,225.6,58.06875679042352,Riesgo de Fuga
16740,0.25580451492171746,226.91,58.04460248088691,Riesgo de Fuga
15029,0.15853844041089615,365.1,57.88238459401819,Riesgo de Fuga
15765,0.15590096577386148,370.63,57.78157494476628,Riesgo de Fuga
14996,0.2611261109581354,221.14499999999998,57.746733807836854,Riesgo de Fuga
15304,0.7156293209536302,80.60000000000001,57.6797232688626,Alta Probabilidad
18007,0.26796027056256894,215.22,57.670409430476084,Riesgo de Fuga
14182,0.33918823168214696,169.6925,57.55769900472272,Riesgo de Fuga
15042,0.3646447318947515,157.725,57.513590338099675,Riesgo de Fuga
15460,0.26819363191263507,214.26,57.46316757360119,Riesgo de Fuga
18208,0.15902988140074556,360.08,57.26347969478046,Riesgo de Fuga
17935,0.5298664901299639,108.07000000000001,57.2626715883452,Dudoso (Incentivar)
16144,0.32645374790570647,175.2,57.19469663307977,Riesgo de Fuga
15519,0.33113600866307535,172.305,57.0563899726912,Riesgo de Fuga
17012,0.15814882643396894,360.61,57.03004830035354,Riesgo de Fuga
13792,0.4322918435633163,131.5,56.84637742857609,Dudoso (Incentivar)
13598,0.3776478418568854,150.48,56.82844724262411,Riesgo de Fuga
14271,0.5303426750454898,107.09,56.79439707062151,Dudoso (Incentivar)
16304,0.14874606255763806,381.66,56.77042223574814,Riesgo de Fuga
15689,0.3063841960046799,185.215,56.74694886300679,Riesgo de Fuga
13646,0.3475928198301123,163.125,56.70107873478707,Riesgo de Fuga
13482,0.3374056286512858,168.045,56.69932886670532,Riesgo de Fuga
13674,0.2355612996026175,240.68,56.694893588357985,Riesgo de Fuga
16832,0.6786167308918005,83.522,56.67942659754497,Dudoso (Incentivar)
15277,0.25710290880755504,220.44,56.67576521753743,Riesgo de Fuga
13896,0.1458042462107519,388.55,56.652239865187646,Riesgo de Fuga
16577,0.14902433614519997,380.0,56.62924773517599,Riesgo de Fuga
16668,0.7510406206677931,75.36444444444444,56.60175913183897,Alta Probabilidad
17981,0.23665667644997104,239.12,56.58934447271708,Riesgo de Fuga
13331,0.21547922459731073,262.4,56.54174853433433,Riesgo de Fuga
17166,0.4431119766737939,127.59,56.53665710380936,Dudoso (Incentivar)
12891,0.7389430737600524,76.4090909090909,56.461968499574915,Alta Probabilidad
15941,0.13912690845401288,405.0,56.346397923875216,Riesgo de Fuga
15219,0.14827357971374985,379.7,56.29947821731082,Riesgo de Fuga
14059,0.306255586638959,183.6,56.228525706912876,Riesgo de Fuga
16897,0.38785516469572645,144.89,56.1963348127638,Riesgo de Fuga
13584,0.43705854536362476,128.56666666666666,56.19116031558335,Dudoso (Incentivar)
13683,0.2169216339757826,258.6,56.095934546137386,Riesgo de Fuga
17233,0.303124993436399,184.99,56.07509253579945,Riesgo de Fuga
16913,0.39618451397157023,141.3033333333333,55.982192439229436,Riesgo de Fuga
14200,0.14757319009631412,379.2,55.95975368452231,Riesgo de Fuga
15931,0.23323190426305923,239.9,55.95233383270791,Riesgo de Fuga
17807,0.38316455117793896,145.95666666666668,55.925420674761384,Riesgo de Fuga
13691,0.2625463092923901,212.78,55.86460369123476,Riesgo de Fuga
14552,0.3248031578039489,171.855,55.81904668439764,Riesgo de Fuga
17420,0.4591423110694638,121.4,55.73987656383291,Dudoso (Incentivar)
14724,0.1629669834531334,341.9,55.71841164262631,Riesgo de Fuga
16445,0.4733399593856503,117.55,55.641112225783196,Dudoso (Incentivar)
16078,0.3062320417685573,181.495,55.57958442078431,Riesgo de Fuga
17579,0.18221605969131877,304.38,55.462924248843606,Riesgo de Fuga
12914,0.2472613117116814,223.98,55.38158859718239,Riesgo de Fuga
14706,0.15066147772350177,367.54,55.374119522495846,Riesgo de Fuga
13242,0.6233467887535,88.83333333333333,55.373973067602584,Dudoso (Incentivar)
17872,0.23471790328881376,235.87,55.3629118487325,Riesgo de Fuga
16346,0.24656191866724458,224.51,55.35561635998308,Riesgo de Fuga
17868,0.24367619509470312,227.15,55.351047715761815,Riesgo de Fuga
13197,0.14825071187957542,373.01000000000005,55.29899803820044,Riesgo de Fuga
15309,0.27702290775253924,199.49,55.26329986755405,Riesgo de Fuga
16412,0.48303589369588973,114.3,55.211002649440196,Dudoso (Incentivar)
13238,0.41675055264965055,132.35,55.15693564318125,Dudoso (Incentivar)
16808,0.33115350946493904,166.5,55.137059325912354,Riesgo de Fuga
14761,0.38048285288322603,144.76,55.078697783375794,Riesgo de Fuga
14823,0.5228643352565712,105.325,55.07068611089836,Dudoso (Incentivar)
16427,0.4567937529929681,120.53,55.057351048242445,Dudoso (Incentivar)
16862,0.33194876308607474,165.5825,54.96490606369997,Riesgo de Fuga
16617,0.3619171028018474,151.85,54.957112060460524,Riesgo de Fuga
18206,0.1745689540308355,314.65999999999997,54.92986707534269,Riesgo de Fuga
16658,0.4766994848810002,115.13833333333334,54.8863841900569,Dudoso (Incentivar)
17393,0.287726319822705,190.575,54.833443400212005,Riesgo de Fuga
14718,0.2419203709561316,226.42,54.77561039188731,Riesgo de Fuga
12887,0.24626566263632407,222.4,54.769483370318476,Riesgo de Fuga
15705,0.3824544264924271,143.1,54.72922843106632,Riesgo de Fuga
16815,0.269242805899916,203.01,54.65898202574195,Riesgo de Fuga
13581,0.3896495192299644,140.26500000000001,54.65418981479096,Riesgo de Fuga
13088,0.23110916277366872,236.11,54.567184422490925,Riesgo de Fuga
13432,0.24852389779131298,219.55,54.56342176008277,Riesgo de Fuga
13489,0.4628835361853623,117.84,54.5461959040831,Dudoso (Incentivar)
14162,0.30654897470725456,177.68,54.46762182598499,Riesgo de Fuga
18278,0.22657381272837557,240.3,54.445687198628654,Riesgo de Fuga
13519,0.24683175940313723,220.46,54.416529678015635,Riesgo de Fuga
15893,0.17802667721397486,305.28000000000003,54.34798401988225,Riesgo de Fuga
17458,0.2548368885280664,213.08,54.300644207560396,Riesgo de Fuga
12961,0.25498802412823673,211.99,54.05491123494491,Riesgo de Fuga
16760,0.23698620902731746,228.0,54.03285565822838,Riesgo de Fuga
17278,0.39839226453577103,135.62,54.02995891634127,Riesgo de Fuga
15979,0.1640645368017152,329.22,54.013326805860686,Riesgo de Fuga
14072,0.13814573392043236,390.85,53.99426010280099,Riesgo de Fuga
17776,0.3265262962865441,165.28,53.96826625024001,Riesgo de Fuga
16606,0.3015888072383611,178.83,53.93312639843612,Riesgo de Fuga
17707,0.7076310470650027,76.16250000000001,53.89494962208827,Alta Probabilidad
13252,0.269858303403839,199.65,53.877210274576456,Riesgo de Fuga
13190,0.28283848750227986,190.22,53.801537092683674,Riesgo de Fuga
15126,0.23851662161711334,224.745,53.60541812533814,Riesgo de Fuga
12796,0.14067633094421778,381.0,53.597682089746975,Riesgo de Fuga
16373,0.34494120593922634,154.745,53.37792691306558,Riesgo de Fuga
17209,0.26881115584346615,198.5666666666667,53.37693517865094,Riesgo de Fuga
15543,0.43884205492915945,121.13,53.15693811356908,Dudoso (Incentivar)
15127,0.17429202911212008,304.97,53.15384011832327,Riesgo de Fuga
17296,0.15718912453016745,338.13,53.15035867738552,Riesgo de Fuga
15709,0.323877819507462,163.925,53.09167156276071,Riesgo de Fuga
12595,0.1773511526581492,299.02,53.031541667839775,Riesgo de Fuga
13867,0.38188635512647995,138.85,53.02492040931174,Riesgo de Fuga
13565,0.37238181406747034,142.38,53.01972268692643,Riesgo de Fuga
13177,0.23057980941178813,229.75,52.97571121235832,Riesgo de Fuga
16856,0.3275498613318625,161.54500000000002,52.91404234885573,Riesgo de Fuga
17055,0.22718361566244213,232.85,52.89970490699965,Riesgo de Fuga
16882,0.4904180650710842,107.85000000000001,52.89158831791644,Dudoso (Incentivar)
14784,0.3842993264753293,137.31,52.76814051832746,Riesgo de Fuga
15897,0.5054771365640952,104.295,52.718737957952314,Dudoso (Incentivar)
15212,0.5060621700719334,104.14,52.70131439129115,Dudoso (Incentivar)
14137,0.1582322072657393,332.7,52.643855357311466,Riesgo de Fuga
18182,0.18075652606342377,291.13,52.623647432844564,Riesgo de Fuga
16321,0.5786860047605964,90.91,52.60834469278581,Dudoso (Incentivar)
12495,0.14709134006197594,357.4,52.570444938150196,Riesgo de Fuga
16447,0.22309809419789106,235.595,52.560795502552146,Riesgo de Fuga
15477,0.14262020069130837,368.4,52.541281934678004,Riesgo de Fuga
17542,0.4621759438370649,113.61666666666667,52.51089015228786,Dudoso (Incentivar)
17572,0.7264143063323217,72.20750000000001,52.45256102449113,Alta Probabilidad
18001,0.41185104489696406,127.2525,52.40907509075092,Dudoso (Incentivar)
16602,0.22272095603338196,235.25,52.395104906853106,Riesgo de Fuga
15510,0.20957082523010134,250.0,52.39270630752534,Riesgo de Fuga
13785,0.3862748925165679,135.6225,52.38756661032823,Riesgo de Fuga
17888,0.8312210224418077,63.008500000000005,52.37398979252465,Alta Probabilidad
15294,0.2241800390854248,233.35,52.31241212058388,Riesgo de Fuga
15446,0.3925379903063573,133.25,52.305687208322105,Riesgo de Fuga
13796,0.18036477257320319,289.7,52.25167461445696,Riesgo de Fuga
15420,0.42171850847663617,123.83333333333333,52.22280863302344,Dudoso (Incentivar)
13807,0.37083100288133236,140.73333333333332,52.18828313883284,Riesgo de Fuga
13010,0.31592278216628056,165.06,52.14621442436627,Riesgo de Fuga
17925,0.2135235447977632,244.08,52.116826814238046,Riesgo de Fuga
14536,0.30480793741526574,170.95,52.10691690113968,Riesgo de Fuga
17455,0.39523798486502415,131.7,52.05284260672368,Riesgo de Fuga
13383,0.1705050792862583,305.28000000000003,52.05179060450894,Riesgo de Fuga
17250,0.31935469423795215,162.65,51.94304101780292,Riesgo de Fuga
14926,0.2885594248152411,179.7,51.85412863929882,Riesgo de Fuga
15820,0.25049443335010896,206.98,51.84733781480555,Riesgo de Fuga
16648,0.27102860843105603,191.07,51.78543621292187,Riesgo de Fuga
18010,0.2960954372234449,174.8,51.75748242665817,Riesgo de Fuga
16382,0.29296055110435526,176.55,51.72218529747393,Riesgo de Fuga
16483,0.37024484007542524,139.35,51.593618464510506,Riesgo de Fuga
12977,0.3260754694756331,158.21333333333334,51.5894869439715,Riesgo de Fuga
13957,0.33764830356085634,152.75,51.57577836892081,Riesgo de Fuga
16328,0.16543764981426123,310.83,51.422984691766814,Riesgo de Fuga
18199,0.14904671918995185,344.75,51.383856440735904,Riesgo de Fuga
13034,0.36659498592720174,139.955,51.30680125544153,Riesgo de Fuga
15052,0.24689333179947295,207.73000000000002,51.28715181470452,Riesgo de Fuga
17254,0.25856121382687874,198.29,51.27010308973178,Riesgo de Fuga
12780,0.15165496848079624,337.4,51.168386365420645,Riesgo de Fuga
15818,0.15024442098511637,340.5,51.15822534543212,Riesgo de Fuga
16757,0.3779779721715864,135.24,51.11774095648535,Riesgo de Fuga
14340,0.3791681731546577,134.7,51.07395292393238,Riesgo de Fuga
15016,0.45268191629870536,112.7125,51.02291049081783,Dudoso (Incentivar)
15982,0.1571597561331393,324.51,50.99991246276503,Riesgo de Fuga
17518,0.3094289059405133,164.71,50.96603509746195,Riesgo de Fuga
17155,0.39767972149935804,128.152,50.96345166958572,Riesgo de Fuga
14018,0.1387974406888533,367.15000000000003,50.95948034891249,Riesgo de Fuga
13765,0.14436253013542472,352.821,50.934132244910685,Riesgo de Fuga
16888,0.3518938400867538,144.73333333333332,50.930768455222825,Riesgo de Fuga
17344,0.16977120498337167,299.74,50.88722098171583,Riesgo de Fuga
17510,0.24589921390924013,206.07999999999998,50.674910002416205,Riesgo de Fuga
14992,0.24043072992416317,210.5,50.61066864903635,Riesgo de Fuga
17989,0.2438978016156411,207.32999999999998,50.56733120897086,Riesgo de Fuga
15461,0.23512558919967183,214.85,50.51673283954949,Riesgo de Fuga
17382,0.4224383374240281,119.55428571428571,50.50431368906009,Dudoso (Incentivar)
13498,0.1541925157686253,327.38,50.47954581233255,Riesgo de Fuga
15107,0.550620595726337,91.59444444444445,50.433787565222886,Dudoso (Incentivar)
14545,0.14428043371479665,349.25,50.38994147489273,Riesgo de Fuga
13283,0.49526700747104524,101.73333333333333,50.38516356005434,Dudoso (Incentivar)
14797,0.1677607639516789,300.31,50.38023502232869,Riesgo de Fuga
14281,0.2053719903496999,245.15,50.34694343422893,Riesgo de Fuga
16192,0.1432731332949125,351.3,50.33185172650276,Riesgo de Fuga
12504,0.33882713222698785,148.5,50.315829135707695,Riesgo de Fuga
13423,0.23181066175101317,217.03,50.30986791982239,Riesgo de Fuga
16649,0.16407177840630371,306.58000000000004,50.3011258238046,Riesgo de Fuga
13284,0.24995364693525732,201.19,50.28817422690442,Riesgo de Fuga
17439,0.15420606078506557,325.74,50.231082240127265,Riesgo de Fuga
13688,0.13375002133688801,375.5,50.22313301200145,Riesgo de Fuga
17699,0.2269190158162786,221.0,50.14910249539757,Riesgo de Fuga
16055,0.3719934582088263,134.8,50.14471816654979,Riesgo de Fuga
16893,0.4012620718048458,124.94500000000001,50.13568956165646,Dudoso (Incentivar)
17731,0.2136717889767199,234.44,50.09321420770221,Riesgo de Fuga
17536,0.34733815977342314,144.165,50.074005803735545,Riesgo de Fuga
13721,0.23014938270888535,217.39999999999998,50.03447580091167,Riesgo de Fuga
16284,0.24273118590305964,205.8,49.954078058849674,Riesgo de Fuga
14369,0.21295531673635976,234.565,49.951863870264226,Riesgo de Fuga
16874,0.2376911341494846,209.89000000000001,49.888992146635324,Riesgo de Fuga
17804,0.38946117821853327,127.92666666666668,49.82247032556957,Riesgo de Fuga
12574,0.22796731259626296,218.45,49.79945943665364,Riesgo de Fuga
17855,0.23824503845412548,208.97,49.7860656857586,Riesgo de Fuga
12869,0.14742619341241242,337.66999999999996,49.781402729569294,Riesgo de Fuga
15454,0.3238248685758504,152.995,49.54358576776224,Riesgo de Fuga
15440,0.3937923059692827,125.8,49.53907209093577,Riesgo de Fuga
15958,0.4140651395294266,119.25666666666666,49.38002832314765,Dudoso (Incentivar)
16362,0.23260164095937275,212.17,49.35109016235011,Riesgo de Fuga
16977,0.39742535223986647,124.0,49.280743677743445,Riesgo de Fuga
17882,0.3377373732838164,145.78,49.235354277314755,Riesgo de Fuga
14010,0.22095539167792105,222.575,49.17914630271328,Riesgo de Fuga
14445,0.2212816229164702,221.65,49.04707171943562,Riesgo de Fuga
17294,0.20957151559822074,233.89499999999998,49.017729640845836,Riesgo de Fuga
15751,0.38943152579537793,125.49454545454546,48.87153231536105,Riesgo de Fuga
12698,0.14373833916822862,339.75,48.83510073240567,Riesgo de Fuga
12771,0.17290366895961812,282.3,48.8107057473002,Riesgo de Fuga
16433,0.24373438447536197,200.26,48.81024783503599,Riesgo de Fuga
17812,0.4798367851366746,101.37,48.64105490930471,Dudoso (Incentivar)
16334,0.18429372330264882,263.73,48.603783646607575,Riesgo de Fuga
14070,0.15108958116411939,321.6,48.5904093023808,Riesgo de Fuga
15458,0.2324787694393377,208.79999999999998,48.54156705893371,Riesgo de Fuga
17299,0.2883000156952928,168.31,48.52377564167473,Riesgo de Fuga
13387,0.25925015646152516,186.94,48.46422424891751,Riesgo de Fuga
17256,0.5002659352963835,96.7075,48.37946793767501,Dudoso (Incentivar)
15447,0.49035812204125745,98.576,48.33754223833899,Dudoso (Incentivar)
12844,0.29955624505111283,161.32,48.32441345164552,Riesgo de Fuga
18186,0.14631096446942057,329.58,48.22116766983163,Riesgo de Fuga
15445,0.33885414253729673,142.25,48.20200177593046,Riesgo de Fuga
14280,0.3595322753322759,134.04,48.19170618553826,Riesgo de Fuga
17514,0.15372513545297875,313.35,48.16977119419089,Riesgo de Fuga
17743,0.2097072726457248,229.2,48.064906890400124,Riesgo de Fuga
15512,0.46215534505504713,103.92666666666666,48.030264493754196,Dudoso (Incentivar)
15008,0.2663489220262882,180.0,47.942805964731875,Riesgo de Fuga
15881,0.47770076841921033,100.278,47.90287765554157,Dudoso (Incentivar)
18156,0.25620030679029243,186.88,47.878713332969845,Riesgo de Fuga
14843,0.22599469244870996,211.79999999999998,47.86567586063676,Riesgo de Fuga
14635,0.22237262370110128,215.22,47.859036072951014,Riesgo de Fuga
16356,0.6904739740103734,69.31166666666667,47.85790192861566,Dudoso (Incentivar)
17972,0.3539933120029818,135.19,47.856355849683105,Riesgo de Fuga
17608,0.32293763787789637,148.035,47.80607322325439,Riesgo de Fuga
14989,0.1396098825917898,342.4,47.80242379942882,Riesgo de Fuga
18110,0.24696200994748452,193.48000000000002,47.78220968463931,Riesgo de Fuga
14168,0.2577298856568285,185.225,47.738018070786055,Riesgo de Fuga
13072,0.26928284096301675,177.15,47.70345527659842,Riesgo de Fuga
14962,0.5195952810589046,91.7275,47.66117614333068,Dudoso (Incentivar)
17991,0.47602136770629866,100.10000000000001,47.6497389074005,Dudoso (Incentivar)
15085,0.13710240514437996,347.54,47.64856988387781,Riesgo de Fuga
17833,0.1407604018038793,338.46000000000004,47.64176559454099,Riesgo de Fuga
13877,0.28661443108966905,166.22,47.64105073572479,Riesgo de Fuga
17766,0.3173035243926455,149.805,47.533654471640254,Riesgo de Fuga
14581,0.1751026466085414,271.05,47.46157236324515,Riesgo de Fuga
16018,0.3279315977587813,144.615,47.42382800988616,Riesgo de Fuga
17709,0.35526771815150515,133.39,47.389160924229266,Riesgo de Fuga
17689,0.298559517920222,158.54,47.333625971071996,Riesgo de Fuga
15490,0.22441760289722365,210.85,47.3184515708796,Riesgo de Fuga
16583,0.31684068113599034,148.975,47.20134047223416,Riesgo de Fuga
13905,0.1509219248737115,312.65,47.1857398117659,Riesgo de Fuga
18018,0.6625035277867918,71.10000000000001,47.1040008256409,Dudoso (Incentivar)
17680,0.3007593395952908,156.525,47.07635563015289,Riesgo de Fuga
13710,0.28597603198019506,164.52,47.04877678138169,Riesgo de Fuga
15852,0.5480942226634109,85.75333333333333,47.000906574129694,Dudoso (Incentivar)
16641,0.14474718665295688,323.40000000000003,46.81124016356626,Riesgo de Fuga
16517,0.2875911686506968,162.7,46.79108313946836,Riesgo de Fuga
16437,0.3104738103869248,150.625,46.76511768953055,Riesgo de Fuga
12509,0.2648916292990385,176.5,46.753372571280295,Riesgo de Fuga
13773,0.30988780681302436,150.77,46.72178463319968,Riesgo de Fuga
18224,0.2930877170519644,158.95000000000002,46.58629262540975,Riesgo de Fuga
14278,0.226315946531452,205.83,46.58261127456877,Riesgo de Fuga
17907,0.1596305782804916,291.76,46.573817519116226,Riesgo de Fuga
15714,0.3077697393637395,151.31,46.56863926312743,Riesgo de Fuga
15158,0.2274604289794712,204.62,46.54295297777939,Riesgo de Fuga
14558,0.21289441454554292,218.5,46.51742957820113,Riesgo de Fuga
17207,0.15872059573674965,292.62,46.444820724487684,Riesgo de Fuga
16596,0.4227548305903947,109.82666666666667,46.429753860974415,Dudoso (Incentivar)
12845,0.524307631672834,88.5225,46.413022324758444,Dudoso (Incentivar)
18203,0.4190379112302535,110.7,46.38749677318906,Dudoso (Incentivar)
17845,0.31026342404809454,149.0225,46.23623111020717,Riesgo de Fuga
15869,0.4313813174988737,107.03666666666668,46.17361828735445,Dudoso (Incentivar)
14046,0.2976255823489853,154.99,46.12898900826923,Riesgo de Fuga
15198,0.3659204471398324,125.90333333333332,46.07060402972869,Riesgo de Fuga
17792,0.25011409260149703,184.175,46.06476300488072,Riesgo de Fuga
14697,0.4882849097489676,94.30499999999999,46.047708413876386,Dudoso (Incentivar)
14736,0.24597061679109838,187.025,46.002654605355175,Riesgo de Fuga
16543,0.15711641497399478,292.21,45.910987619551015,Riesgo de Fuga
16524,0.2998190700814808,153.095,45.9008005341243,Riesgo de Fuga
16690,0.6430160418924105,71.31666666666666,45.85776072096041,Dudoso (Incentivar)
17698,0.29567933016668074,154.95,45.815512209327174,Riesgo de Fuga
17795,0.2940841920743721,155.69,45.78596786405899,Riesgo de Fuga
17825,0.2608241978432565,175.49,45.772038479513085,Riesgo de Fuga
17326,0.29296474210178447,156.175,45.753768597746195,Riesgo de Fuga
12400,0.22282594453963242,205.25,45.73502511675955,Riesgo de Fuga
17488,0.13583585208427476,336.5,45.708764226358454,Riesgo de Fuga
16868,0.35630471007079234,128.18666666666667,45.673513101607966,Riesgo de Fuga
15020,0.22983152411079882,198.47,45.61466259027024,Riesgo de Fuga
13025,0.140874498721348,323.39,45.557404141496725,Riesgo de Fuga
14782,0.2275123678082191,200.10000000000002,45.525224798424645,Riesgo de Fuga
17535,0.27686419520495203,164.4,45.51647369169412,Riesgo de Fuga
13508,0.3168490077645331,143.525,45.47575383940462,Riesgo de Fuga
17057,0.15420575542776438,294.74,45.45060435477927,Riesgo de Fuga
15959,0.25109421685457967,180.96333333333334,45.43884646272759,Riesgo de Fuga
14783,0.14738888043767004,307.3,45.292602958496005,Riesgo de Fuga
16632,0.2221559258671652,203.2,45.14208413620797,Riesgo de Fuga
13187,0.5283446610527623,85.34,45.08893337424274,Dudoso (Incentivar)
16519,0.41273206872113466,109.22666666666667,45.081348092847136,Dudoso (Incentivar)
17182,0.2804269548455629,160.65,45.050590295939685,Riesgo de Fuga
15718,0.15318402816911317,293.79,45.003935635803764,Riesgo de Fuga
13661,0.13808246918573444,325.24,44.90994227796827,Riesgo de Fuga
12741,0.22100203917843825,203.035,44.87114902459421,Riesgo de Fuga
17077,0.14645323267737512,306.0,44.814689199276785,Riesgo de Fuga
13698,0.19818856235047144,225.865,44.763859635289236,Riesgo de Fuga
13079,0.224426424116628,199.08,44.678812513138304,Riesgo de Fuga
17440,0.5119364542638942,87.25999999999999,44.6715749990674,Dudoso (Incentivar)
13433,0.2712887907361236,164.57999999999998,44.64870917935122,Riesgo de Fuga
14053,0.28605935817819406,156.025,44.63241135975273,Riesgo de Fuga
13592,0.6509364392711148,68.50333333333333,44.591315878202266,Dudoso (Incentivar)
15503,0.3463987296401122,128.65,44.56419656820044,Riesgo de Fuga
14975,0.231554285771488,192.45,44.562622296722864,Riesgo de Fuga
16540,0.21635241395026714,205.75,44.514509170267466,Riesgo de Fuga
14832,0.1378123267551558,322.69,44.47065972062123,Riesgo de Fuga
13315,0.1425756912506094,310.26,44.23553396741407,Riesgo de Fuga
13974,0.16741728844582954,264.13,44.21992839719695,Riesgo de Fuga
18070,0.14075587287692456,314.1,44.21141967064201,Riesgo de Fuga
15391,0.1524785380658232,289.87,44.19895382914017,Riesgo de Fuga
18127,0.21106747700934464,209.05,44.1236560688035,Riesgo de Fuga
14181,0.286165362531396,154.175,44.11954476827798,Riesgo de Fuga
15688,0.23138503381733283,190.57,44.09504589456912,Riesgo de Fuga
17563,0.224479558386994,196.19,44.04064455994435,Riesgo de Fuga
17772,0.23498386035322083,187.3,44.01247704415827,Riesgo de Fuga
16562,0.1965587902444473,223.85999999999999,44.00165078412197,Riesgo de Fuga
16195,0.1360702230959887,323.25,43.98469961577835,Riesgo de Fuga
15196,0.2802892393667157,156.85,43.96336719466935,Riesgo de Fuga
16381,0.354705468879594,123.925,43.956875230903684,Riesgo de Fuga
15733,0.2702318672269273,162.3,43.85863205093031,Riesgo de Fuga
12746,0.17202222524984528,254.55,43.78825743734812,Riesgo de Fuga
16490,0.2128424283802143,205.41000000000003,43.719963213579824,Riesgo de Fuga
14122,0.36101813968347535,120.80666666666667,43.613398061361714,Riesgo de Fuga
17783,0.4233725516871621,102.95,43.586204196193336,Dudoso (Incentivar)
18134,0.1956012263358749,222.5,43.521272859732164,Riesgo de Fuga
15162,0.13903201030015835,312.9,43.50311602291955,Riesgo de Fuga
15711,0.2067442760732324,210.125,43.442141009887955,Riesgo de Fuga
14791,0.14288320013767625,303.63,43.38362605780264,Riesgo de Fuga
18255,0.2170269423820741,199.85,43.372834435057506,Riesgo de Fuga
15188,0.1395774093336254,310.43,43.329015179437334,Riesgo de Fuga
13111,0.13455061392515955,321.88000000000005,43.30915161023036,Riesgo de Fuga
14303,0.3114373841583002,138.97,43.28045327647898,Riesgo de Fuga
17820,0.23959637471620382,180.60999999999999,43.27350123749357,Riesgo de Fuga
13909,0.3057801156948923,141.425,43.24495286215014,Riesgo de Fuga
14153,0.18523388509725208,233.4,43.233588781698636,Riesgo de Fuga
14453,0.35977344588918814,119.93,43.14762936549034,Riesgo de Fuga
14520,0.2614432120765305,165.0,43.13812999262753,Riesgo de Fuga
14494,0.3290299566706635,130.95,43.08647282602338,Riesgo de Fuga
17286,0.3621624956762599,118.905,43.062931548385684,Riesgo de Fuga
17918,0.3256510469494204,132.13,43.02827283342691,Riesgo de Fuga
15302,0.1396861495053697,308.0,43.02333404765387,Riesgo de Fuga
16489,0.2832317601029378,151.85,43.008742771631105,Riesgo de Fuga
17898,0.5211289233913821,82.32000000000001,42.899332973578574,Dudoso (Incentivar)
12927,0.2172504406817009,197.31,42.86568445090641,Riesgo de Fuga
14819,0.47792449120726294,89.68666666666667,42.863454534742054,Dudoso (Incentivar)
18238,0.1576977501931707,270.92,42.723474482333806,Riesgo de Fuga
16615,0.1465157717512681,291.5,42.70934746549465,Riesgo de Fuga
14253,0.23498761468724466,181.70000000000002,42.697249588672356,Riesgo de Fuga
16604,0.1968152997968065,216.225,42.556388198564484,Riesgo de Fuga
17771,0.4952224060840485,85.8,42.49008244201136,Dudoso (Incentivar)
14108,0.18990607378897478,223.525,42.44875514368059,Riesgo de Fuga
18119,0.23437955339779354,180.7,42.35238529898129,Riesgo de Fuga
13847,0.1355160350012963,310.72,42.10754239560279,Riesgo de Fuga
16750,0.3543762047317324,118.7,42.06445550165664,Riesgo de Fuga
13625,0.13960854057891806,301.26,42.05846893480485,Riesgo de Fuga
16259,0.3699320686231234,113.64666666666666,42.04154649212256,Riesgo de Fuga
15715,0.31892089526978096,131.60399999999998,41.97126550108425,Riesgo de Fuga
16752,0.20140684026529776,207.5,41.79191935504929,Riesgo de Fuga
14689,0.37024321972231683,112.8,41.763435184677334,Riesgo de Fuga
15936,0.2950704969109079,141.395,41.72149291071783,Riesgo de Fuga
15552,0.3301314100645628,126.26,41.682391834751705,Riesgo de Fuga
15770,0.12962082214446533,321.45,41.666613278338374,Riesgo de Fuga
15863,0.563877251851723,73.865,41.650793208027515,Dudoso (Incentivar)
14325,0.16959036007490627,245.48000000000002,41.631041591187994,Riesgo de Fuga
14173,0.5009777272358649,83.06666666666666,41.61454987572584,Dudoso (Incentivar)
13628,0.13402817425446945,310.14,41.56749796328115,Riesgo de Fuga
14322,0.35052693058215456,118.525,41.54620444724987,Riesgo de Fuga
18254,0.15471149517154711,267.9,41.447209556457466,Riesgo de Fuga
16978,0.1952335837453353,212.275,41.443208989541056,Riesgo de Fuga
18132,0.18821477595430572,220.13,41.431718630821315,Riesgo de Fuga
12804,0.2541360402354468,162.685,41.34412170570366,Riesgo de Fuga
17893,0.3855199944324653,107.21,41.3315986031046,Riesgo de Fuga
16849,0.3317681723387029,124.57,41.32836122823222,Riesgo de Fuga
18253,0.12993496594640613,317.88,41.30372697504358,Riesgo de Fuga
14487,0.3651685961447053,112.94500000000001,41.243967091563746,Riesgo de Fuga
14405,0.21130940339445417,195.0,41.205333661918566,Riesgo de Fuga
18120,0.3706984626466151,111.15,41.20313412317127,Riesgo de Fuga
16403,0.23191019261301635,177.5,41.1640591888104,Riesgo de Fuga
13669,0.21096986397407008,195.0,41.139123474943666,Riesgo de Fuga
15338,0.14800951239276267,277.93,41.13628377932053,Riesgo de Fuga
17497,0.28640719879917026,143.625,41.13523392753083,Riesgo de Fuga
14982,0.17295350484307853,237.78,41.124884381587215,Riesgo de Fuga
14957,0.31340900496444035,130.845,41.0080012545722,Riesgo de Fuga
18279,0.17708789656024296,231.33999999999997,40.9675139902466,Riesgo de Fuga
17803,0.22141988984084357,184.66,40.88739685801017,Riesgo de Fuga
14537,0.14300843900994858,285.84000000000003,40.87753220660371,Riesgo de Fuga
12665,0.39062091757438144,104.53333333333335,40.83290658377535,Riesgo de Fuga
17200,0.45711937401473035,89.1775,40.76476297619861,Dudoso (Incentivar)
14483,0.31699607575702493,128.55,40.74984553856556,Riesgo de Fuga
14185,0.20587323713540542,197.65,40.69084531981288,Riesgo de Fuga
16733,0.1565444632686956,259.68,40.651466221614875,Riesgo de Fuga
15139,0.4539114917542631,89.48,40.61600028217146,Dudoso (Incentivar)
17441,0.13827621015641234,293.35,40.563326249383564,Riesgo de Fuga
17009,0.1671823257712145,242.06,40.46815377618018,Riesgo de Fuga
17785,0.29788959263416154,135.72,40.4295755123084,Riesgo de Fuga
16330,0.4327246901104049,93.36749999999999,40.40242250388322,Dudoso (Incentivar)
15928,0.13750583010309977,293.53,40.36208631016287,Riesgo de Fuga
13716,0.2917986167969515,138.28,40.349912730682455,Riesgo de Fuga
17283,0.21402489965618532,188.46,40.33513258920469,Riesgo de Fuga
13087,0.12847657937001272,313.64,40.29539435361079,Riesgo de Fuga
17371,0.4895147960005305,82.2775,40.27605362793365,Dudoso (Incentivar)
17967,0.36049578079770217,111.71,40.270983672911306,Riesgo de Fuga
17721,0.1310743427641765,307.21000000000004,40.26734884058267,Riesgo de Fuga
17681,0.27525306832286517,146.24,40.253008711535806,Riesgo de Fuga
15960,0.38837224794124614,102.7375,39.90039382286378,Riesgo de Fuga
14569,0.32341351405227825,123.31333333333333,39.881198462833275,Riesgo de Fuga
14471,0.19852797646736012,200.475,39.79989608229402,Riesgo de Fuga
13608,0.171026057888446,232.05,39.68659673301389,Riesgo de Fuga
14041,0.2803218599276097,141.41,39.640314212363286,Riesgo de Fuga
16640,0.2204957653005981,179.4,39.5569402949273,Riesgo de Fuga
17011,0.19699713628903712,200.4,39.47822611232304,Riesgo de Fuga
13551,0.3230290810407824,122.1,39.441850795079525,Riesgo de Fuga
15729,0.6138956661637647,64.18333333333334,39.40187017327763,Dudoso (Incentivar)
13289,0.1278450630434392,307.95,39.3698871642271,Riesgo de Fuga
15890,0.36685626258605075,107.13,39.30131141084362,Riesgo de Fuga
17022,0.2076569537493243,189.0,39.24716425862229,Riesgo de Fuga
13943,0.1591143960763088,246.54,39.228063208653175,Riesgo de Fuga
14722,0.2535639174708838,154.55,39.188303445125094,Riesgo de Fuga
13727,0.31724709091283726,123.44500000000001,39.162567137735195,Riesgo de Fuga
14704,0.3022201851990941,129.48,39.1314695795787,Riesgo de Fuga
14654,0.15838264967339363,246.86,39.098340898373955,Riesgo de Fuga
16932,0.2976761710151625,131.16,39.04320659034872,Riesgo de Fuga
17902,0.18021139917328974,216.39999999999998,38.99774678109989,Riesgo de Fuga
13671,0.2249465060955564,172.6,38.82576695209303,Riesgo de Fuga
16286,0.23575281805667428,164.475,38.775444749871504,Riesgo de Fuga
17110,0.2300788835098703,168.29999999999998,38.72227609471117,Riesgo de Fuga
15788,0.17429308650613673,221.82999999999998,38.663435379656306,Riesgo de Fuga
16046,0.16385699131219011,235.78,38.63420141158819,Riesgo de Fuga
16089,0.2931489416141208,131.745,38.62090731295235,Riesgo de Fuga
12651,0.4089338168301535,94.4375,38.61868732689762,Dudoso (Incentivar)
13861,0.2825693420527179,136.63,38.60744920466284,Riesgo de Fuga
17285,0.1892095713183258,203.97,38.59307626179891,Riesgo de Fuga
18217,0.23869348695678125,161.645,38.58360869912891,Riesgo de Fuga
12565,0.2641873590654387,145.92,38.55021943482881,Riesgo de Fuga
15278,0.31075516723558233,124.03999999999999,38.54607094390163,Riesgo de Fuga
15388,0.27402477627815097,140.54,38.51144205813134,Riesgo de Fuga
14774,0.15922048407198475,241.45,38.443785879180716,Riesgo de Fuga
16439,0.12368750676021341,310.70000000000005,38.429708350398315,Riesgo de Fuga
12487,0.13452217670136854,285.29999999999995,38.379177012900435,Riesgo de Fuga
14402,0.1341696852430397,285.6,38.318862105412144,Riesgo de Fuga
14728,0.20103392325061026,190.58,38.31304509310131,Riesgo de Fuga
15280,0.2688967380599932,142.2,38.23711615213103,Riesgo de Fuga
13036,0.12439002160755139,307.1,38.20017563567903,Riesgo de Fuga
17840,0.21711915421461905,175.9,38.19125922635149,Riesgo de Fuga
17261,0.17166353989677682,221.59,38.038923805726775,Riesgo de Fuga
14945,0.2117407026050775,179.4,37.986282047350905,Riesgo de Fuga
12677,0.19223281323516453,197.55,37.97559225460675,Riesgo de Fuga
13290,0.18184386433033434,208.63,37.93808541523765,Riesgo de Fuga
15986,0.20343176484934827,186.3,37.89933779143359,Riesgo de Fuga
17072,0.13839876397642298,273.35,37.83130213295522,Riesgo de Fuga
16390,0.24222892697794896,155.83333333333334,37.74734112073038,Riesgo de Fuga
14066,0.24729221112742597,152.55,37.72442680748883,Riesgo de Fuga
15878,0.22781043940474,165.385,37.67642952095292,Riesgo de Fuga
12821,0.34041463989844456,110.4,37.58177624478828,Riesgo de Fuga
14949,0.2918300043436329,128.75,37.573113059242736,Riesgo de Fuga
17181,0.3332370385859492,112.72500000000001,37.56414517460113,Riesgo de Fuga
16939,0.25914443507756035,144.61666666666667,37.47660438613319,Riesgo de Fuga
16024,0.3212245429943293,116.48,37.416234767979475,Riesgo de Fuga
17927,0.12684150295857016,294.0,37.29140186981963,Riesgo de Fuga
16697,0.32999442109878524,112.75,37.206870978888034,Riesgo de Fuga
15231,0.14779836860614476,250.26,36.98801972737379,Riesgo de Fuga
17810,0.19788042988332447,186.58,36.92053060763068,Riesgo de Fuga
17928,0.3564967133980578,103.48,36.89027990243102,Riesgo de Fuga
18273,0.36157298881994354,102.0,36.88044485963424,Riesgo de Fuga
16598,0.2541006332955126,145.04999999999998,36.85729685951409,Riesgo de Fuga
13033,0.33402036456891604,110.275,36.83409570283722,Riesgo de Fuga
14043,0.24294175436411666,151.3,36.757087435290856,Riesgo de Fuga
17915,0.162693490308162,225.78,36.73293624177681,Riesgo de Fuga
13894,0.2281093983258672,160.85,36.69139672071574,Riesgo de Fuga
15597,0.15339036642657264,238.8,36.62961950266555,Riesgo de Fuga
16773,0.2929477294795837,124.825,36.56720033228903,Riesgo de Fuga
18197,0.15890172740006916,230.1,36.56328747475592,Riesgo de Fuga
16408,0.15714884124395476,231.93,36.44753074971043,Riesgo de Fuga
16963,0.329542737499896,110.55000000000001,36.430949630613505,Riesgo de Fuga
17910,0.13919222686284663,261.7,36.42660577000696,Riesgo de Fuga
18267,0.13505437370349815,269.37,36.379596644511295,Riesgo de Fuga
17626,0.14310914127412447,254.0,36.349721883627616,Riesgo de Fuga
15888,0.27839369326772206,130.425,36.309497444442655,Riesgo de Fuga
18138,0.23700306934481397,152.65,36.17851853548585,Riesgo de Fuga
16974,0.19775152326219295,182.75,36.13909087616576,Riesgo de Fuga
13275,0.3024478040362214,119.43,36.12134123604592,Riesgo de Fuga
17026,0.6157053072948708,58.60999999999999,36.08648806055238,Dudoso (Incentivar)
15022,0.1283675486256906,281.05,36.07769954125035,Riesgo de Fuga
13207,0.25152946631082734,142.8,35.91840778918615,Riesgo de Fuga
12902,0.2588419013883829,138.68,35.89619488454095,Riesgo de Fuga
13547,0.21482502066512357,167.08,35.89296445272885,Riesgo de Fuga
12898,0.24232111480371574,148.10500000000002,35.88896870800432,Riesgo de Fuga
17309,0.30113814475602096,118.82000000000001,35.781234359910414,Riesgo de Fuga
14826,0.18575865534359087,192.6,35.7771170191756,Riesgo de Fuga
13511,0.1265262309102056,282.76,35.776557052169736,Riesgo de Fuga
12441,0.20456349294559056,173.55,35.501994200707244,Riesgo de Fuga
13582,0.29212132433952265,120.84,35.29994083318792,Riesgo de Fuga
16845,0.13902038507073938,253.88,35.29449536175932,Riesgo de Fuga
17483,0.1982560773731376,177.69,35.22812238843282,Riesgo de Fuga
13150,0.23467635981887086,149.98999999999998,35.19910720923244,Riesgo de Fuga
14521,0.17636179226422072,199.45000000000002,35.17535946709882,Riesgo de Fuga
15323,0.24189928637586816,144.86666666666667,35.04314328631744,Riesgo de Fuga
18157,0.1638095953974761,213.9,35.03887245552014,Riesgo de Fuga
16622,0.15539225202866908,225.4,35.02541360726201,Riesgo de Fuga
17993,0.15492762912701913,225.99,35.01209490641505,Riesgo de Fuga
15964,0.12963914649694036,269.21000000000004,34.90015462844132,Riesgo de Fuga
13164,0.18742099714452481,186.1,34.879047568596064,Riesgo de Fuga
17751,0.22088799333393916,157.85999999999999,34.86937862769563,Riesgo de Fuga
17859,0.24472273460942445,141.92000000000002,34.73105049576952,Riesgo de Fuga
16937,0.17668044707223757,196.25,34.67353773792662,Riesgo de Fuga
14183,0.24848209780093344,139.17000000000002,34.581253550955914,Riesgo de Fuga
17112,0.1747589526287086,197.57,34.527126270853955,Riesgo de Fuga
18107,0.20809432237206846,165.88,34.518686195078715,Riesgo de Fuga
18054,0.19514119371985456,176.5,34.44242069155433,Riesgo de Fuga
17662,0.16674088819211424,206.46,34.425323776143905,Riesgo de Fuga
15659,0.3040954973817451,113.02,34.36887311408483,Riesgo de Fuga
16921,0.26927544163683836,127.515,34.336657940321444,Riesgo de Fuga
13746,0.1940392973059372,176.69,34.28480344098604,Riesgo de Fuga
15566,0.2994713214050682,113.935,34.120265004286445,Riesgo de Fuga
14694,0.13930291773189096,244.31,34.033095831078285,Riesgo de Fuga
17217,0.32276744340605246,105.05,33.90671992980581,Riesgo de Fuga
13128,0.12850430325943013,263.5,33.86088390885984,Riesgo de Fuga
14995,0.2834498458676418,119.31,33.81840111046834,Riesgo de Fuga
18129,0.30040683738148594,112.55000000000001,33.81078954728625,Riesgo de Fuga
15647,0.19986291856406913,169.0,33.77683323732768,Riesgo de Fuga
12889,0.35049532674955425,96.36500000000001,33.7754821622208,Riesgo de Fuga
12661,0.20798126920496834,162.0,33.69296561120487,Riesgo de Fuga
16508,0.13980284398511328,240.95,33.685495258213045,Riesgo de Fuga
14017,0.14646056227934004,229.75,33.64931418367837,Riesgo de Fuga
16299,0.17373844386074078,193.65,33.64444965363245,Riesgo de Fuga
14811,0.19711580264867998,170.5,33.608244351599936,Riesgo de Fuga
18004,0.21278384686233753,157.92,33.60282509650034,Riesgo de Fuga
14928,0.14999078364542004,223.91000000000003,33.584436366046006,Riesgo de Fuga
14542,0.32492988610632645,103.25,33.5490107404782,Riesgo de Fuga
14111,0.3550390901431892,94.2,33.44468229148842,Riesgo de Fuga
18131,0.14974002027504807,222.95999999999998,33.386034920524715,Riesgo de Fuga
13997,0.2660398004159842,125.48666666666666,33.38444775486713,Riesgo de Fuga
16908,0.13206604106790157,252.59,33.358561313341255,Riesgo de Fuga
16538,0.25279193269443334,131.69,33.29016961652992,Riesgo de Fuga
16599,0.19260820338431417,172.8,33.282697544809494,Riesgo de Fuga
17983,0.19363126378187762,171.71,33.248424303986205,Riesgo de Fuga
12551,0.1975454447164425,168.0,33.18763471236234,Riesgo de Fuga
14274,0.12922328621340068,256.6,33.15869524235862,Riesgo de Fuga
15293,0.13387466182815227,247.5,33.13397880246769,Riesgo de Fuga
13428,0.23891795937099922,138.38,33.06146721775887,Riesgo de Fuga
14571,0.20660950468339306,160.0,33.05752074934289,Riesgo de Fuga
12799,0.15025786228880716,219.35,32.95906209304985,Riesgo de Fuga
16804,0.27886128226816986,118.05,32.91957437175745,Riesgo de Fuga
14165,0.2715631330792588,120.44,32.70706374806593,Riesgo de Fuga
15920,0.40704608206196424,80.328,32.69719767987346,Dudoso (Incentivar)
17093,0.13847016860947461,235.88,32.66234337160287,Riesgo de Fuga
14361,0.1512842255701777,214.70999999999998,32.48223607217285,Riesgo de Fuga
13171,0.23097458625902942,140.35,32.41728318145478,Riesgo de Fuga
15773,0.23297510017347478,138.84,32.34626290808524,Riesgo de Fuga
18211,0.23436310417840617,137.9,32.31867206620221,Riesgo de Fuga
16312,0.18870358626802627,171.15,32.2966187897727,Riesgo de Fuga
13056,0.15397691281778672,209.48,32.25508369706996,Riesgo de Fuga
17292,0.23716431536634883,135.875,32.22470135040265,Riesgo de Fuga
14596,0.14494519239484813,222.22000000000003,32.209720653983155,Riesgo de Fuga
14632,0.28109238376489076,114.56,32.20194348410589,Riesgo de Fuga
15515,0.18710358170649719,171.81,32.14626637299328,Riesgo de Fuga
18153,0.13039830067527697,246.22,32.1066695922667,Riesgo de Fuga
14386,0.22546651585928784,142.4,32.10643185836259,Riesgo de Fuga
12638,0.12845916996330645,249.8,32.08910065683395,Riesgo de Fuga
13445,0.13253578050130538,241.89999999999998,32.06040530326577,Riesgo de Fuga
12738,0.20611251249499576,155.35,32.01957881609759,Riesgo de Fuga
17036,0.18091217116057973,176.9,32.003363078306556,Riesgo de Fuga
14997,0.13884688365114722,230.4,31.99032199322432,Riesgo de Fuga
13588,0.28129126759256673,113.30000000000001,31.870300618237813,Riesgo de Fuga
17067,0.21006465764091753,151.51333333333335,31.827596494700888,Riesgo de Fuga
18269,0.18875090582732487,168.6,31.82340272248697,Riesgo de Fuga
13277,0.36033866608366283,88.3,31.817904215187426,Riesgo de Fuga
15697,0.12872815372473928,246.75,31.763671931579417,Riesgo de Fuga
14363,0.2788359382756528,113.73500000000001,31.713405439781372,Riesgo de Fuga
15884,0.2591394838453053,122.30000000000001,31.692758874280837,Riesgo de Fuga
17654,0.2694113858615594,117.55,31.669308408026303,Riesgo de Fuga
16559,0.18082143881389381,175.0,31.643751792431416,Riesgo de Fuga
12858,0.2147189324956858,147.27,31.62165718863965,Riesgo de Fuga
17087,0.14255786755061556,221.53,31.580844398487866,Riesgo de Fuga
12768,0.18698822815596988,168.69000000000003,31.543044207630565,Riesgo de Fuga
17118,0.20080437657927494,157.02,31.530303210477754,Riesgo de Fuga
13133,0.46958588139503493,66.81666666666668,31.37616330854492,Dudoso (Incentivar)
12788,0.28140832951874967,111.225,31.29964145072293,Riesgo de Fuga
15072,0.16679986723247517,187.51999999999998,31.27831110343374,Riesgo de Fuga
17202,0.194515539622458,160.65,31.24892144034788,Riesgo de Fuga
17219,0.2153452977722062,144.9,31.203533647192682,Riesgo de Fuga
13834,0.19223161911418096,162.095,31.159784300313163,Riesgo de Fuga
17577,0.17856607955281495,174.375,31.137460122022105,Riesgo de Fuga
15504,0.266729830104669,116.62333333333333,31.10692188624018,Riesgo de Fuga
17517,0.2020318066343952,153.94,31.100776313298798,Riesgo de Fuga
16877,0.399863996051138,77.75,31.08942569297598,Riesgo de Fuga
17136,0.13416759968778355,231.68,31.083949495665696,Riesgo de Fuga
16035,0.1426820026642183,217.73,31.06615244008025,Riesgo de Fuga
16876,0.22815367817793727,136.01,31.031181768981245,Riesgo de Fuga
13234,0.17894654362510215,173.25,31.00248868304895,Riesgo de Fuga
17271,0.15170943760347216,204.3,30.994238102389364,Riesgo de Fuga
14598,0.191147386161563,162.07,30.979256875204513,Riesgo de Fuga
18053,0.22848522134493474,135.525,30.965459622772283,Riesgo de Fuga
15273,0.13518171621255848,228.96,30.95120574402739,Riesgo de Fuga
13068,0.1871147719283415,165.0,30.873937368176346,Riesgo de Fuga
14079,0.12661347337573337,243.63,30.84684051852992,Riesgo de Fuga
17215,0.1645661991025013,186.15,30.63399796293062,Riesgo de Fuga
13903,0.18464638269822076,165.45000000000002,30.54974401742063,Riesgo de Fuga
16687,0.19356136837675034,157.63,30.511078497227153,Riesgo de Fuga
14799,0.16869290564849904,180.45,30.440634824271648,Riesgo de Fuga
17912,0.4874129963067923,62.425000000000004,30.42675629445151,Dudoso (Incentivar)
15316,0.18437769823275363,165.0,30.422320208404347,Riesgo de Fuga
17070,0.2283119213281138,133.18,30.406581682478194,Riesgo de Fuga
15509,0.1994675155083378,152.41,30.400844038625763,Riesgo de Fuga
17064,0.21117497976193875,143.95,30.39863833673108,Riesgo de Fuga
13257,0.20250065033081044,149.75,30.324472387038863,Riesgo de Fuga
13063,0.16083981723899143,188.4,30.30222156782599,Riesgo de Fuga
13578,0.20478084752712836,147.66,30.23793994585577,Riesgo de Fuga
15487,0.1302377551426613,231.32,30.126597519600413,Riesgo de Fuga
16149,0.2125533692395804,141.70000000000002,30.118812421248546,Riesgo de Fuga
12392,0.12823422371285342,234.75000000000003,30.102984016592345,Riesgo de Fuga
13766,0.1580077066370837,190.35,30.07676695836888,Riesgo de Fuga
13009,0.12843052715467007,234.0,30.052743354192796,Riesgo de Fuga
16585,0.1759112903305584,170.795,30.044768832007723,Riesgo de Fuga
16280,0.12610100443829803,238.05,30.018344106536848,Riesgo de Fuga
16589,0.19589695940864335,153.12,29.99574242465147,Riesgo de Fuga
13454,0.13631257221383392,219.87,29.971045252655664,Riesgo de Fuga
17408,0.21147314449256127,141.72000000000003,29.969974037485787,Riesgo de Fuga
18076,0.19759391155041178,151.49,29.93350166077188,Riesgo de Fuga
15902,0.2061516805304612,145.01,29.894055193722178,Riesgo de Fuga
15451,0.26323272859844915,113.43,29.858488404922088,Riesgo de Fuga
16662,0.19746330526225106,151.05,29.826832259863025,Riesgo de Fuga
16371,0.18909944223912215,157.2,29.72643231999,Riesgo de Fuga
13114,0.1267740705369171,234.38,29.713306652442633,Riesgo de Fuga
13724,0.13948692607241775,213.01,29.712110122685704,Riesgo de Fuga
14166,0.23641407248329957,125.575,29.687697152090344,Riesgo de Fuga
17740,0.4155249893589829,71.14999999999999,29.56460299289163,Dudoso (Incentivar)
14318,0.18687822899163395,158.02,29.530497745258,Riesgo de Fuga
15682,0.18558620452323232,159.12,29.530476863736727,Riesgo de Fuga
13195,0.21569054569436924,136.73,29.491368312791103,Riesgo de Fuga
15545,0.2174958847954458,135.32999999999998,29.433718089367677,Riesgo de Fuga
17128,0.18727600205471234,157.09,29.41918716277476,Riesgo de Fuga
17781,0.28826820394364294,102.0,29.40335680225158,Riesgo de Fuga
15914,0.2852201563365466,102.995,29.37625000188262,Riesgo de Fuga
17151,0.12662301419764135,231.90000000000003,29.363876992433035,Riesgo de Fuga
17273,0.20783469713531896,141.12,29.329632459736214,Riesgo de Fuga
17248,0.1610874386739385,181.89000000000001,29.300194220402673,Riesgo de Fuga
14074,0.13324000048710483,219.39999999999998,29.232856106870795,Riesgo de Fuga
17066,0.12797628454991242,228.34,29.222104814127,Riesgo de Fuga
14368,0.18780287231785686,155.0,29.109445209267815,Riesgo de Fuga
13944,0.1450844630739212,200.43,29.07927893390603,Riesgo de Fuga
17390,0.19445757262940183,149.3,29.032515593569695,Riesgo de Fuga
15049,0.2395512498784767,121.17000000000002,29.026424947775027,Riesgo de Fuga
14003,0.13847033280577106,209.41,28.997072392856516,Riesgo de Fuga
15295,0.1396170582464212,207.04,28.906315739339046,Riesgo de Fuga
17753,0.3018968229152252,95.515,28.835675040747734,Riesgo de Fuga
12920,0.26685264137029574,107.95333333333333,28.807632144727993,Riesgo de Fuga
17938,0.1995331791925808,144.29,28.79064242569748,Riesgo de Fuga
17826,0.21545286278172182,133.34,28.72848472331479,Riesgo de Fuga
13701,0.17832750845027873,161.0,28.710728860494875,Riesgo de Fuga
13416,0.1256992712223623,228.3,28.697143620065315,Riesgo de Fuga
17946,0.3829799432339611,74.78999999999999,28.64306995446795,Riesgo de Fuga
17798,0.16014282604240787,178.07,28.51663303337157,Riesgo de Fuga
12387,0.19785861222816992,143.94,28.479768644122778,Riesgo de Fuga
18146,0.3704948490659966,76.65,28.398430180908644,Riesgo de Fuga
15901,0.33806536573434154,83.9975,28.396645558270354,Riesgo de Fuga
17074,0.13926481104729074,203.05,28.277719883152386,Riesgo de Fuga
14889,0.20761076689253874,135.9,28.214303220696017,Riesgo de Fuga
13250,0.22230786834427857,126.545,28.13194919962673,Riesgo de Fuga
15226,0.1820598878503466,154.41,28.111867282972018,Riesgo de Fuga
17988,0.6341333644856044,44.17625,28.013634042857184,Dudoso (Incentivar)
18020,0.1468888639761753,190.48000000000002,27.979390810181872,Riesgo de Fuga
12467,0.2104631732259837,132.8,27.949509404410637,Riesgo de Fuga
18028,0.1454221912937133,192.05,27.928331837957643,Riesgo de Fuga
14155,0.23499048690623442,118.75,27.905120320115337,Riesgo de Fuga
18234,0.1547317522379295,179.6,27.789822701932138,Riesgo de Fuga
15115,0.1448958000670054,191.74,27.782320704847614,Riesgo de Fuga
17767,0.19580109072258606,141.85,27.77438471899883,Riesgo de Fuga
16452,0.16707809314422664,166.085,27.74916509985888,Riesgo de Fuga
13129,0.23748702774385433,116.625,27.69692461062701,Riesgo de Fuga
15558,0.13657676736598207,202.68,27.681379209737248,Riesgo de Fuga
14990,0.18172988954597882,152.085,27.638390251600192,Riesgo de Fuga
18155,0.2425893964782849,113.93,27.638209940771,Riesgo de Fuga
14438,0.20951906374551738,131.9,27.63556450803374,Riesgo de Fuga
13442,0.19741344638648728,139.95666666666668,27.629327911431474,Riesgo de Fuga
14106,0.12847730720541886,214.79999999999998,27.59692558772397,Riesgo de Fuga
13616,0.19403957547115241,141.925,27.53906674874331,Riesgo de Fuga
15166,0.16439779962787432,167.16,27.48073618579547,Riesgo de Fuga
14858,0.15157816952635045,180.75,27.397754141887845,Riesgo de Fuga
15001,0.2750687594552098,99.55499999999999,27.38447034756341,Riesgo de Fuga
14835,0.18392423086545767,148.5,27.312748283520463,Riesgo de Fuga
16865,0.20803350818794084,130.95,27.24198789721085,Riesgo de Fuga
16073,0.22230331587180774,122.39999999999999,27.209925862709266,Riesgo de Fuga
15668,0.35599622458631985,76.32000000000001,27.169631860427934,Riesgo de Fuga
14376,0.12572876902553928,215.46,27.089520574242695,Riesgo de Fuga
16368,0.1909440009088526,141.53,27.02430444862991,Riesgo de Fuga
12470,0.12750104920066355,211.95,27.02384737808064,Riesgo de Fuga
15401,0.2490653710218894,108.47500000000001,27.017366121599455,Riesgo de Fuga
16724,0.1830244205184887,147.35,26.968648363399307,Riesgo de Fuga
17660,0.16469079649960902,163.47,26.922004503791086,Riesgo de Fuga
17961,0.8915599634840152,30.18135802469136,26.908490458391817,Alta Probabilidad
14172,0.2185493803525866,123.00666666666666,26.883030779237167,Riesgo de Fuga
17559,0.15996732591778354,167.62,26.81372317033888,Riesgo de Fuga
14602,0.13053574056370482,205.35999999999999,26.80681968216242,Riesgo de Fuga
15112,0.12790719239079945,209.4,26.783766086633406,Riesgo de Fuga
16827,0.3411949156141566,78.426,26.758552451955847,Riesgo de Fuga
16273,0.16811127038839355,159.17000000000002,26.758270907720604,Riesgo de Fuga
14812,0.1492279758387214,178.85,26.689423478755323,Riesgo de Fuga
16542,0.19347763349083089,137.7,26.641870131687412,Riesgo de Fuga
14468,0.13040833442444452,204.24,26.63459822284855,Riesgo de Fuga
13651,0.20055298645349673,132.65,26.60335365305634,Riesgo de Fuga
16610,0.35045721114647765,75.66,26.515592595342497,Riesgo de Fuga
13307,0.20516113166210553,129.17,26.50066337679417,Riesgo de Fuga
17945,0.22042358122980396,120.11666666666667,26.476545832053286,Riesgo de Fuga
14330,0.13193556001160753,200.63,26.470231405128818,Riesgo de Fuga
18086,0.26116839433805134,101.34,26.466805082218123,Riesgo de Fuga
16901,0.12876207011130317,204.26,26.300940440934784,Riesgo de Fuga
15954,0.13774874851931845,190.75,26.275573780059997,Riesgo de Fuga
14436,0.14380142081759853,182.64000000000001,26.2638914981262,Riesgo de Fuga
17881,0.19690956741036078,133.35000000000002,26.257890814171613,Riesgo de Fuga
18002,0.42687775116107946,61.0925,26.079029012808245,Dudoso (Incentivar)
16234,0.2347493810330083,111.06,26.071266257525902,Riesgo de Fuga
17117,0.22416510099201256,116.19999999999999,26.047984735271857,Riesgo de Fuga
13714,0.16139975099043533,161.35,26.041849822306737,Riesgo de Fuga
16267,0.13886619557814464,186.66,25.920764066616478,Riesgo de Fuga
14119,0.2820457778260728,91.685,25.859367139983487,Riesgo de Fuga
14674,0.14882547031930332,173.66,25.845031175650213,Riesgo de Fuga
12506,0.35044969444342416,73.5,25.758052541591677,Riesgo de Fuga
13080,0.3469245339205937,74.21666666666667,25.747582492473395,Riesgo de Fuga
15923,0.2018695857044251,127.08,25.653586951318342,Riesgo de Fuga
14954,0.15290483263234836,167.27,25.576391354412912,Riesgo de Fuga
15378,0.20751302937082555,123.25,25.57598086995425,Riesgo de Fuga
16289,0.18637697412693904,136.31,25.40504534324306,Riesgo de Fuga
17316,0.20399168504984186,124.45,25.38676520445282,Riesgo de Fuga
14617,0.2665403329041981,95.23500000000001,25.383968604131308,Riesgo de Fuga
14084,0.1684748575674739,150.5,25.355466063904824,Riesgo de Fuga
17780,0.2194795711489323,115.52,25.354280059124658,Riesgo de Fuga
16237,0.18473186935256483,136.65,25.243609947027984,Riesgo de Fuga
17778,0.1273164372220481,197.70000000000002,25.170459638798913,Riesgo de Fuga
12416,0.12406916175445604,202.56,25.131449404982614,Riesgo de Fuga
13556,0.25005990651429155,100.41,25.108515213100013,Riesgo de Fuga
15741,0.24054917146995464,104.31,25.09168407603097,Riesgo de Fuga
14983,0.13688089303177403,183.20000000000002,25.076579603421006,Riesgo de Fuga
13779,0.1555910710952476,161.13,25.070389285577246,Riesgo de Fuga
15761,0.17499691975678894,143.05,25.03330937120866,Riesgo de Fuga
13533,0.3445665614815111,72.47,24.970738710565108,Riesgo de Fuga
16396,0.18112756091710883,137.8,24.9593778943776,Riesgo de Fuga
12851,0.16688725061629772,148.95,24.857855979297543,Riesgo de Fuga
12848,0.11929696465250576,208.0,24.813768647721197,Riesgo de Fuga
17762,0.19107685421701448,129.75,24.792221834657628,Riesgo de Fuga
18046,0.13072713470264058,189.63,24.78978655366173,Riesgo de Fuga
17149,0.17315430461139106,143.10000000000002,24.778380989890064,Riesgo de Fuga
14876,0.19285931162531772,128.35,24.75349264710953,Riesgo de Fuga
16277,0.13086577310068104,188.69,24.693062726367504,Riesgo de Fuga
15161,0.20568605869209025,119.92,24.665872158355462,Riesgo de Fuga
18063,0.26369431806513083,93.30000000000001,24.60267987547671,Riesgo de Fuga
16731,0.14434745840351376,170.3,24.582372166118397,Riesgo de Fuga
17266,0.23965439402800345,102.57,24.581351195452314,Riesgo de Fuga
14879,0.13265666274100912,185.06,24.549442006851148,Riesgo de Fuga
13852,0.13095442453754666,187.35000000000002,24.53431143710937,Riesgo de Fuga
14822,0.15510578293996224,157.70000000000002,24.46018196963205,Riesgo de Fuga
16890,0.2568998529849341,95.13666666666667,24.44059568014335,Riesgo de Fuga
12864,0.16014685259193287,152.45,24.414387677640164,Riesgo de Fuga
16886,0.1820015711008547,134.0,24.388210527514527,Riesgo de Fuga
12959,0.1614296824412867,150.95,24.367810564512226,Riesgo de Fuga
16453,0.19355067218907995,125.855,24.35931984835666,Riesgo de Fuga
14892,0.12031358080314676,202.35000000000002,24.34545307551675,Riesgo de Fuga
16822,0.13414371248048543,181.39,24.33232800683525,Riesgo de Fuga
14516,0.16088307627819246,151.17,24.320694640974352,Riesgo de Fuga
15488,0.28523715734387584,85.15,24.287943947831028,Riesgo de Fuga
15775,0.3227514083674545,75.25,24.28704347965095,Riesgo de Fuga
16911,0.1901126310686327,127.625,24.263124540134246,Riesgo de Fuga
16507,0.16960589216091546,142.71,24.204456870284247,Riesgo de Fuga
15432,0.16156750092218847,149.57,24.165651112931727,Riesgo de Fuga
17587,0.1366951682584275,176.71,24.155403182946724,Riesgo de Fuga
13817,0.18712674902545248,128.7,24.08321259957573,Riesgo de Fuga
15209,0.13454434515850655,178.98000000000002,24.080746896469506,Riesgo de Fuga
16285,0.13591861742778327,176.9,24.04400342297486,Riesgo de Fuga
16665,0.1774813747824976,135.39999999999998,24.03097814555017,Riesgo de Fuga
12964,0.1814120506006514,132.24,23.989929571430142,Riesgo de Fuga
14677,0.12949131925806992,184.91,23.944239844009708,Riesgo de Fuga
16002,0.1413894724619686,169.21,23.924512635289705,Riesgo de Fuga
13757,0.1222069922929836,195.55,23.897577342892944,Riesgo de Fuga
13679,0.25461540647249975,93.75333333333333,23.871043074818427,Riesgo de Fuga
14941,0.1307415202809881,182.1,23.80803084316793,Riesgo de Fuga
17263,0.3751547515119942,63.440000000000005,23.79981743592091,Riesgo de Fuga
17922,0.13966330960242823,170.4,23.79862795625377,Riesgo de Fuga
17386,0.18821245776714196,126.35000000000001,23.78064403887839,Riesgo de Fuga
13619,0.21131023891760936,112.47,23.766062571063525,Riesgo de Fuga
13594,0.17408970435995524,136.35000000000002,23.7371311894799,Riesgo de Fuga
14069,0.21020181466083415,112.905,23.73283588428148,Riesgo de Fuga
13191,0.1440623217038004,164.69,23.725623761398886,Riesgo de Fuga
14814,0.1537613495967042,154.21,23.711537721307756,Riesgo de Fuga
15843,0.19931628009369615,118.95000000000002,23.70867151714516,Riesgo de Fuga
17953,0.14878127449288786,159.17000000000002,23.681515461032962,Riesgo de Fuga
13241,0.2098920526341407,112.53,23.619152682919854,Riesgo de Fuga
14955,0.1439182902869654,163.77,23.569498400296325,Riesgo de Fuga
14131,0.1397238168819809,168.22,23.504340475886828,Riesgo de Fuga
16778,0.25221109202516406,93.18,23.50102955490479,Riesgo de Fuga
13702,0.17382666794338525,135.18,23.497888972586818,Riesgo de Fuga
15041,0.21444572113748878,109.47,23.475373092920897,Riesgo de Fuga
13007,0.13375057593549672,175.25,23.4397884326958,Riesgo de Fuga
16405,0.2799414227790346,83.625,23.41010147989677,Riesgo de Fuga
14491,0.18386723731868082,127.2,23.3879125869362,Riesgo de Fuga
15577,0.41920007539586346,55.6,23.30752419201001,Dudoso (Incentivar)
14683,0.15883144728559925,146.56,23.278336914177427,Riesgo de Fuga
17170,0.25973438987376835,89.34,23.204670391322466,Riesgo de Fuga
16502,0.17935939618818686,129.275,23.186685942227857,Riesgo de Fuga
13841,0.2722610842356844,85.0,23.142192160033176,Riesgo de Fuga
15208,0.2786680464166732,82.9,23.10158104794221,Riesgo de Fuga
16691,0.25788881599287683,89.415,23.059128482003082,Riesgo de Fuga
17257,0.24268198607736316,94.89,23.02809365888099,Riesgo de Fuga
13917,0.35219616164975937,65.38,23.026585048661264,Riesgo de Fuga
13968,0.18609339434994623,123.66,23.01230914531435,Riesgo de Fuga
18021,0.2124450817944899,108.205,22.987620075572778,Riesgo de Fuga
15662,0.1619102622869084,141.865,22.969399359332265,Riesgo de Fuga
17971,0.14178942545898177,161.94,22.961379558827506,Riesgo de Fuga
14845,0.15297860939511973,150.0,22.94679140926796,Riesgo de Fuga
12934,0.12620017570680742,181.65,22.924261917141568,Riesgo de Fuga
14393,0.3364401800024401,67.95,22.861110231165803,Riesgo de Fuga
13676,0.18716420766056485,121.95,22.824675124205886,Riesgo de Fuga
16443,0.14065502254546697,162.24,22.81987085777656,Riesgo de Fuga
17403,0.19167600627399034,118.95,22.79986094629115,Riesgo de Fuga
17089,0.17738531774647542,128.45,22.785144064534766,Riesgo de Fuga
12894,0.14468131187223704,157.35,22.765604423096498,Riesgo de Fuga
15499,0.14341550498065336,158.65,22.752869865180656,Riesgo de Fuga
13076,0.16732039707772234,135.4,22.655181764323604,Riesgo de Fuga
13403,0.2930381898677382,77.25,22.637200167282778,Riesgo de Fuga
13399,0.24632370479144275,91.8,22.612516099854442,Riesgo de Fuga
15943,0.16647473645313005,135.64499999999998,22.581465626184823,Riesgo de Fuga
13825,0.17663085490489652,127.795,22.572540102571253,Riesgo de Fuga
16388,0.12127796035978977,186.05,22.56376452493889,Riesgo de Fuga
17417,0.1374262532888491,164.18,22.562642264963248,Riesgo de Fuga
13653,0.14792270587334416,152.2,22.51383583392298,Riesgo de Fuga
16973,0.17708878918972212,127.0,22.49027622709471,Riesgo de Fuga
17208,0.20112414602247064,111.15,22.354948830397614,Riesgo de Fuga
18166,0.12726573490330031,175.5,22.335136475529204,Riesgo de Fuga
16741,0.12900843530338277,173.06,22.326199813603424,Riesgo de Fuga
18256,0.2012247692738872,110.7,22.275581958619313,Riesgo de Fuga
16051,0.11818092690744342,188.44,22.27001386643864,Riesgo de Fuga
16090,0.12325135183022813,180.56,22.25426408646599,Riesgo de Fuga
15742,0.14162163157647986,156.87,22.216185345402398,Riesgo de Fuga
17275,0.19407513280805314,114.1,22.143972653398862,Riesgo de Fuga
15083,0.25062762305084674,88.2,22.105356353084684,Riesgo de Fuga
13003,0.3741220661294385,59.050000000000004,22.091908004943345,Riesgo de Fuga
17875,0.1320086112858819,167.1,22.058638945870864,Riesgo de Fuga
13830,0.14061506074086624,156.85000000000002,22.055472277204874,Riesgo de Fuga
12929,0.18704052244191127,117.85,22.042725569779243,Riesgo de Fuga
16436,0.2069348122111611,106.38,22.01372532302332,Riesgo de Fuga
13312,0.17620750850040356,124.75,21.981886685425344,Riesgo de Fuga
14473,0.2579848567893996,85.0,21.928712827098966,Riesgo de Fuga
15229,0.13643886910139738,160.5,21.89843849077428,Riesgo de Fuga
16127,0.15094884865382222,145.06,21.89663998572345,Riesgo de Fuga
15459,0.21579253568691764,101.41499999999999,21.88460000668875,Riesgo de Fuga
17657,0.17320353935427302,126.0,21.8236459586384,Riesgo de Fuga
13125,0.14666971721845162,148.62,21.79805337300628,Riesgo de Fuga
15873,0.27760630858588314,78.47999999999999,21.786543097820108,Riesgo de Fuga
15423,0.19483762744492483,111.695,21.76238879746088,Riesgo de Fuga
14444,0.180623890711838,120.44,21.754341397333768,Riesgo de Fuga
13912,0.17394100378500507,124.95,21.733928422936383,Riesgo de Fuga
15720,0.15419190928638438,140.49,21.662421335644144,Riesgo de Fuga
16158,0.3100848761063361,69.81333333333333,21.64805881723701,Riesgo de Fuga
18068,0.21261288695266475,101.69999999999999,21.622730603086,Riesgo de Fuga
15403,0.25307090778378816,85.44,21.62237836104686,Riesgo de Fuga
15397,0.22761192987861448,94.0,21.39552140858976,Riesgo de Fuga
17605,0.1326424696951394,160.75,21.32227700349366,Riesgo de Fuga
16544,0.2256859083248531,94.17500000000001,21.253970416493043,Riesgo de Fuga
17108,0.12105540512447158,174.95,21.1786431265263,Riesgo de Fuga
17575,0.12330863816099291,171.7,21.17209317224248,Riesgo de Fuga
14314,0.1924592442566387,109.80000000000001,21.132025019378933,Riesgo de Fuga
15431,0.13773548575677713,153.24,21.106585837368527,Riesgo de Fuga
17359,0.13428808421502042,156.6,21.029513988072196,Riesgo de Fuga
14457,0.1849746114567487,113.64,21.020514845944923,Riesgo de Fuga
15991,0.13942214193564567,150.55,20.99000346841146,Riesgo de Fuga
16663,0.12668284570731467,165.0,20.90266954170692,Riesgo de Fuga
17174,0.3483873209158487,59.9,20.868400522859336,Riesgo de Fuga
14806,0.18963809014386707,110.03999999999999,20.86777543943113,Riesgo de Fuga
14371,0.20756059108546182,100.5,20.859839404088913,Riesgo de Fuga
14668,0.18669769656913277,111.63,20.841063868012288,Riesgo de Fuga
13609,0.1243791927613127,167.35,20.81485790860568,Riesgo de Fuga
17592,0.1400774401385515,148.3,20.773484372547188,Riesgo de Fuga
16673,0.12134819460753572,171.13,20.76631654318759,Riesgo de Fuga
17586,0.12396439731089012,167.4,20.751640109843006,Riesgo de Fuga
16339,0.2205549389793545,94.05,20.74319201100829,Riesgo de Fuga
15926,0.15413835328387565,134.44,20.722360215484244,Riesgo de Fuga
18175,0.11723794225156534,176.1,20.645601630500654,Riesgo de Fuga
18038,0.1459136520830029,141.48,20.643863496703247,Riesgo de Fuga
16645,0.12835041063551703,160.39,20.586122361830576,Riesgo de Fuga
14980,0.13639047805554497,150.68,20.551317233409517,Riesgo de Fuga
16050,0.25206077718582004,81.4,20.517747262925752,Riesgo de Fuga
12663,0.1713732951124295,119.7,20.513383424957812,Riesgo de Fuga
16112,0.30056200453729964,68.07,20.459255648853986,Riesgo de Fuga
17280,0.1710478551632851,118.85999999999999,20.330748064708065,Riesgo de Fuga
15548,0.12855391696217325,158.09,20.32308873254997,Riesgo de Fuga
14773,0.1444727588421156,140.55,20.30564625525935,Riesgo de Fuga
14391,0.14960429855742166,135.6,20.286342884386375,Riesgo de Fuga
15086,0.18547549533733496,109.265,20.265979998033902,Riesgo de Fuga
16821,0.17848018362007684,113.35,20.23072881333571,Riesgo de Fuga
17818,0.16210795398111927,124.78,20.227830497764064,Riesgo de Fuga
14721,0.18530041756146445,109.07,20.210716543428926,Riesgo de Fuga
14760,0.2259670700940854,89.2,20.156262652392417,Riesgo de Fuga
14588,0.14887022102406045,135.39,20.15553922444754,Riesgo de Fuga
17260,0.16647647681283434,120.95,20.135329870512315,Riesgo de Fuga
15524,0.1325787846755265,151.4,20.072427999874712,Riesgo de Fuga
17301,0.15300810775999737,131.15,20.067013332723658,Riesgo de Fuga
13839,0.14286430379864395,139.95000000000002,19.993859316620224,Riesgo de Fuga
13391,0.33395555542414396,59.8,19.970542214363807,Riesgo de Fuga
13132,0.25690303916360685,77.3,19.858604927346807,Riesgo de Fuga
17484,0.18870638411598506,104.785,19.773598459593494,Riesgo de Fuga
17906,0.2711094556191376,72.9,19.76387931463513,Riesgo de Fuga
13747,0.2327208493465111,84.89999999999999,19.75800010951879,Riesgo de Fuga
15328,0.18365219299983632,107.24,19.694861177302446,Riesgo de Fuga
15496,0.1347448457269569,146.14000000000001,19.691611754537487,Riesgo de Fuga
17318,0.12509584211292543,157.32999999999998,19.681328839626556,Riesgo de Fuga
17786,0.1903912443538031,103.35,19.67693510396555,Riesgo de Fuga
14187,0.15872268762951897,123.5,19.602251922245593,Riesgo de Fuga
17583,0.14417794654866853,135.95,19.600991833291484,Riesgo de Fuga
17487,0.12200697453293148,160.55,19.58821976126215,Riesgo de Fuga
15534,0.12041793986381569,162.25,19.537810742904096,Riesgo de Fuga
15474,0.12962547049492695,150.35,19.489189488912267,Riesgo de Fuga
12954,0.11978722744064389,162.45,19.459435097732598,Riesgo de Fuga
16410,0.14884189380200816,130.32,19.397075600277702,Riesgo de Fuga
17199,0.1436092302689999,135.04000000000002,19.39299045552575,Riesgo de Fuga
14279,0.20214165831654696,95.93,19.39144928230635,Riesgo de Fuga
16578,0.12360748087853972,156.6,19.35693150557932,Riesgo de Fuga
15846,0.18087846202750982,107.01,19.355804221563826,Riesgo de Fuga
16925,0.1530686171273267,125.65,19.2330717420486,Riesgo de Fuga
12636,0.13633613304779016,141.0,19.22339475973841,Riesgo de Fuga
14448,0.18743846672641978,102.35000000000001,19.184327069449065,Riesgo de Fuga
17184,0.19303045356203188,99.20500000000001,19.149586145621374,Riesgo de Fuga
16288,0.14651719948792566,129.85,19.025258353507144,Riesgo de Fuga
16819,0.208250888741561,91.295,19.012264887660812,Riesgo de Fuga
16294,0.15071190251539818,126.05000000000001,18.997235312065943,Riesgo de Fuga
15848,0.1375722841042955,137.99,18.98359948355174,Riesgo de Fuga
16630,0.17767785526189936,106.80000000000001,18.975994941970853,Riesgo de Fuga
17541,0.15786650183339596,119.86,18.921878909750838,Riesgo de Fuga
15583,0.19587072866673078,95.96,18.795755122859482,Riesgo de Fuga
14366,0.13796562565615236,136.0,18.763325089236723,Riesgo de Fuga
12789,0.2067513312045818,90.75,18.7626833068158,Riesgo de Fuga
13490,0.12129619544231914,154.25,18.709938146977727,Riesgo de Fuga
16487,0.17854684418134337,104.7,18.69385458578665,Riesgo de Fuga
13413,0.26084588859668784,71.57333333333334,18.66960973316027,Riesgo de Fuga
14604,0.12973739249380323,143.85999999999999,18.66402128415853,Riesgo de Fuga
17383,0.1683905958846956,110.69999999999999,18.6408389644358,Riesgo de Fuga
14574,0.12955915744241145,143.70000000000002,18.61765092447453,Riesgo de Fuga
16251,0.14500706522358173,128.31,18.60585653883777,Riesgo de Fuga
13682,0.31270304335047416,59.5,18.605831079353212,Riesgo de Fuga
14207,0.11784824448339008,157.8,18.596452979478958,Riesgo de Fuga
15374,0.13331460716009338,139.32,18.573391069544208,Riesgo de Fuga
13586,0.14561279903156651,127.28,18.533597060737787,Riesgo de Fuga
13084,0.15065318699396335,122.39999999999999,18.439950088061114,Riesgo de Fuga
15479,0.12508965044065964,147.4,18.43821447495323,Riesgo de Fuga
17900,0.3284954962748549,56.099999999999994,18.42859734101936,Riesgo de Fuga
16486,0.13704542697974975,134.36,18.41342356899918,Riesgo de Fuga
18281,0.15286457815308177,120.32,18.392666043378796,Riesgo de Fuga
12773,0.14743857407509944,124.25,18.319242828831104,Riesgo de Fuga
15731,0.1460449985010612,125.3,18.299438312182968,Riesgo de Fuga
13580,0.16948786926852094,107.75,18.26231791368313,Riesgo de Fuga
13992,0.25529149355513636,71.35,18.215048065158978,Riesgo de Fuga
17339,0.3043213198031792,59.5,18.107118528289163,Riesgo de Fuga
14874,0.15528163964339212,116.18,18.040620893769297,Riesgo de Fuga
15395,0.16727309458358527,107.45,17.97349401300624,Riesgo de Fuga
17327,0.23415057177971307,76.175,17.836419805319643,Riesgo de Fuga
17565,0.135179677300086,131.83,17.82073685847034,Riesgo de Fuga
17959,0.1261673260168931,140.75,17.758051136877704,Riesgo de Fuga
14579,0.16808812749409113,105.56,17.74338273827626,Riesgo de Fuga
14033,0.16203834847992016,109.44,17.73347685764246,Riesgo de Fuga
16695,0.18411811515566381,95.95,17.666133149185942,Riesgo de Fuga
13144,0.26019305857328107,67.675,17.608565238946795,Riesgo de Fuga
16462,0.517019856624666,34.0,17.578675125238643,Dudoso (Incentivar)
17982,0.1269538395234149,138.18,17.542481545345474,Riesgo de Fuga
17177,0.146415470929064,119.5,17.49664877602315,Riesgo de Fuga
14171,0.1295002411085075,135.0,17.48253254964851,Riesgo de Fuga
17225,0.1330379407084136,131.15,17.447925923908443,Riesgo de Fuga
17056,0.13524145014566719,128.60000000000002,17.392050488732803,Riesgo de Fuga
15781,0.2086596388025979,83.35,17.391780894196536,Riesgo de Fuga
15285,0.18275260697722517,94.92,17.346877454278214,Riesgo de Fuga
14787,0.15633800544143656,110.65,17.298800302094957,Riesgo de Fuga
18000,0.13822467781389886,124.25,17.174416218376933,Riesgo de Fuga
17493,0.16986142198029225,100.91000000000001,17.140716092031294,Riesgo de Fuga
17240,0.13105020372577392,130.6,17.115156606586073,Riesgo de Fuga
15905,0.14918647341504285,114.69,17.110196635971263,Riesgo de Fuga
13217,0.1290182931007058,132.5,17.09492383584352,Riesgo de Fuga
14999,0.13188010561512836,129.48000000000002,17.075836075046823,Riesgo de Fuga
17185,0.2229487919701607,76.48666666666666,17.05260993515769,Riesgo de Fuga
15892,0.13285882467714785,128.2,17.032501323610354,Riesgo de Fuga
13119,0.1262237334206656,134.9,17.02758163844779,Riesgo de Fuga
16651,0.12491939582900546,136.2,17.014021711910544,Riesgo de Fuga
13829,0.16669817798614858,102.0,17.003214154587155,Riesgo de Fuga
15354,0.1787139172889628,94.8,16.942079358993674,Riesgo de Fuga
14287,0.40576966017909,41.64,16.89624864985731,Dudoso (Incentivar)
15409,0.12861537162581788,131.25,16.880767525888597,Riesgo de Fuga
14039,0.14649132058014652,115.08000000000001,16.858221172363265,Riesgo de Fuga
15317,0.12873261866507527,129.75,16.703057271793515,Riesgo de Fuga
15324,0.11901228695110362,140.22000000000003,16.687902876283754,Riesgo de Fuga
13794,0.1321924516200083,126.03,16.660214677669646,Riesgo de Fuga
15352,0.1496958467508252,111.15,16.63869336635422,Riesgo de Fuga
12401,0.19693038714576036,84.3,16.6012316363876,Riesgo de Fuga
18195,0.1637118265637704,101.16,16.561088375191012,Riesgo de Fuga
14509,0.14924293599257601,110.95,16.55850374837631,Riesgo de Fuga
17467,0.1613789455657457,102.6,16.557479815045507,Riesgo de Fuga
17808,0.2512236759178876,65.66,16.495346560768496,Riesgo de Fuga
14519,0.16169597310393966,101.57,16.42345998816715,Riesgo de Fuga
18042,0.14113173551969674,116.1,16.38539449383679,Riesgo de Fuga
17401,0.1424555641476596,114.85,16.361021542358706,Riesgo de Fuga
13071,0.12661311188124863,129.22,16.360946317294946,Riesgo de Fuga
15560,0.21087398129516624,76.76,16.18668680421696,Riesgo de Fuga
13185,0.22665407003897795,71.4,16.18310060078303,Riesgo de Fuga
13907,0.11816358490076986,136.8,16.164778414425317,Riesgo de Fuga
14486,0.18323781030281955,87.75,16.079117854072415,Riesgo de Fuga
17543,0.13391874594408368,120.05,16.076945450587246,Riesgo de Fuga
13083,0.17489547276890932,91.67999999999999,16.034416943453607,Riesgo de Fuga
14378,0.1215117590423398,131.25,15.948418374307098,Riesgo de Fuga
13620,0.14178735575666476,112.34,15.92839154570372,Riesgo de Fuga
17784,0.1407322390508547,112.86,15.88304049927946,Riesgo de Fuga
13053,0.1242438947069235,127.65,15.859733159338786,Riesgo de Fuga
14750,0.14104385086343268,112.03,15.801142612230365,Riesgo de Fuga
16547,0.1515007325244801,104.25999999999999,15.795466373002293,Riesgo de Fuga
16061,0.1758332358383642,89.65,15.76344959290935,Riesgo de Fuga
16068,0.13596524489787173,115.73,15.735257792030696,Riesgo de Fuga
17570,0.15727435465018622,100.0,15.72743546501862,Riesgo de Fuga
12686,0.17637818748237719,89.14,15.722351632179102,Riesgo de Fuga
15635,0.15622428777594327,100.35,15.677107278315907,Riesgo de Fuga
12969,0.12746059463021017,122.45,15.607549812469236,Riesgo de Fuga
17647,0.15594668622769858,99.3,15.48550594241047,Riesgo de Fuga
18124,0.1508181989979938,102.65,15.481488127144067,Riesgo de Fuga
15851,0.14090311254785065,109.73,15.461298539875653,Riesgo de Fuga
15056,0.13514018239029482,113.64999999999999,15.358681728657006,Riesgo de Fuga
16964,0.14733311164103677,103.925,15.311593627294746,Riesgo de Fuga
15753,0.1929097752211642,79.2,15.278454197516206,Riesgo de Fuga
14908,0.1467400037718259,104.10000000000001,15.275634392647076,Riesgo de Fuga
14707,0.21938665836361304,69.6,15.269311422107466,Riesgo de Fuga
12555,0.11803618385013519,129.23,15.25381603895297,Riesgo de Fuga
15702,0.21603198481175018,70.19500000000001,15.164365173860805,Riesgo de Fuga
16664,0.13768701710449335,109.2,15.035422267810674,Riesgo de Fuga
17304,0.13327327315213405,111.5,14.859969956462947,Riesgo de Fuga
14884,0.12057368593873816,120.6,14.54118652421182,Riesgo de Fuga
16397,0.11783549511196707,123.13,14.509084513136505,Riesgo de Fuga
17065,0.14889251770789458,97.35,14.494686598863536,Riesgo de Fuga
14374,0.13412569076606962,108.0,14.485574602735518,Riesgo de Fuga
14726,0.12421951927193915,116.5,14.471573995180911,Riesgo de Fuga
18012,0.12460529847813477,115.3,14.36699091452894,Riesgo de Fuga
15283,0.28994478966561976,49.443333333333335,14.33583688370046,Riesgo de Fuga
17775,0.2526299753008303,56.4,14.24833060696683,Riesgo de Fuga
17933,0.12282417045678817,114.69,14.086704109689036,Riesgo de Fuga
16896,0.13548591449810937,103.95,14.08376081207847,Riesgo de Fuga
18103,0.13260828328049706,105.8,14.029956371076588,Riesgo de Fuga
15131,0.17439109176372702,80.28,14.000116846792006,Riesgo de Fuga
15340,0.1323086304264986,105.5,13.958560509995602,Riesgo de Fuga
13967,0.1624292767093253,85.6,13.903946086318244,Riesgo de Fuga
17909,0.12618117041353333,110.05,13.886237804009342,Riesgo de Fuga
17224,0.13763811704079681,100.86,13.882180484734766,Riesgo de Fuga
15642,0.13114621889190056,105.78000000000002,13.872647034385244,Riesgo de Fuga
16291,0.1178133831651633,117.72,13.868991466203022,Riesgo de Fuga
15591,0.18789627331260755,72.63333333333334,13.64753265160573,Riesgo de Fuga
15486,0.13300509583087317,102.0,13.566519774749063,Riesgo de Fuga
12692,0.12102528496208538,110.95,13.427755366543373,Riesgo de Fuga
15686,0.14905810525508195,90.0,13.415229472957376,Riesgo de Fuga
16064,0.12251893357684882,109.31,13.392544629285345,Riesgo de Fuga
17752,0.16582418360994394,80.64,13.372062166305879,Riesgo de Fuga
13346,0.266878555948814,49.9,13.317239941845818,Riesgo de Fuga
14435,0.147225934792588,90.42,13.312169023945806,Riesgo de Fuga
13535,0.14848899203425464,89.5,13.28976478706579,Riesgo de Fuga
18123,0.14295058344126077,92.2,13.180043793284243,Riesgo de Fuga
18148,0.11666757292020438,112.85000000000001,13.165935604045066,Riesgo de Fuga
18137,0.18032030969782298,72.995,13.16248100639259,Riesgo de Fuga
17395,0.13443621015259635,97.5,13.107530489878144,Riesgo de Fuga
16301,0.1217979240717568,107.33,13.072571190621657,Riesgo de Fuga
14786,0.14340543607166117,90.96,13.044158465078299,Riesgo de Fuga
13051,0.16704752725603153,77.9,13.013002373244857,Riesgo de Fuga
14833,0.13725173795354206,94.8,13.011464757995787,Riesgo de Fuga
15170,0.15975483415807984,81.15,12.96410479192818,Riesgo de Fuga
12774,0.13121612641904795,98.7,12.951031677560033,Riesgo de Fuga
17901,0.1722975419970121,74.85,12.896471018476355,Riesgo de Fuga
13302,0.13458972920213924,95.45,12.846589652344191,Riesgo de Fuga
16659,0.32794329453452936,39.12,12.829141682190787,Riesgo de Fuga
15816,0.1769458341825531,72.07499999999999,12.753370998707513,Riesgo de Fuga
15927,0.11963023638246358,106.54,12.74540538418767,Riesgo de Fuga
17944,0.16952455634157784,74.99,12.712646480054921,Riesgo de Fuga
15875,0.11709903858527779,108.52,12.707587667274344,Riesgo de Fuga
17328,0.12114868760111404,104.7,12.68426759183664,Riesgo de Fuga
18032,0.17248214264829193,73.5,12.677437484649456,Riesgo de Fuga
16666,0.1282006585299011,98.73,12.657251016657135,Riesgo de Fuga
16349,0.23654623980164624,53.5,12.655223829388074,Riesgo de Fuga
17446,0.18536826327753692,68.10000000000001,12.623578729200265,Riesgo de Fuga
15924,0.1227500653216635,102.82,12.621161716373441,Riesgo de Fuga
14637,0.11750973241900789,106.67999999999999,12.535938254459762,Riesgo de Fuga
15684,0.21619877062099307,57.98333333333333,12.535925383173915,Riesgo de Fuga
16082,0.11718358650764879,106.75,12.509347859691509,Riesgo de Fuga
16944,0.1231205072965981,101.36,12.479494619583184,Riesgo de Fuga
13215,0.1523299767597107,81.6,12.430126103592391,Riesgo de Fuga
13666,0.4631760454064208,26.825,12.424697418027238,Dudoso (Incentivar)
16047,0.11578280045968628,107.14,12.404969241250788,Riesgo de Fuga
14943,0.11520049496681002,107.62,12.397877268328095,Riesgo de Fuga
17847,0.19098978988482357,64.845,12.384732925081384,Riesgo de Fuga
16840,0.17677161925037543,69.925,12.360755476082502,Riesgo de Fuga
15868,0.13060517111381317,94.53,12.346106825388759,Riesgo de Fuga
16196,0.13225115291235018,93.3,12.33903256672227,Riesgo de Fuga
13457,0.16537268084965734,74.11,12.255769377768106,Riesgo de Fuga
14090,0.1591503367064036,76.32000000000001,12.146353697432724,Riesgo de Fuga
16420,0.1613875009221754,75.0,12.104062569163156,Riesgo de Fuga
14373,0.157968307253138,76.55,12.092473920227715,Riesgo de Fuga
17008,0.14791749775182497,81.36,12.034567617088479,Riesgo de Fuga
14394,0.12818712607441837,93.8,12.023952425780443,Riesgo de Fuga
15305,0.1282451088950575,93.6,12.00374219257738,Riesgo de Fuga
18113,0.1561484699765363,76.32000000000001,11.917251228609253,Riesgo de Fuga
17741,0.2344738039129482,50.55,11.852650787799531,Riesgo de Fuga
16831,0.12882971529361198,91.8,11.82656786395358,Riesgo de Fuga
16694,0.12024597262728587,98.30000000000001,11.820179109262202,Riesgo de Fuga
17249,0.1719271229806852,68.03,11.696202176376014,Riesgo de Fuga
13222,0.13089961642198716,88.5,11.584616053345863,Riesgo de Fuga
14559,0.15263803570139628,75.6,11.539435499025558,Riesgo de Fuga
13793,0.11888034392709035,96.0,11.412513017000673,Riesgo de Fuga
16564,0.1293398629515773,87.8,11.356039967148485,Riesgo de Fuga
14717,0.13884965636097127,81.3,11.288477062146963,Riesgo de Fuga
14865,0.4357913766221496,25.840000000000003,11.260849171916348,Dudoso (Incentivar)
13105,0.15639364775729617,72.0,11.260342638525325,Riesgo de Fuga
15414,0.30985977448354973,36.2,11.2169238363045,Riesgo de Fuga
15779,0.18010761904494285,62.040000000000006,11.173876685548256,Riesgo de Fuga
13915,0.1564296148549922,70.80000000000001,11.07521673173345,Riesgo de Fuga
17336,0.1360738660461067,81.12,11.038312013660175,Riesgo de Fuga
17794,0.14987183875884572,73.65,11.038060924588988,Riesgo de Fuga
17763,0.5121430057263515,21.5375,11.030279985831296,Dudoso (Incentivar)
17532,0.16812744515886083,65.34,10.985447266679968,Riesgo de Fuga
15082,0.11539792008885637,93.35000000000001,10.772395840294744,Riesgo de Fuga
16238,0.16866398554719467,63.66,10.737149319934412,Riesgo de Fuga
12992,0.11494196855232727,93.35000000000001,10.729832764359752,Riesgo de Fuga
13392,0.11704805725120718,91.14,10.667759937875022,Riesgo de Fuga
15178,0.2616512024442298,40.5,10.596873698991306,Riesgo de Fuga
14007,0.13264674536765608,79.48,10.542763321821306,Riesgo de Fuga
17192,0.1400464370932786,75.28,10.542695784382014,Riesgo de Fuga
17606,0.12054096726424264,87.30000000000001,10.523226442168385,Riesgo de Fuga
13180,0.12221897624410319,86.10000000000001,10.523053854617286,Riesgo de Fuga
15833,0.13038595059957314,80.4,10.483030428205682,Riesgo de Fuga
14906,0.15244620639921685,68.44,10.433418365962401,Riesgo de Fuga
14347,0.12568737318218148,82.6,10.38177702484819,Riesgo de Fuga
13172,0.14799565954632327,69.6,10.300497904424098,Riesgo de Fuga
16165,0.1269742790623092,79.9,10.145244897078506,Riesgo de Fuga
16028,0.12339935156387134,82.2,10.143426698550225,Riesgo de Fuga
13739,0.1331414832061556,75.3,10.025553685423516,Riesgo de Fuga
17468,0.17217295646551853,57.8,9.951596883706971,Riesgo de Fuga
16162,0.26533968028928706,37.4,9.923704042819336,Riesgo de Fuga
13818,0.1603049435310035,61.28,9.823486939579894,Riesgo de Fuga
15899,0.17445920725642228,56.25,9.813330408173753,Riesgo de Fuga
13469,0.11878990973806824,82.4,9.788288562416824,Riesgo de Fuga
13303,0.15777475831233295,61.72,9.737858083037189,Riesgo de Fuga
15256,0.13437074237416174,71.95,9.667974913820938,Riesgo de Fuga
13022,0.1470728166393796,65.3,9.603854926551488,Riesgo de Fuga
13380,0.1529561538977541,62.4,9.544464003219856,Riesgo de Fuga
17816,0.470427507039698,20.215,9.509692054807495,Dudoso (Incentivar)
16058,0.14814307817782849,62.7,9.288571001749846,Riesgo de Fuga
14751,0.14667450765982593,63.225,9.273495746792495,Riesgo de Fuga
14464,0.1664723422592024,55.5,9.239214995385733,Riesgo de Fuga
14190,0.11479422579221266,79.9,9.172058640797792,Riesgo de Fuga
16375,0.17624575330545236,52.0,9.164779171883524,Riesgo de Fuga
13120,0.29540429909270943,30.599999999999998,9.039371552236908,Riesgo de Fuga
13219,0.11808996448867519,76.23,9.00199799297171,Riesgo de Fuga
15470,0.14161387554695973,63.419999999999995,8.981151987188186,Riesgo de Fuga
16867,0.11625829435609081,76.74000000000001,8.921661508886409,Riesgo de Fuga
12570,0.11496517252996372,77.52,8.912100174522786,Riesgo de Fuga
16459,0.12131389335523605,71.78999999999999,8.709124403972396,Riesgo de Fuga
14613,0.11396091597094818,76.32000000000001,8.697497106902766,Riesgo de Fuga
17216,0.13662324885082633,63.6,8.689238626912555,Riesgo de Fuga
15233,0.14234044065099968,59.400000000000006,8.455022174669383,Riesgo de Fuga
15685,0.1503706726860434,55.980000000000004,8.41775025696471,Riesgo de Fuga
12568,0.1199730655041125,70.0,8.398114585287875,Riesgo de Fuga
15094,0.19913157941303133,41.5,8.263960545640801,Riesgo de Fuga
12861,0.12053088783299737,68.25,8.22623309460207,Riesgo de Fuga
16970,0.11481950022591166,71.4,8.198112316130093,Riesgo de Fuga
13011,0.16049740989466252,50.550000000000004,8.11314407017519,Riesgo de Fuga
13306,0.15109073829056174,53.65,8.106018109288637,Riesgo de Fuga
13254,0.15586411475930434,51.410000000000004,8.012974139775837,Riesgo de Fuga
14650,0.12774163656597856,62.5,7.98385228537366,Riesgo de Fuga
14384,0.13564342304505428,58.5,7.935140248135675,Riesgo de Fuga
18037,0.6957131091010759,11.301428571428572,7.862552008712302,Dudoso (Incentivar)
17599,0.14878092514236949,52.05,7.744047153660332,Riesgo de Fuga
16786,0.1490199882351801,51.839999999999996,7.725196190111736,Riesgo de Fuga
15564,0.2132564538492832,35.370000000000005,7.5428807726491485,Riesgo de Fuga
16605,0.1224796976715452,60.48,7.4075721151750535,Riesgo de Fuga
18174,0.12604844531668752,58.5,7.37383405102622,Riesgo de Fuga
12404,0.1146987709191832,63.24,7.253550272929146,Riesgo de Fuga
17494,0.13105895868638698,54.699999999999996,7.168925040145367,Riesgo de Fuga
15375,0.11625315243182208,60.959999999999994,7.086792172243873,Riesgo de Fuga
15371,0.1179035322647409,59.400000000000006,7.003469816525611,Riesgo de Fuga
15250,0.1146465162188458,60.0,6.878790973130748,Riesgo de Fuga
14589,0.16601327630988122,39.75,6.5990277333177785,Riesgo de Fuga
12776,0.11815131823137108,55.5,6.557398161841095,Riesgo de Fuga
12466,0.1148259645281402,56.73,6.514076967681393,Riesgo de Fuga
17102,0.25202935596580767,25.5,6.426748577128095,Riesgo de Fuga
15940,0.1790024297220525,35.8,6.408286984049479,Riesgo de Fuga
12860,0.11780080320453815,54.22,6.387159549750058,Riesgo de Fuga
14495,0.12513298246210228,51.0,6.381782105567216,Riesgo de Fuga
13906,0.15031266176527888,42.0,6.313131794141713,Riesgo de Fuga
17960,0.20585298767300664,30.650000000000002,6.309394072177654,Riesgo de Fuga
14743,0.12063272846079683,50.48,6.089540132701023,Riesgo de Fuga
14380,0.12352882529206348,48.96,6.047971286299428,Riesgo de Fuga
14266,0.1455688100947702,40.56,5.90427093744388,Riesgo de Fuga
13438,0.12534612578645885,46.5,5.8285948490703365,Riesgo de Fuga
13913,0.1320289149009629,42.22,5.574260787118654,Riesgo de Fuga
14086,0.13877636291468773,39.95,5.544115698441775,Riesgo de Fuga
16530,0.11346693573481745,48.349999999999994,5.486126342778423,Riesgo de Fuga
15698,0.11760153969272062,46.2,5.433191133803693,Riesgo de Fuga
14576,0.1528186262654434,35.400000000000006,5.409779369796698,Riesgo de Fuga
15603,0.13515349189777898,40.0,5.4061396759111595,Riesgo de Fuga
17330,0.17968593909523292,29.950000000000003,5.381593875902227,Riesgo de Fuga
15672,0.1156885718514123,45.300000000000004,5.240692304868978,Riesgo de Fuga
16219,0.12825304473787003,40.8,5.2327242253050965,Riesgo de Fuga
17533,0.14597354018086506,34.8,5.079879198294104,Riesgo de Fuga
15359,0.2219766799137604,22.66875,5.031933862795056,Riesgo de Fuga
15871,0.15014150162127385,33.099999999999994,4.969683703664163,Riesgo de Fuga
14993,0.13472618302746125,36.13,4.867656992782176,Riesgo de Fuga
12925,0.13636676339303164,35.28,4.811019412506156,Riesgo de Fuga
15455,0.12439863662801756,38.25,4.758247851021672,Riesgo de Fuga
16417,0.13257572288203162,35.7,4.732953306888529,Riesgo de Fuga
15206,0.26423390943584046,17.700000000000003,4.676940197014377,Riesgo de Fuga
14972,0.15180695924704418,30.300000000000004,4.599750865185439,Riesgo de Fuga
17557,0.13470184426201848,34.0,4.579862704908628,Riesgo de Fuga
15693,0.11909111099113139,37.5,4.465916662167427,Riesgo de Fuga
16941,0.12774098519449764,33.0,4.215452511418422,Riesgo de Fuga
17352,0.11622974658080065,36.25,4.213328313554023,Riesgo de Fuga
17129,0.13227564331754202,31.85,4.212979239663714,Riesgo de Fuga
14144,0.1289939279192059,30.599999999999998,3.9472141943277,Riesgo de Fuga
17246,0.1977778821310892,19.46,3.848757586270996,Riesgo de Fuga
16548,0.12625899360148235,30.15,3.806708657084693,Riesgo de Fuga
14977,0.11788292887545507,31.929999999999996,3.76400191899328,Riesgo de Fuga
15575,0.12208996000027265,30.1,3.674907796008207,Riesgo de Fuga
17916,0.15626039545920753,21.935,3.427571774397717,Riesgo de Fuga
17956,0.26796672084991924,12.75,3.41657569083647,Riesgo de Fuga
17319,0.11730394700977136,29.1,3.4135448579843466,Riesgo de Fuga
12496,0.14872443377135927,22.67,3.371582913596715,Riesgo de Fuga
13112,0.1556208194207862,20.6,3.205788880068196,Riesgo de Fuga
15284,0.12583942712793808,24.75,3.1145258214164673,Riesgo de Fuga
16537,0.11840088441359002,23.35,2.7646606510573273,Riesgo de Fuga
14610,0.22474012931569476,12.175,2.7362110744185837,Riesgo de Fuga
15999,0.12750591408326417,20.4,2.601120647298589,Riesgo de Fuga
12606,0.11841171396947585,21.0,2.4866459933589926,Riesgo de Fuga
13163,0.13723310589329313,17.65,2.4221643190166233,Riesgo de Fuga
16454,0.1982208344982854,12.025,2.383605534841882,Riesgo de Fuga
14580,0.12848486093145622,14.850000000000001,1.908000184832125,Riesgo de Fuga
12846,0.11910849170799771,15.58,1.8557103008106044,Riesgo de Fuga
17378,0.16928454166682722,10.95,1.853665731251758,Riesgo de Fuga
14900,0.12769282564577064,13.919999999999998,1.777484132989127,Riesgo de Fuga
17040,0.12860293341500603,13.52,1.7387116597708816,Riesgo de Fuga
16446,0.43829245138412354,2.9,1.2710481090139583,Dudoso (Incentivar)
18115,0.1235592359498652,9.700000000000001,1.1985245887136926,Riesgo de Fuga
15040,0.13050720499077045,7.49,0.9774989653808708,Riesgo de Fuga
15913,0.1288951104754729,6.300000000000001,0.8120391959954792,Riesgo de Fuga
16738,0.19686573317250283,3.75,0.7382464993968856,Riesgo de Fuga
13788,0.13105608190855658,3.75,0.49146030715708716,Riesgo de Fuga
14095,0.12048523261853958,2.95,0.35543143622469175,Riesgo de Fuga
